pa_deg,fl_px,mt_px,status,image_id,apo_cov,fasc_cov,orig_h,orig_w
16.330304866200617,1237.6619262603713,348.0,mt_ok+pa_ok,IMG_00001.tif,0.040634375,0.010852083333333333,800,1200
8.775609014748941,1927.0332068625069,294.0,mt_ok+pa_ok,IMG_00002.tif,0.04620833333333333,0.006848958333333334,800,1200
13.458093677072641,1413.624288941664,329.0,mt_ok+pa_ok,IMG_00003.tif,0.04482916666666667,0.011502083333333333,800,1200
11.106304901137944,1972.6840563150643,380.0,mt_ok+pa_ok,IMG_00004.tif,0.04359166666666667,0.009585416666666667,800,1200
20.13082142520033,865.8617021935195,298.0,mt_ok+pa_ok,IMG_00005.tif,0.029607291666666667,0.008919791666666666,800,1200
21.06004301491211,996.2512661891724,358.0,mt_ok+pa_ok,IMG_00006.tif,0.027108333333333335,0.006347916666666667,800,1200
20.431472459774806,1151.5726180574131,402.0,mt_ok+pa_ok,IMG_00007.tif,0.042090625,0.010279166666666667,800,1200
20.2725815699311,1186.1889758366042,411.0,mt_ok+pa_ok,IMG_00008.tif,0.03632916666666667,0.007655208333333333,800,1200
7.778426067501532,2268.302329395845,307.0,mt_ok+pa_ok,IMG_00009.tif,0.04986770833333334,0.013569791666666668,800,1200
14.261044423018808,1262.4770131150726,311.0,mt_ok+pa_ok,IMG_00010.tif,0.04706354166666667,0.011166666666666667,800,1200
13.456045380609439,1272.0222127760333,296.0,mt_ok+pa_ok,IMG_00011.tif,0.059690625,0.013719791666666667,800,1200
13.00504927855843,1421.9825623648314,320.0,mt_ok+pa_ok,IMG_00012.tif,0.04863541666666667,0.017921875,800,1200
9.636532271623985,1272.4136550014537,213.0,mt_ok+pa_ok,IMG_00013.tif,0.024123958333333334,0.007153125,800,1200
11.578852604507777,1524.5318519641014,306.0,mt_ok+pa_ok,IMG_00014.tif,0.036175,0.004070833333333333,800,1200
11.673406298384158,1359.1403975653993,275.0,mt_ok+pa_ok,IMG_00015.tif,0.03498333333333333,0.005092708333333334,800,1200
17.492720062999165,1387.2919188709536,417.0,mt_ok+pa_ok,IMG_00016.tif,0.051604166666666666,0.015238541666666666,800,1200
15.795371949228617,1337.2347118843327,364.0,mt_ok+pa_ok,IMG_00017.tif,0.05664375,0.010984375,800,1200
14.569549434918601,997.7896716029036,251.0,mt_ok+pa_ok,IMG_00018.tif,0.03250416666666667,0.006773958333333333,800,1200
14.351054442027635,1036.861543121399,257.0,mt_ok+pa_ok,IMG_00019.tif,0.029329166666666667,0.005429166666666666,800,1200
9.670866184446716,1809.6407218557401,304.0,mt_ok+pa_ok,IMG_00020.tif,0.052967708333333335,0.015319791666666667,800,1200
9.741878261097497,1690.1994584419717,286.0,mt_ok+pa_ok,IMG_00021.tif,0.05028333333333333,0.012182291666666666,800,1200
18.744266063158708,914.9025527437409,294.0,mt_ok+pa_ok,IMG_00022.tif,0.03780625,0.005247916666666666,800,1200
15.98137340729623,1056.929493060736,291.0,mt_ok+pa_ok,IMG_00023.tif,0.04102708333333333,0.009241666666666667,800,1200
16.761601182240938,1470.2254205016459,424.0,mt_ok+pa_ok,IMG_00024.tif,0.04256875,0.015653125,800,1200
10.574514066163722,2119.7164687924474,389.0,mt_ok+pa_ok,IMG_00025.tif,0.05248958333333333,0.005307291666666667,800,1200
16.206710167576343,1472.5663656155195,411.0,mt_ok+pa_ok,IMG_00026.tif,0.06460520833333333,0.015141666666666666,800,1200
14.538052411111241,1410.2240931240328,354.0,mt_ok+pa_ok,IMG_00027.tif,0.053434375,0.010208333333333333,800,1200
13.201732811801762,1558.7965294815262,356.0,mt_ok+pa_ok,IMG_00028.tif,0.05336458333333333,0.018940625,800,1200
13.456685683940226,1568.4676467051788,365.0,mt_ok+pa_ok,IMG_00029.tif,0.04737291666666667,0.015101041666666667,800,1200
7.846726539939957,2072.8878076488654,283.0,mt_ok+pa_ok,IMG_00030.tif,0.05437395833333333,0.00689375,800,1200
11.225704662589203,1422.8812351793872,277.0,mt_ok+pa_ok,IMG_00031.tif,0.049945833333333335,0.00848125,800,1200
14.627270424773025,1682.9622337825078,425.0,mt_ok+pa_ok,IMG_00032.tif,0.03659166666666667,0.018842708333333333,800,1200
11.12809190923624,1880.7893772944653,363.0,mt_ok+pa_ok,IMG_00033.tif,0.04705,0.01283125,800,1200
14.852942637329704,1513.61463519673,388.0,mt_ok+pa_ok,IMG_00034.tif,0.033535416666666665,0.010333333333333333,800,1200
9.289757870254876,1846.019553215778,298.0,mt_ok+pa_ok,IMG_00035.tif,0.05313020833333333,0.01468125,800,1200
6.506519902070676,4050.573919502076,459.0,mt_ok+pa_ok,IMG_00036.tif,0.08361727770911448,0.012124708150510442,853,1069
13.197190572850461,1178.2528774468954,269.0,mt_ok+pa_ok,IMG_00037.tif,0.06058112996270294,0.005741864266093907,853,959
4.790725023319267,2083.3949200153725,174.0,mt_ok+pa_ok,IMG_00038.tif,0.05813082533774484,0.008958641541382036,853,1069
3.87278027135336,4397.243790655458,297.0,mt_ok+pa_ok,IMG_00039.tif,0.06131443855780018,0.01380808613631304,853,1069
16.354840457855058,1594.5380598484237,449.0,mt_ok+pa_ok,IMG_00040.tif,0.05938921377517869,0.004519063489069148,513,465
8.018061180622357,1347.8030665917634,188.0,mt_ok+pa_ok,IMG_00041.tif,0.060686785655389375,0.005310939435839539,513,461
19.54913499108404,519.9988650039497,174.0,mt_ok+pa_ok,IMG_00042.tif,0.050105006720430105,0.0188466061827957,512,465
1.080880802815896,9223.522579952281,174.0,mt_ok+pa_ok,IMG_00043.tif,0.0705290945145441,0.017619643060134138,513,463
16.672909104302096,543.7271565779276,156.0,mt_ok+pa_ok,IMG_00044.tif,0.037234489480405995,0.02438747731397459,513,464
12.607306679831185,930.0463399847101,203.0,mt_ok+pa_ok,IMG_00045.tif,0.05449705506298602,0.009008782410027458,513,465
18.53877449445468,657.3415281052107,209.0,mt_ok+pa_ok,IMG_00046.tif,0.05926159274193549,0.011050907258064516,512,465
7.260676665299039,2405.3521601380794,304.0,mt_ok+pa_ok,IMG_00047.tif,0.08266866405587718,0.007154630605456777,853,1069
11.53940407640627,1029.7795669935072,206.0,mt_ok+pa_ok,IMG_00048.tif,0.06591287469986364,0.009830250399484644,513,466
1.0,9912.105159623276,173.0,mt_ok+pa_ok,IMG_00049.tif,0.07559847651550627,0.009990601596522262,853,1069
19.177473892738842,1071.5492448147565,352.0,mt_ok+pa_ok,IMG_00050.tif,0.06816419679840151,0.011722232762373925,853,1069
9.999458195112167,2401.522253538361,417.0,mt_ok+pa_ok,IMG_00051.tif,0.0757969725516172,0.009508069796031615,853,1069
10.349997528331677,701.3180643533228,126.0,mt_ok+pa_ok,IMG_00052.tif,0.0748944187520631,0.010921668638832625,853,1069
5.89812278664674,1128.8335081378564,116.0,mt_ok+pa_ok,IMG_00053.tif,0.06033511833544075,0.008441016519037524,853,1069
13.701481146757448,1481.8613746745764,351.0,mt_ok+pa_ok,IMG_00054.tif,0.08978381478674836,0.004331819572586491,853,1069
5.41297393556469,1335.6690742795652,126.0,mt_ok+pa_ok,IMG_00055.tif,0.07151011616953097,0.012235471131986704,853,1069
9.354004291599692,2251.8238938415243,366.0,mt_ok+pa_ok,IMG_00056.tif,0.04406912221410303,0.008146465107782244,644,1088
9.254800833083229,2275.747671991005,366.0,mt_ok+pa_ok,IMG_00057.tif,0.043944955699671176,0.008167873127511875,644,1088
9.266200037385829,2272.972488590015,366.0,mt_ok+pa_ok,IMG_00058.tif,0.04405199579831933,0.008062260230179029,644,1088
9.061067722024692,2323.985311067843,366.0,mt_ok+pa_ok,IMG_00059.tif,0.04413334627329193,0.008223533978808914,644,1088
9.224702314601245,2283.108390874228,366.0,mt_ok+pa_ok,IMG_00060.tif,0.04440879612714651,0.008370535714285714,644,1088
9.00542425949321,2274.339376758283,356.0,mt_ok+pa_ok,IMG_00061.tif,0.0403541171903544,0.004656957891852393,644,1088
8.98670105022178,2279.038742978672,356.0,mt_ok+pa_ok,IMG_00062.tif,0.040615295031055904,0.004745444373401534,644,1088
8.99112231516066,2277.9272705286444,356.0,mt_ok+pa_ok,IMG_00063.tif,0.040713771921812206,0.004709764340518816,644,1088
8.929391446341715,2293.5459593363616,356.0,mt_ok+pa_ok,IMG_00064.tif,0.0409749497625137,0.004916708531238582,644,1088
9.09864137823114,2263.8790979394876,358.0,mt_ok+pa_ok,IMG_00065.tif,0.04183697935696017,0.004802532426013884,644,1088
9.812452106458476,1871.7949095577162,319.0,mt_ok+pa_ok,IMG_00066.tif,0.05903958333333333,0.009933333333333334,800,1200
9.627801887485193,1907.3452761436758,319.0,mt_ok+pa_ok,IMG_00067.tif,0.05828333333333333,0.0097375,800,1200
9.430969056767156,1940.6787898434716,318.0,mt_ok+pa_ok,IMG_00068.tif,0.05774375,0.009811458333333333,800,1200
10.256766471859367,1791.5233312423368,319.0,mt_ok+pa_ok,IMG_00069.tif,0.058472916666666666,0.01000625,800,1200
10.120627617645923,1815.3658499773426,319.0,mt_ok+pa_ok,IMG_00070.tif,0.05901041666666667,0.010307291666666666,800,1200
12.481192618241167,1448.268592669404,313.0,mt_ok+pa_ok,IMG_00071.tif,0.07252291666666667,0.00820625,800,1200
12.345076988196785,1468.6622811564416,314.0,mt_ok+pa_ok,IMG_00072.tif,0.07300729166666667,0.008152083333333334,800,1200
12.35161975257901,1481.9208883999838,317.0,mt_ok+pa_ok,IMG_00073.tif,0.07300729166666667,0.0077875,800,1200
12.36501420095318,2180.817163228415,467.0,mt_ok+pa_ok,IMG_00074.tif,0.07375520833333334,0.007717708333333333,800,1200
12.58061072933749,2148.6224929290574,468.0,mt_ok+pa_ok,IMG_00075.tif,0.07399270833333334,0.007771875,800,1200
9.653616090754884,1759.1739070351537,295.0,mt_ok+pa_ok,IMG_00076.tif,0.035508333333333336,0.011310416666666667,800,1200
9.691096448261643,1776.1967937509721,299.0,mt_ok+pa_ok,IMG_00077.tif,0.03505833333333333,0.011619791666666667,800,1200
9.657024939950388,1764.520041624531,296.0,mt_ok+pa_ok,IMG_00078.tif,0.0347,0.011844791666666667,800,1200
9.644688506057754,1754.818073127315,294.0,mt_ok+pa_ok,IMG_00079.tif,0.034978125,0.011767708333333333,800,1200
9.487000129643494,1777.6448663890526,293.0,mt_ok+pa_ok,IMG_00080.tif,0.03505625,0.012114583333333333,800,1200
7.762840032116231,2176.584996911737,294.0,mt_ok+pa_ok,IMG_00081.tif,0.04918229166666667,0.0151375,800,1200
7.44407759518923,2269.2285246681754,294.0,mt_ok+pa_ok,IMG_00082.tif,0.049509375,0.01516875,800,1200
8.036400085412417,2088.650458886423,292.0,mt_ok+pa_ok,IMG_00083.tif,0.048611458333333336,0.0152875,800,1200
8.780917309638541,1919.3267954278385,293.0,mt_ok+pa_ok,IMG_00084.tif,0.048722916666666664,0.015361458333333333,800,1200
8.684283634776246,1940.5172724678082,293.0,mt_ok+pa_ok,IMG_00085.tif,0.04886666666666667,0.015288541666666667,800,1200
9.431905948162878,2422.5586229069454,397.0,mt_ok+pa_ok,IMG_00086.tif,0.042380208333333336,0.007598958333333333,800,1200
9.911286439656875,2300.664966398931,396.0,mt_ok+pa_ok,IMG_00087.tif,0.042184375,0.00786875,800,1200
10.374618949163775,2198.9686567540953,396.0,mt_ok+pa_ok,IMG_00088.tif,0.0418375,0.007504166666666667,800,1200
10.103849915055836,2257.2607086286557,396.0,mt_ok+pa_ok,IMG_00089.tif,0.04181041666666667,0.007320833333333334,800,1200
10.608827395703393,2150.9606491151294,396.0,mt_ok+pa_ok,IMG_00090.tif,0.04130625,0.007389583333333333,800,1200
12.453860994759738,1873.3681533089919,404.0,mt_ok+pa_ok,IMG_00091.tif,0.046390625,0.016009375,800,1200
11.580784452385926,2012.449438503157,404.0,mt_ok+pa_ok,IMG_00092.tif,0.04676770833333333,0.016115625,800,1200
12.46509514742961,1871.7064759889029,404.0,mt_ok+pa_ok,IMG_00093.tif,0.046503125,0.015711458333333334,800,1200
12.288478005940721,1893.48644205377,403.0,mt_ok+pa_ok,IMG_00094.tif,0.046411458333333336,0.015734375,800,1200
11.368929048657458,2049.443122838538,404.0,mt_ok+pa_ok,IMG_00095.tif,0.04660104166666667,0.01554375,800,1200
18.769137735534134,1146.829131518686,369.0,mt_ok+pa_ok,IMG_00096.tif,0.044357291666666666,0.0064125,800,1200
18.701033717892415,1150.8553697364066,369.0,mt_ok+pa_ok,IMG_00097.tif,0.04448333333333333,0.0065625,800,1200
19.077138388252752,1125.9268793370036,368.0,mt_ok+pa_ok,IMG_00098.tif,0.04482708333333333,0.00655625,800,1200
19.397316107288383,1108.040085802502,368.0,mt_ok+pa_ok,IMG_00099.tif,0.04443958333333333,0.006671875,800,1200
18.889051744658868,1136.722964378717,368.0,mt_ok+pa_ok,IMG_00100.tif,0.04448645833333333,0.0064625,800,1200
12.640244471817674,1937.5800362464886,424.0,mt_ok+pa_ok,IMG_00101.tif,0.04632395833333333,0.005695833333333333,800,1200
12.530256619364636,1954.3120215150338,424.0,mt_ok+pa_ok,IMG_00102.tif,0.046180208333333334,0.00591875,800,1200
12.476136298847882,1962.6543197913686,424.0,mt_ok+pa_ok,IMG_00103.tif,0.04632708333333333,0.00593125,800,1200
12.444168349546562,1967.6163440446603,424.0,mt_ok+pa_ok,IMG_00104.tif,0.04631875,0.005922916666666667,800,1200
12.405079204154301,1973.718750754276,424.0,mt_ok+pa_ok,IMG_00105.tif,0.04659375,0.006071875,800,1200
13.541036772055538,1597.3162264945872,374.0,mt_ok+pa_ok,IMG_00106.tif,0.050424449671172815,0.007979482553891122,644,1088
13.420803728120182,1611.3598500871688,374.0,mt_ok+pa_ok,IMG_00107.tif,0.05040304165144319,0.008016589788089149,644,1088
13.269564897472472,1629.3899481623105,374.0,mt_ok+pa_ok,IMG_00108.tif,0.05022321428571429,0.008035143405188162,644,1088
13.353583213178904,1619.3227164890209,374.0,mt_ok+pa_ok,IMG_00109.tif,0.05031027356594812,0.007875296857873585,644,1088
13.624773495736752,1587.6833354513526,374.0,mt_ok+pa_ok,IMG_00110.tif,0.05006051333576909,0.007969492144683961,644,1088
14.247824762943665,1292.0658028341236,318.0,mt_ok+pa_ok,IMG_00111.tif,0.04926270780051151,0.006273976982097187,644,1088
13.286668067488483,1379.314631470572,317.0,mt_ok+pa_ok,IMG_00112.tif,0.04967659618195104,0.006188344903178663,644,1088
13.087395871983095,1399.9414383218102,317.0,mt_ok+pa_ok,IMG_00113.tif,0.05049866413956887,0.005798718944099379,644,1088
13.193563513458686,1388.8736828536246,317.0,mt_ok+pa_ok,IMG_00114.tif,0.05032026397515528,0.005818699762513701,644,1088
13.388742257878452,1368.9888658388247,317.0,mt_ok+pa_ok,IMG_00115.tif,0.05010475657654366,0.005904331841432225,644,1088
15.388431215948524,983.5604157695865,261.0,mt_ok+pa_ok,IMG_00116.tif,0.05478740409207161,0.00638244428206065,644,1088
15.529523039056821,974.8413448978757,261.0,mt_ok+pa_ok,IMG_00117.tif,0.05499006667884545,0.006400997899159664,644,1088
16.044215814030988,947.9698758836713,262.0,mt_ok+pa_ok,IMG_00118.tif,0.05668415464011692,0.005888632626963829,644,1088
15.988351758682985,947.5647252933013,261.0,mt_ok+pa_ok,IMG_00119.tif,0.05647578324808184,0.006068459992692729,644,1088
17.145889107287886,878.5416484074751,259.0,mt_ok+pa_ok,IMG_00120.tif,0.05441918615272196,0.006446668341249543,644,1088
11.569242813045342,1735.2017999099792,348.0,mt_ok+pa_ok,IMG_00121.tif,0.06268268176835952,0.014901408933138472,644,1088
11.728679540460433,1711.9377261819466,348.0,mt_ok+pa_ok,IMG_00122.tif,0.06255994245524296,0.01502700264888564,644,1088
11.598164766136335,1733.4208236862905,348.5,mt_ok+pa_ok,IMG_00123.tif,0.06283396510778225,0.014842893679210815,644,1088
11.51247132519157,1748.6527110179877,349.0,mt_ok+pa_ok,IMG_00124.tif,0.06209610202776763,0.014777242418706612,644,1088
11.618276180199517,1718.0477535012874,346.0,mt_ok+pa_ok,IMG_00125.tif,0.06256136965655827,0.014877146510778224,644,1088
30.483484651279298,538.1526795025014,273.0,mt_ok+pa_ok,IMG_00126.tif,0.03836174415418341,0.005566085129704056,644,1088
32.79123323785704,502.2336566752106,272.0,mt_ok+pa_ok,IMG_00127.tif,0.03848162906466934,0.00559462915601023,644,1088
32.54610380237126,505.5958678281588,272.0,mt_ok+pa_ok,IMG_00128.tif,0.03818191678845451,0.005534686700767263,644,1088
33.62686183857873,491.1671312728433,272.0,mt_ok+pa_ok,IMG_00129.tif,0.038247568048958715,0.005413374588966021,644,1088
33.317048816061686,493.3798843903639,271.0,mt_ok+pa_ok,IMG_00130.tif,0.03794642857142857,0.005369131348191451,644,1088
15.686874057699196,1361.0429097464764,368.0,mt_ok+pa_ok,IMG_00131.tif,0.04032985476799415,0.008761588874680306,644,1088
15.475042323932422,1379.2090264165477,368.0,mt_ok+pa_ok,IMG_00132.tif,0.0400429873036171,0.008717345633905737,644,1088
14.824109111500064,1438.322773899538,368.0,mt_ok+pa_ok,IMG_00133.tif,0.039576292473511146,0.008830094537815126,644,1088
14.871579661903095,1433.8346957096812,368.0,mt_ok+pa_ok,IMG_00134.tif,0.039383620295944465,0.008694510412860797,644,1088
14.354785312382425,1484.3111313151942,368.0,mt_ok+pa_ok,IMG_00135.tif,0.0391438504749726,0.008720200036536353,644,1088
19.832105733013105,981.5304551178677,333.0,mt_ok+pa_ok,IMG_00136.tif,0.0441461910851297,0.007831053617099014,644,1088
19.717318325175558,987.0152260580332,333.0,mt_ok+pa_ok,IMG_00137.tif,0.04398063573255389,0.007808218396054074,644,1088
21.329833255138617,918.245112699131,334.0,mt_ok+pa_ok,IMG_00138.tif,0.04468139157837048,0.007970919345999269,644,1088
20.369782089394633,959.5531830200428,334.0,mt_ok+pa_ok,IMG_00139.tif,0.04540070104128608,0.007978055352575814,644,1088
21.034702793585105,930.5323268788749,334.0,mt_ok+pa_ok,IMG_00140.tif,0.045718966934599925,0.007908122488125686,644,1088
12.370670621523413,1764.4064920711705,378.0,mt_ok+pa_ok,IMG_00141.tif,0.05204717756667884,0.015166868377785896,644,1088
13.07974643781631,1670.2900382745902,378.0,mt_ok+pa_ok,IMG_00142.tif,0.051868777402265254,0.014982759408111071,644,1088
12.780666687897384,1708.7028635014485,378.0,mt_ok+pa_ok,IMG_00143.tif,0.05188447661673365,0.014343373218852758,644,1088
12.877904391291523,1691.5296745242847,377.0,mt_ok+pa_ok,IMG_00144.tif,0.0532160554439167,0.014002272104493972,644,1088
13.32934058509227,1635.2267788226177,377.0,mt_ok+pa_ok,IMG_00145.tif,0.05320178343076361,0.014076486572890026,644,1088
16.16739418113536,1124.0975784973095,313.0,mt_ok+pa_ok,IMG_00146.tif,0.05687604166666667,0.008853125,800,1200
16.0579262186745,1138.7872423536687,315.0,mt_ok+pa_ok,IMG_00147.tif,0.05686145833333334,0.008578125,800,1200
15.957690663079795,1131.2034123370584,311.0,mt_ok+pa_ok,IMG_00148.tif,0.05691458333333333,0.00835,800,1200
15.386656713537032,1865.583132613846,495.0,mt_ok+pa_ok,IMG_00149.tif,0.06041354166666667,0.0085875,800,1200
14.503716361596389,1269.7459457667449,318.0,mt_ok+pa_ok,IMG_00150.tif,0.0594,0.007171875,800,1200
4.793155366065908,3482.5358478251537,291.0,mt_ok+pa_ok,IMG_00151.tif,0.06231875,0.010726041666666667,800,1200
4.846235702193305,3444.4819484913423,291.0,mt_ok+pa_ok,IMG_00152.tif,0.062509375,0.010641666666666667,800,1200
4.780261875875524,3503.9067408734145,292.0,mt_ok+pa_ok,IMG_00153.tif,0.06298645833333333,0.010461458333333333,800,1200
4.750067373718099,3526.1280316900275,292.0,mt_ok+pa_ok,IMG_00154.tif,0.06293645833333333,0.010326041666666667,800,1200
5.024345795086807,3311.25705984697,290.0,mt_ok+pa_ok,IMG_00155.tif,0.06256666666666667,0.010513541666666666,800,1200
20.16404292258735,864.4943875837515,298.0,mt_ok+pa_ok,IMG_00156.tif,0.05236145833333333,0.0046052083333333335,800,1200
20.549234599926102,848.9710675471828,298.0,mt_ok+pa_ok,IMG_00157.tif,0.052205208333333336,0.00470625,800,1200
21.240536893581826,822.5565981314867,298.0,mt_ok+pa_ok,IMG_00158.tif,0.0520125,0.004822916666666666,800,1200
21.64826018393424,807.7882236708256,298.0,mt_ok+pa_ok,IMG_00159.tif,0.051715625,0.00473125,800,1200
22.145913883706093,787.8660886140071,297.0,mt_ok+pa_ok,IMG_00160.tif,0.05094479166666667,0.0047979166666666665,800,1200
1.0,15698.941119865765,274.0,mt_ok+pa_ok,IMG_00161.tif,0.05654270833333333,0.011276041666666667,800,1200
1.0,15698.941119865765,274.0,mt_ok+pa_ok,IMG_00162.tif,0.05660208333333333,0.011332291666666666,800,1200
1.0,15641.64571431881,273.0,mt_ok+pa_ok,IMG_00163.tif,0.056058333333333335,0.011397916666666667,800,1200
1.0,15698.941119865765,274.0,mt_ok+pa_ok,IMG_00164.tif,0.05651354166666667,0.01144375,800,1200
8.315945355029363,1991.2526016797965,288.0,mt_ok+pa_ok,IMG_00165.tif,0.05535625,0.011526041666666667,800,1200
12.21786761608414,1663.2755999022586,352.0,mt_ok+pa_ok,IMG_00166.tif,0.04929375,0.009772916666666666,800,1200
12.290204888321405,1653.635281275392,352.0,mt_ok+pa_ok,IMG_00167.tif,0.050096875,0.009802083333333333,800,1200
12.944530010589435,1562.4398158716583,350.0,mt_ok+pa_ok,IMG_00168.tif,0.049945833333333335,0.009403125,800,1200
11.82312296399871,1708.2163573775538,350.0,mt_ok+pa_ok,IMG_00169.tif,0.04890208333333333,0.010658333333333334,800,1200
12.545416765488467,1611.311009507092,350.0,mt_ok+pa_ok,IMG_00170.tif,0.04825729166666667,0.010994791666666667,800,1200
12.546978048047299,1841.272824856574,400.0,mt_ok+pa_ok,IMG_00171.tif,0.045792708333333335,0.010635416666666666,800,1200
13.658066819460904,1698.2312300724016,401.0,mt_ok+pa_ok,IMG_00172.tif,0.04577395833333334,0.010560416666666666,800,1200
13.648437876550755,1699.406551641716,401.0,mt_ok+pa_ok,IMG_00173.tif,0.045977083333333335,0.010716666666666666,800,1200
12.21599618236471,1895.096985760618,401.0,mt_ok+pa_ok,IMG_00174.tif,0.04582708333333333,0.010403125,800,1200
13.706426708995085,1692.353579624882,401.0,mt_ok+pa_ok,IMG_00175.tif,0.04590729166666667,0.010333333333333333,800,1200
13.952656292744432,1459.8476315355692,352.0,mt_ok+pa_ok,IMG_00176.tif,0.04176875,0.0036427083333333333,800,1200
13.880797557504838,1467.2554188268155,352.0,mt_ok+pa_ok,IMG_00177.tif,0.041817708333333335,0.003740625,800,1200
14.076473076593334,1447.2628505798914,352.0,mt_ok+pa_ok,IMG_00178.tif,0.041672916666666664,0.0037208333333333334,800,1200
14.153856900352112,1435.4209949358133,351.0,mt_ok+pa_ok,IMG_00179.tif,0.041573958333333334,0.0037229166666666665,800,1200
14.210014763901313,1429.8643467799056,351.0,mt_ok+pa_ok,IMG_00180.tif,0.04139166666666667,0.003584375,800,1200
13.646890245689224,1788.6018678574999,422.0,mt_ok+pa_ok,IMG_00181.tif,0.044113541666666665,0.004667708333333334,800,1200
13.716889825758402,1779.6480894963213,422.0,mt_ok+pa_ok,IMG_00182.tif,0.044121875,0.004541666666666667,800,1200
13.552903356444764,1800.7708232095492,422.0,mt_ok+pa_ok,IMG_00183.tif,0.04419583333333333,0.004459375,800,1200
13.480176145240232,1810.304784069032,422.0,mt_ok+pa_ok,IMG_00184.tif,0.044095833333333334,0.004455208333333334,800,1200
13.606060218247464,1793.8674798867328,422.0,mt_ok+pa_ok,IMG_00185.tif,0.04407083333333333,0.004454166666666667,800,1200
8.755509466736102,2614.646592102969,398.0,mt_ok+pa_ok,IMG_00186.tif,0.026232291666666668,0.014016666666666667,800,1200
9.042920880051316,2532.2043432910555,398.0,mt_ok+pa_ok,IMG_00187.tif,0.02619479166666667,0.013935416666666667,800,1200
8.934368680953094,2562.715989158676,398.0,mt_ok+pa_ok,IMG_00188.tif,0.025616666666666666,0.014252083333333334,800,1200
8.900294191735124,2565.9842678279983,397.0,mt_ok+pa_ok,IMG_00189.tif,0.025361458333333333,0.014203125,800,1200
8.771758835135474,2603.283491293862,397.0,mt_ok+pa_ok,IMG_00190.tif,0.025127083333333335,0.014252083333333334,800,1200
13.897896428359335,1702.794475509381,409.0,mt_ok+pa_ok,IMG_00191.tif,0.039990625,0.01781875,800,1200
13.845233549966089,1709.1440588088399,409.0,mt_ok+pa_ok,IMG_00192.tif,0.039884375,0.018036458333333335,800,1200
13.799098726642683,1714.7467870591124,409.0,mt_ok+pa_ok,IMG_00193.tif,0.039803125,0.01794375,800,1200
13.834110466079167,1710.4914203732365,409.0,mt_ok+pa_ok,IMG_00194.tif,0.039803125,0.017860416666666667,800,1200
13.841898620782018,1705.3679724227839,408.0,mt_ok+pa_ok,IMG_00195.tif,0.03997916666666667,0.017763541666666667,800,1200
16.219623061504613,1099.0939614072247,307.0,mt_ok+pa_ok,IMG_00196.tif,0.05321666666666667,0.010266666666666667,800,1200
16.161516305846234,1052.6427523799025,293.0,mt_ok+pa_ok,IMG_00197.tif,0.04897395833333333,0.0065229166666666664,800,1200
12.287682745507848,1480.1147334518753,315.0,mt_ok+pa_ok,IMG_00198.tif,0.055759375,0.011648958333333334,800,1200
12.129550975557697,1584.7797315713356,333.0,mt_ok+pa_ok,IMG_00199.tif,0.05889479166666667,0.004645833333333333,800,1200
14.288299867834114,113.45120936879661,28.0,mt_ok+pa_ok,IMG_00200.tif,0.048666666666666664,0.010216666666666667,800,1200
6.757867867729454,3739.1194373893727,440.0,mt_ok+pa_ok,IMG_00201.tif,0.04561875,0.023955208333333332,800,1200
15.519551891215189,1289.3909184040883,345.0,mt_ok+pa_ok,IMG_00202.tif,0.053353125,0.01831770833333333,800,1200
4.57790234716471,2593.481739633384,207.0,mt_ok+pa_ok,IMG_00203.tif,0.04780416666666667,0.0182125,800,1200
14.186473326796298,1436.268595087166,352.0,mt_ok+pa_ok,IMG_00204.tif,0.055526041666666665,0.008509375,800,1200
13.143646310566142,1363.2714243508397,310.0,mt_ok+pa_ok,IMG_00205.tif,0.04226875,0.013288541666666667,800,1200
13.653899099522537,1198.861214436575,283.0,mt_ok+pa_ok,IMG_00206.tif,0.0496,0.010252083333333334,800,1200
5.749271887170347,878.4502593313342,88.0,mt_ok+pa_ok,IMG_00207.tif,0.0503125,0.012295833333333334,800,1200
14.779082466590648,1313.242560938593,335.0,mt_ok+pa_ok,IMG_00208.tif,0.061129166666666665,0.014833333333333334,800,1200
20.97804997415963,815.6167857933073,292.0,mt_ok+pa_ok,IMG_00209.tif,0.0523,0.00625625,800,1200
11.69433736094425,1346.8743301754214,273.0,mt_ok+pa_ok,IMG_00210.tif,0.05663958333333333,0.006667708333333334,800,1200
16.329322520725658,1219.9508150739816,343.0,mt_ok+pa_ok,IMG_00211.tif,0.0397625,0.011328125,800,1200
18.975408279556916,861.1057843054238,280.0,mt_ok+pa_ok,IMG_00212.tif,0.0372875,0.006315625,800,1200
15.147055437928616,1274.4053569921055,333.0,mt_ok+pa_ok,IMG_00213.tif,0.052994791666666666,0.008871875,800,1200
13.108019684761315,1336.0458000383248,303.0,mt_ok+pa_ok,IMG_00214.tif,0.05082916666666667,0.011396875,800,1200
16.47969051913205,1195.0233870112222,339.0,mt_ok+pa_ok,IMG_00215.tif,0.041972916666666665,0.007047916666666667,800,1200
16.579056192535315,1044.3716189950505,298.0,mt_ok+pa_ok,IMG_00216.tif,0.05131875,0.007646875,800,1200
14.426856694244684,1352.6266795195331,337.0,mt_ok+pa_ok,IMG_00217.tif,0.04941458333333333,0.014952083333333333,800,1200
12.227831574912235,1458.9196978255382,309.0,mt_ok+pa_ok,IMG_00218.tif,0.05490833333333334,0.010115625,800,1200
21.997841454573177,891.6827982309856,334.0,mt_ok+pa_ok,IMG_00219.tif,0.049210416666666666,0.011117708333333334,800,1200
16.567726123341814,1199.3708017193183,342.0,mt_ok+pa_ok,IMG_00220.tif,0.047673958333333336,0.022979166666666665,800,1200
11.500749747255721,1620.007790260355,323.0,mt_ok+pa_ok,IMG_00221.tif,0.06995104166666667,0.024276041666666668,800,1200
15.635505874204435,1135.3616973787578,306.0,mt_ok+pa_ok,IMG_00222.tif,0.043959375,0.017480208333333334,800,1200
16.96535934393113,952.7253706662186,278.0,mt_ok+pa_ok,IMG_00223.tif,0.04613333333333333,0.008491666666666666,800,1200
19.896530590109116,858.0068767654325,292.0,mt_ok+pa_ok,IMG_00224.tif,0.045619791666666666,0.010391666666666667,800,1200
10.83790368487669,1781.610694295241,335.0,mt_ok+pa_ok,IMG_00225.tif,0.04485833333333333,0.012603125,800,1200
17.776952551896418,1205.319326292212,368.0,mt_ok+pa_ok,IMG_00226.tif,0.044884375,0.01191875,800,1200
22.316345813819797,963.8653324139941,366.0,mt_ok+pa_ok,IMG_00227.tif,0.039209375,0.006140625,800,1200
10.56109337842128,1696.812390787114,311.0,mt_ok+pa_ok,IMG_00228.tif,0.063021875,0.015344791666666666,800,1200
9.080125218471222,2091.035535023708,330.0,mt_ok+pa_ok,IMG_00229.tif,0.0476625,0.008517708333333334,800,1200
17.738464843101653,948.5562486477946,289.0,mt_ok+pa_ok,IMG_00230.tif,0.04949791666666667,0.007240625,800,1200
13.360267495213023,1475.7160512471116,341.0,mt_ok+pa_ok,IMG_00231.tif,0.044863541666666666,0.017164583333333334,800,1200
12.980140273906576,1237.6771706753523,278.0,mt_ok+pa_ok,IMG_00232.tif,0.052254166666666664,0.010353125,800,1200
18.127444611472598,922.4360194815034,287.0,mt_ok+pa_ok,IMG_00233.tif,0.04677708333333333,0.0047875,800,1200
17.908691342449615,406.5014686698284,125.0,mt_ok+pa_ok,IMG_00234.tif,0.04638125,0.006146875,800,1200
19.35500479800942,887.0884194249293,294.0,mt_ok+pa_ok,IMG_00235.tif,0.0584375,0.007161458333333333,800,1200
14.876557985229272,1258.09000460566,323.0,mt_ok+pa_ok,IMG_00236.tif,0.050796875,0.008486458333333334,800,1200
22.78342157993453,919.3031772706316,356.0,mt_ok+pa_ok,IMG_00237.tif,0.03743645833333333,0.006471875,800,1200
15.834650472775456,1337.6670676583346,365.0,mt_ok+pa_ok,IMG_00238.tif,0.04989791666666667,0.016171875,800,1200
12.163150525504975,1461.8139109927708,308.0,mt_ok+pa_ok,IMG_00239.tif,0.055634375,0.009729166666666667,800,1200
18.589075676196835,1025.7871057020316,327.0,mt_ok+pa_ok,IMG_00240.tif,0.04523125,0.008557291666666666,800,1200
13.001079380389534,1449.079457586636,326.0,mt_ok+pa_ok,IMG_00241.tif,0.05314375,0.015225,800,1200
20.062278593603555,845.3766579005645,290.0,mt_ok+pa_ok,IMG_00242.tif,0.03431041666666667,0.0028197916666666666,800,1200
18.90191560103627,997.0672978514207,323.0,mt_ok+pa_ok,IMG_00243.tif,0.05003645833333333,0.006682291666666666,800,1200
10.760974313299155,1815.6187325163628,339.0,mt_ok+pa_ok,IMG_00244.tif,0.04449270833333333,0.017077083333333333,800,1200
11.476162499301726,1894.8415561140716,377.0,mt_ok+pa_ok,IMG_00245.tif,0.049515625,0.013045833333333333,800,1200
18.25563026183662,1011.9450094831899,317.0,mt_ok+pa_ok,IMG_00246.tif,0.045034375,0.010178125,800,1200
19.051824586210817,1614.4633770780838,527.0,mt_ok+pa_ok,IMG_00247.tif,0.051351041666666666,0.009175,800,1200
15.318961816234289,1192.3090296829607,315.0,mt_ok+pa_ok,IMG_00248.tif,0.054509375,0.0051447916666666664,800,1200
14.469306788193064,476.26226089708433,119.0,mt_ok+pa_ok,IMG_00249.tif,0.043592708333333334,0.004657291666666666,800,1200
14.909854070128816,1247.570965354077,321.0,mt_ok+pa_ok,IMG_00250.tif,0.061319791666666665,0.010079166666666667,800,1200
10.188965401581806,1441.5234095507228,255.0,mt_ok+pa_ok,IMG_00251.tif,0.04499895833333333,0.005297916666666667,800,1200
15.438965577610162,1141.9439494374083,304.0,mt_ok+pa_ok,IMG_00252.png,0.02629375,0.003071875,800,1200
19.533200028648984,978.0052990758476,327.0,mt_ok+pa_ok,IMG_00253.png,0.020225,0.0010822916666666667,800,1200
17.87379785805787,1094.739226010335,336.0,mt_ok+pa_ok,IMG_00254.png,0.026308333333333333,0.005702083333333333,800,1200
19.698002371054105,1370.6618810212208,462.0,mt_ok+pa_ok,IMG_00255.png,0.028040625,0.007352083333333334,800,1200
17.893210252732217,1197.7418071757822,368.0,mt_ok+pa_ok,IMG_00256.png,0.030213541666666666,0.0023291666666666665,800,1200
23.86224196292973,862.7082535471696,349.0,mt_ok+pa_ok,IMG_00257.png,0.02875625,0.006025,800,1200
29.636469516202265,703.7465443746132,348.0,mt_ok+pa_ok,IMG_00258.png,0.016225,0.006611458333333333,800,1200
23.233576872757084,676.837858101295,267.0,mt_ok+pa_ok,IMG_00259.png,0.023426041666666668,0.003234375,800,1200
21.69766456385013,1008.8991817376484,373.0,mt_ok+pa_ok,IMG_00260.png,0.02786875,0.004064583333333333,800,1200
14.762086294804096,1373.5889791079169,350.0,mt_ok+pa_ok,IMG_00261.png,0.025578125,0.0040416666666666665,800,1200
19.01197148325528,1098.9459442430493,358.0,mt_ok+pa_ok,IMG_00262.png,0.0285875,0.006119791666666667,800,1200
24.69324530937311,146.01651434400597,61.0,mt_ok+pa_ok,IMG_00263.png,0.035294791666666665,0.0043,800,1200
27.963780982036294,671.7645111829058,315.0,mt_ok+pa_ok,IMG_00264.png,0.022791666666666665,0.006085416666666667,800,1200
23.34382429612398,789.9075825716866,313.0,mt_ok+pa_ok,IMG_00265.png,0.029979166666666668,0.0075385416666666665,800,1200
20.424094565188703,103.16156638804898,36.0,mt_ok+pa_ok,IMG_00266.png,0.020310416666666668,0.005239583333333333,800,1200
20.20031152055404,874.5909001695934,302.0,mt_ok+pa_ok,IMG_00267.png,0.019472916666666666,0.008191666666666667,800,1200
16.909287403521205,1022.8348825669995,297.5,mt_ok+pa_ok,IMG_00268.png,0.025078125,0.005713541666666666,800,1200
18.116474007265403,1167.3875734155426,363.0,mt_ok+pa_ok,IMG_00269.png,0.02555,0.007494791666666667,800,1200
22.36888849075235,922.3024720632192,351.0,mt_ok+pa_ok,IMG_00270.png,0.025934375,0.007347916666666667,800,1200
18.706701621639084,1069.4527590616253,343.0,mt_ok+pa_ok,IMG_00271.png,0.028926041666666666,0.0043729166666666664,800,1200
15.427385588569148,1270.5912155657102,338.0,mt_ok+pa_ok,IMG_00272.png,0.026071875,0.0028916666666666665,800,1200
25.58678924011418,676.1156128853496,292.0,mt_ok+pa_ok,IMG_00273.png,0.02350625,0.00638125,800,1200
16.259192992650043,1075.0612458639396,301.0,mt_ok+pa_ok,IMG_00274.png,0.020572916666666666,0.005402083333333333,800,1200
28.29667942844549,556.9171661461559,264.0,mt_ok+pa_ok,IMG_00275.png,0.016504166666666667,0.0014822916666666667,800,1200
16.516466086453125,1403.4871203267878,399.0,mt_ok+pa_ok,IMG_00276.png,0.028148958333333335,0.00879375,800,1200
16.207786005768213,1407.983449550102,393.0,mt_ok+pa_ok,IMG_00277.png,0.025814583333333332,0.006447916666666667,800,1200
23.908966081846504,777.2295885931857,315.0,mt_ok+pa_ok,IMG_00278.png,0.024375,0.004472916666666667,800,1200
14.888556388536774,1296.018508591684,333.0,mt_ok+pa_ok,IMG_00279.png,0.035253125,0.005119791666666667,800,1200
16.11527911837914,1167.2653181897945,324.0,mt_ok+pa_ok,IMG_00280.png,0.032578125,0.005291666666666667,800,1200
4.102634997008565,587.048732688047,42.0,mt_ok+pa_ok,IMG_00281.png,0.021494791666666666,0.003859375,800,1200
18.227519762537227,1131.7419064767284,354.0,mt_ok+pa_ok,IMG_00282.png,0.030907291666666666,0.01225,800,1200
20.363553554435107,936.8441679142672,326.0,mt_ok+pa_ok,IMG_00283.png,0.02165625,0.006871875,800,1200
19.241104741906952,819.3113008434734,270.0,mt_ok+pa_ok,IMG_00284.png,0.024629166666666667,0.004146875,800,1200
17.021627882800946,1260.5314685589235,369.0,mt_ok+pa_ok,IMG_00285.png,0.03344791666666667,0.0075125,800,1200
20.461410717854303,1152.8203755402812,403.0,mt_ok+pa_ok,IMG_00286.png,0.026619791666666667,0.0036041666666666665,800,1200
31.656405028482936,541.1326168142423,284.0,mt_ok+pa_ok,IMG_00287.png,0.025878125,0.0011104166666666667,800,1200
22.884423061535383,799.7438883028685,311.0,mt_ok+pa_ok,IMG_00288.png,0.018016666666666667,0.0063416666666666665,800,1200
19.810618126431482,852.7255122730464,289.0,mt_ok+pa_ok,IMG_00289.png,0.026689583333333333,0.004682291666666667,800,1200
16.321357525106436,946.533437566768,266.0,mt_ok+pa_ok,IMG_00290.png,0.026309375,0.004070833333333333,800,1200
15.342047394642432,1160.3215348649696,307.0,mt_ok+pa_ok,IMG_00291.png,0.028338541666666668,0.005552083333333333,800,1200
3.202906976561536,948.5770625021036,53.0,mt_ok+pa_ok,IMG_00292.png,0.020191666666666667,0.00208125,800,1200
12.310700157547902,1252.2638730490296,267.0,mt_ok+pa_ok,IMG_00293.png,0.017527083333333332,0.0058760416666666666,800,1200
17.684292078246752,977.7041558044103,297.0,mt_ok+pa_ok,IMG_00294.png,0.015544791666666667,0.0038458333333333335,800,1200
30.023107788431318,797.441418719595,399.0,mt_ok+pa_ok,IMG_00295.png,0.024714583333333335,0.00273125,800,1200
18.741564201622094,827.8840228493605,266.0,mt_ok+pa_ok,IMG_00296.png,0.021389583333333333,0.004302083333333333,800,1200
9.79101322610301,1587.7128708999742,270.0,mt_ok+pa_ok,IMG_00297.png,0.019060416666666666,0.004978125,800,1200
21.372326152301703,814.9757036299918,297.0,mt_ok+pa_ok,IMG_00298.png,0.020430208333333335,0.005165625,800,1200
27.491228551879736,693.2201545279983,320.0,mt_ok+pa_ok,IMG_00299.png,0.028660416666666667,0.003909375,800,1200
14.166854937792825,1107.2634728191238,271.0,mt_ok+pa_ok,IMG_00300.png,0.03261875,0.003334375,800,1200
19.305161267058793,710.8279145735968,235.0,mt_ok+pa_ok,IMG_00301.png,0.017904166666666665,0.005029166666666667,800,1200
15.852809938310955,1215.369231556655,332.0,mt_ok+pa_ok,IMG_00302.png,0.023967708333333334,0.007519791666666667,800,1200
12.468137291757666,1403.4427670446184,303.0,mt_ok+pa_ok,IMG_00303.png,0.028273958333333335,0.004707291666666667,800,1200
22.22310724663742,957.1271613851117,362.0,mt_ok+pa_ok,IMG_00304.png,0.021335416666666666,0.001621875,800,1200
23.191112270884958,759.2680310210687,299.0,mt_ok+pa_ok,IMG_00305.png,0.025869791666666666,0.002671875,800,1200
20.754719771348224,939.6982667571039,333.0,mt_ok+pa_ok,IMG_00306.png,0.03140625,0.0036458333333333334,800,1200
20.792548031975524,1056.3785732000792,375.0,mt_ok+pa_ok,IMG_00307.png,0.02619479166666667,0.0024135416666666667,800,1200
31.08435211478779,631.4152846443609,326.0,mt_ok+pa_ok,IMG_00308.png,0.020004166666666667,0.0033270833333333334,800,1200
27.87037792784991,611.7989371312477,286.0,mt_ok+pa_ok,IMG_00309.png,0.03528229166666667,0.0037864583333333335,800,1200
