id,image_id,filetype,height,width,dim,px_per_cm,l,t,r,b,superficial_depth_mm,deep_depth_mm,mt_mm,fl_mm,pa_deg,mm_per_px,superficial_depth_px,deep_depth_px,mt_px_qd,pa_best_dy,pa_deg_raw,fl_mm_raw,mt_mm_raw
1,IMG_00001.tif,tif,800,1200,3,135.33333333333334,211,91,989,696,6.206896551724137,18.99014778325123,17.443087027914615,69.30002174152202,14.090276920822323,0.07389162561576354,84.0,257.0,173.0,-4.0,9.090276920822323,80.91151773039842,12.783251231527093
2,IMG_00002.tif,tif,800,1200,3,152.25,163,91,1037,696,7.1592775041050905,26.666666666666668,18.78791461412151,77.81210048541365,14.090276920822323,0.06568144499178982,109.0,406.0,297.0,-4.0,9.090276920822323,123.47191144985656,19.507389162561577
3,IMG_00003.tif,tif,800,1200,3,135.33333333333334,211,91,989,696,5.246305418719212,29.556650246305416,19.748505747126437,77.90950272704863,16.309932474020215,0.07389162561576354,71.0,400.0,329.0,5.0,11.309932474020215,123.95892265803147,24.310344827586203
4,IMG_00004.tif,tif,800,1200,3,135.33333333333334,211,91,989,696,5.615763546798029,33.17733990147783,20.398752052545156,76.73791587674307,18.49573328079581,0.07389162561576354,76.0,449.0,373.0,6.0,13.495733280795813,118.1009884065037,27.5615763546798
5,IMG_00005.tif,tif,800,1200,3,101.5,308,91,892,696,19.11330049261084,47.389162561576356,20.5416091954023,74.09154891132938,20.642246457208728,0.09852216748768473,194.0,481.0,287.0,-7.0,15.642246457208728,104.86915357943528,28.27586206896552
6,IMG_00006.tif,tif,800,1200,3,101.5,308,91,892,696,16.65024630541872,52.01970443349754,21.96032840722496,83.42924980433229,18.49573328079581,0.09852216748768473,169.0,528.0,359.0,-6.0,13.495733280795813,151.5576580444498,35.36945812807882
7,IMG_00007.tif,tif,800,1200,3,135.33333333333334,211,91,989,696,4.58128078817734,34.21182266009852,20.812545155993433,72.5618794175276,22.744671625056935,0.07389162561576354,62.0,463.0,401.0,8.0,17.744671625056935,97.22080611042638,29.630541871921178
8,IMG_00008.tif,tif,800,1200,3,135.33333333333334,211,91,989,696,3.4729064039408866,33.8423645320197,20.96032840722496,73.04677121857712,22.744671625056935,0.07389162561576354,47.0,458.0,411.0,8.0,17.744671625056935,99.64526511567392,30.369458128078815
9,IMG_00009.tif,tif,800,1200,3,159.42857142857142,142,91,1058,645,7.777777777777779,26.65770609318997,18.662422444691636,77.01779849541522,14.090276920822323,0.06272401433691757,124.0,425.0,301.0,4.0,9.090276920822323,119.50040149986447,18.87992831541219
10,IMG_00010.tif,tif,800,1200,3,152.25,163,91,1037,696,8.801313628899836,30.14778325123153,19.155730706075534,80.14019039827289,14.090276920822323,0.06568144499178982,134.0,459.0,325.0,4.0,9.090276920822323,135.11236101415278,21.346469622331693
11,IMG_00011.tif,tif,800,1200,3,152.25,163,91,1037,696,8.472906403940888,27.389162561576356,18.66968801313629,69.3288994458793,18.49573328079581,0.06568144499178982,129.0,417.0,288.0,6.0,13.495733280795813,81.05590625218485,18.91625615763547
12,IMG_00012.tif,tif,800,1200,3,152.25,163,91,1037,696,5.845648604269294,26.60098522167488,19.037504105090314,79.39187578342528,14.090276920822323,0.06568144499178982,89.0,405.0,316.0,4.0,9.090276920822323,131.37078793991472,20.755336617405582
13,IMG_00013.tif,tif,800,1200,3,87.0,349,91,851,696,1.7241379310344827,29.54022988505747,20.449655172413795,69.48012522722055,20.0,0.11494252873563218,15.0,257.0,242.0,2.0,15.0,81.81203515889113,27.816091954022987
14,IMG_00014.tif,tif,800,1200,3,110.72727272727273,282,91,918,696,18.694581280788178,34.95073891625616,18.137668308702793,62.680163863364676,20.0,0.090311986863711,207.0,387.0,180.0,2.0,15.0,47.81222833961171,16.25615763546798
15,IMG_00015.tif,tif,800,1200,3,101.5,308,91,892,696,19.80295566502463,47.19211822660099,20.36426929392447,69.22899029048725,20.0,0.09852216748768473,201.0,479.0,278.0,-2.0,15.0,80.55636047522458,27.389162561576356
16,IMG_00016.tif,tif,800,1200,3,152.25,163,91,1037,696,7.35632183908046,34.220032840722496,20.259178981937605,80.51343551642032,16.309932474020215,0.06568144499178982,112.0,521.0,409.0,-5.0,11.309932474020215,136.97858660488993,26.863711001642038
17,IMG_00017.tif,tif,800,1200,3,152.25,163,91,1037,696,8.210180623973727,31.592775041050906,19.56295566502463,76.96337923766278,16.309932474020215,0.06568144499178982,125.0,481.0,356.0,-5.0,11.309932474020215,119.22830521110222,23.382594417077176
18,IMG_00018.tif,tif,800,1200,3,93.6923076923077,331,91,869,696,18.67816091954023,48.77668308702791,20.906141215106732,83.81230856790727,16.309932474020215,0.10673234811165845,175.0,457.0,282.0,-5.0,11.309932474020215,153.4729518623247,30.098522167487683
19,IMG_00019.tif,tif,800,1200,3,93.6923076923077,331,91,869,696,16.330049261083744,26.25615763546798,16.871658456486045,59.117718195442336,20.0,0.10673234811165845,153.0,246.0,93.0,2.0,15.0,30.0,9.926108374384237
20,IMG_00020.tif,tif,800,1200,3,152.25,163,91,1037,696,9.064039408866995,28.965517241379313,18.86673234811166,78.31097689531205,14.090276920822323,0.06568144499178982,138.0,441.0,303.0,-4.0,9.090276920822323,125.96629349934861,19.901477832512317
21,IMG_00021.tif,tif,800,1200,3,152.25,163,91,1037,696,9.195402298850576,19.704433497536947,16.98824302134647,63.83486922565377,16.309932474020215,0.06568144499178982,140.0,300.0,160.0,5.0,11.309932474020215,53.585755151057185,10.509031198686372
22,IMG_00022.tif,tif,800,1200,3,121.8,249,91,951,696,10.673234811165845,36.86371100164204,20.124532019704436,75.56288668020532,18.49573328079581,0.08210180623973727,130.0,449.0,319.0,-6.0,13.495733280795813,112.22584242381495,26.19047619047619
23,IMG_00023.tif,tif,800,1200,3,121.8,249,91,951,696,9.93431855500821,34.64696223316913,19.828965517241382,78.31976866492391,16.309932474020215,0.08210180623973727,121.0,422.0,301.0,5.0,11.309932474020215,126.01025234740789,24.71264367816092
24,IMG_00024.tif,tif,800,1200,3,152.25,163,91,1037,696,4.860426929392447,32.31527093596059,20.377405582922826,76.64644653809043,18.49573328079581,0.06568144499178982,74.0,492.0,418.0,6.0,13.495733280795813,117.64364171324051,27.454844006568145
25,IMG_00025.tif,tif,800,1200,3,152.25,163,91,1037,696,4.137931034482759,30.41050903119869,20.14095238095238,79.91059577097091,16.309932474020215,0.06568144499178982,63.0,463.0,400.0,5.0,11.309932474020215,133.96438787764293,26.272577996715928
26,IMG_00026.tif,tif,800,1200,3,152.25,163,91,1037,696,0.0,29.885057471264368,20.86344827586207,75.28518155369694,20.642246457208728,0.06568144499178982,0.0,455.0,455.0,7.0,15.642246457208728,110.83731679127304,29.885057471264368
27,IMG_00027.tif,tif,800,1200,3,152.25,163,91,1037,696,2.0361247947454846,26.14121510673235,19.70745484400657,73.77571652499222,18.49573328079581,0.06568144499178982,31.0,398.0,367.0,6.0,13.495733280795813,103.28999164774945,24.105090311986864
28,IMG_00028.tif,tif,800,1200,3,152.25,163,91,1037,696,9.392446633825944,31.592775041050906,19.32650246305419,70.76266401772551,19.57421619803874,0.06568144499178982,143.0,481.0,338.0,6.5,14.57421619803874,88.2247291114159,22.20032840722496
29,IMG_00029.tif,tif,800,1200,3,152.25,163,91,1037,696,6.633825944170772,31.198686371100166,19.799408866995076,78.16905872856157,16.309932474020215,0.06568144499178982,101.0,475.0,374.0,5.0,11.309932474020215,125.25670266559615,24.564860426929393
30,IMG_00030.tif,tif,800,1200,3,152.25,163,91,1037,696,10.640394088669952,29.228243021346472,18.604006568144502,84.31972333873745,11.84277341263094,0.06568144499178982,162.0,445.0,283.0,-3.0,6.84277341263094,156.01002571647558,18.58784893267652
31,IMG_00031.tif,tif,800,1200,3,152.25,163,91,1037,696,9.458128078817735,28.045977011494255,18.604006568144502,84.31972333873745,11.84277341263094,0.06568144499178982,144.0,427.0,283.0,3.0,6.84277341263094,156.01002571647558,18.58784893267652
32,IMG_00032.tif,tif,800,1200,3,152.25,163,91,1037,696,2.8243021346469623,30.87027914614122,20.495632183908047,81.7191150073191,16.309932474020215,0.06568144499178982,43.0,470.0,427.0,-5.0,11.309932474020215,143.00698405938385,28.045977011494255
33,IMG_00033.tif,tif,800,1200,3,152.25,163,91,1037,696,3.9408866995073892,27.389162561576356,19.576091954022992,73.21282828712982,18.49573328079581,0.06568144499178982,60.0,417.0,357.0,-6.0,13.495733280795813,100.47555045843748,23.448275862068968
34,IMG_00034.tif,tif,800,1200,3,121.8,249,91,951,696,7.307060755336617,39.32676518883415,21.290377668308704,85.7715377406178,16.309932474020215,0.08210180623973727,89.0,479.0,390.0,5.0,11.309932474020215,163.26909772587734,32.01970443349754
35,IMG_00035.tif,tif,800,1200,3,152.25,163,91,1037,696,10.311986863711002,29.16256157635468,18.656551724137934,72.34160785588409,16.309932474020215,0.06568144499178982,157.0,444.0,287.0,-5.0,11.309932474020215,96.11944830220882,18.850574712643677
36,IMG_00036.tif,tif,853,1069,2,166.8,0,0,1069,853,5.335731414868105,26.258992805755394,19.071089059786654,88.24000221536996,11.84277341263094,0.05995203836930455,89.0,438.0,349.0,3.0,6.84277341263094,175.6114200996381,20.923261390887287
37,IMG_00037.tif,tif,853,959,2,167.0,0,0,959,853,18.802395209580837,51.01796407185629,21.329550554064287,93.11771819544234,11.84277341263094,0.059880239520958084,314.0,852.0,538.0,-3.0,6.84277341263094,200.0,32.21556886227545
38,IMG_00038.tif,tif,853,1069,2,166.8,0,0,1069,853,16.546762589928058,33.513189448441246,18.279722153311834,74.5954991248891,14.090276920822323,0.05995203836930455,276.0,559.0,283.0,-4.0,9.090276920822323,107.38890464723386,16.966426858513188
39,IMG_00039.tif,tif,853,1069,2,166.8,0,0,1069,853,19.90407673860911,44.484412470023976,19.80250392789217,78.18484050447161,16.309932474020215,0.05995203836930455,332.0,742.0,410.0,5.0,11.309932474020215,125.33561154514638,24.580335731414866
40,IMG_00040.tif,tif,513,465,3,77.8,0,0,465,503,0.0,24.29305912596401,19.745048606801998,67.40775297542116,20.0,0.12853470437017994,0.0,189.0,189.0,-1.5,15.0,71.45017389989414,24.29305912596401
41,IMG_00041.tif,tif,513,461,3,77.8,0,0,461,503,0.0,29.562982005141386,20.799033182637473,93.11771819544234,11.84277341263094,0.12853470437017994,0.0,230.0,230.0,-3.0,6.84277341263094,200.0,29.562982005141386
42,IMG_00042.tif,tif,512,465,3,77.8,0,0,465,502,0.0,27.634961439588686,20.413429069526934,69.37357786578862,20.0,0.12853470437017994,0.0,215.0,215.0,-2.0,15.0,81.27929835173143,27.634961439588686
43,IMG_00043.tif,tif,513,463,3,77.8,0,0,463,503,0.0,24.29305912596401,19.745048606801998,67.40775297542116,20.0,0.12853470437017994,0.0,189.0,189.0,0.5,15.0,71.45017389989414,24.29305912596401
44,IMG_00044.tif,tif,513,464,3,77.8,0,0,464,503,0.5141388174807198,21.85089974293059,19.15378896669917,88.93411236501136,11.84277341263094,0.12853470437017994,4.0,170.0,166.0,3.0,6.84277341263094,179.0819708478451,21.33676092544987
45,IMG_00045.tif,tif,513,465,3,77.8,0,0,465,503,0.0,21.72236503856041,19.23090978932128,89.58139659699152,11.84277341263094,0.12853470437017994,0.0,169.0,169.0,3.0,6.84277341263094,182.31839200774596,21.72236503856041
46,IMG_00046.tif,tif,512,465,3,77.8,0,0,465,502,0.0,18.50899742930591,18.58823626747038,64.00536374209287,20.0,0.12853470437017994,0.0,144.0,144.0,-1.5,15.0,54.43822773325268,18.50899742930591
47,IMG_00047.tif,tif,853,1069,2,166.8,0,0,1069,853,3.9568345323741005,37.41007194244604,21.577084263623586,93.11771819544234,11.84277341263094,0.05995203836930455,66.0,624.0,558.0,-3.0,6.84277341263094,200.0,33.45323741007194
48,IMG_00048.tif,tif,513,466,3,77.8,0,0,466,503,0.0,43.83033419023136,23.65250361965547,78.90026771910784,20.0,0.12853470437017994,0.0,341.0,341.0,-2.0,15.0,128.91274761832753,43.83033419023136
49,IMG_00049.tif,tif,853,1069,2,166.8,0,0,1069,853,17.38609112709832,27.338129496402875,16.876844455470106,59.117718195442336,20.0,0.05995203836930455,290.0,456.0,166.0,-2.0,15.0,30.0,9.952038369304555
50,IMG_00050.tif,tif,853,1069,2,166.8,0,0,1069,853,5.515587529976019,27.15827338129496,19.214973951872985,80.51517019378257,14.090276920822323,0.05995203836930455,92.0,453.0,361.0,4.0,9.090276920822323,136.98725999170114,21.642685851318944
51,IMG_00051.tif,tif,853,1069,2,166.8,0,0,1069,853,5.935251798561151,22.4220623501199,18.183798891920947,76.9,12.96961039432136,0.05995203836930455,99.0,374.0,275.0,3.5,7.96961039432136,118.91140902278836,16.48681055155875
52,IMG_00052.tif,tif,853,1069,2,166.8,0,0,1069,853,14.20863309352518,24.160671462829733,16.876844455470106,59.117718195442336,20.0,0.05995203836930455,237.0,403.0,166.0,2.0,15.0,30.0,9.952038369304555
53,IMG_00053.tif,tif,853,1069,2,166.8,0,0,1069,853,5.995203836930455,25.659472422062347,18.819290498635574,78.01069397232764,14.090276920822323,0.05995203836930455,100.0,428.0,328.0,4.0,9.090276920822323,124.46487888442653,19.664268585131893
54,IMG_00054.tif,tif,853,1069,2,166.8,0,0,1069,853,19.184652278177456,40.10791366906474,19.071089059786654,65.42551901361132,20.0,0.05995203836930455,320.0,669.0,349.0,-1.5,15.0,61.53900409084497,20.923261390887287
55,IMG_00055.tif,tif,853,1069,2,166.8,0,0,1069,853,19.90407673860911,51.07913669064748,21.12144877201687,71.4559887554649,20.0,0.05995203836930455,332.0,852.0,520.0,-2.0,15.0,91.69135280011284,31.175059952038367
56,IMG_00056.tif,tif,644,1088,3,126.1,140,0,947,643,3.0134813639968283,32.43457573354481,20.770655655518794,90.36184890388701,14.090276920822323,0.07930214115781127,38.0,409.0,371.0,-4.0,9.090276920822323,186.22065354222335,29.42109436954798
57,IMG_00057.tif,tif,644,1088,3,126.1,140,0,947,643,3.0134813639968283,32.43457573354481,20.770655655518794,90.36184890388701,14.090276920822323,0.07930214115781127,38.0,409.0,371.0,-4.0,9.090276920822323,186.22065354222335,29.42109436954798
58,IMG_00058.tif,tif,644,1088,3,126.1,140,0,947,643,3.0134813639968283,32.43457573354481,20.770655655518794,90.36184890388701,14.090276920822323,0.07930214115781127,38.0,409.0,371.0,-4.0,9.090276920822323,186.22065354222335,29.42109436954798
59,IMG_00059.tif,tif,644,1088,3,126.1,140,0,947,643,3.0134813639968283,32.43457573354481,20.770655655518794,86.3331812689937,15.203973721731684,0.07930214115781127,38.0,409.0,371.0,-4.5,10.203973721731684,166.07731536775682,29.42109436954798
60,IMG_00060.tif,tif,644,1088,3,126.1,140,0,947,643,3.0134813639968283,32.43457573354481,20.770655655518794,83.12146505575832,16.309932474020215,0.07930214115781127,38.0,409.0,371.0,-5.0,11.309932474020215,150.01873430157997,29.42109436954798
61,IMG_00061.tif,tif,644,1088,3,126.1,140,0,947,643,3.0927835051546397,34.02061855670104,21.072003791918476,79.62279063293191,18.49573328079581,0.07930214115781127,39.0,429.0,390.0,-6.0,13.495733280795813,132.52536218744785,30.927835051546396
62,IMG_00062.tif,tif,644,1088,3,126.1,140,0,947,643,3.0927835051546397,34.02061855670104,21.072003791918476,79.62279063293191,18.49573328079581,0.07930214115781127,39.0,429.0,390.0,-6.0,13.495733280795813,132.52536218744785,30.927835051546396
63,IMG_00063.tif,tif,644,1088,3,126.1,140,0,947,643,3.0927835051546397,33.94131641554323,21.056143363686914,81.83248778015987,17.407418527400743,0.07930214115781127,39.0,428.0,389.0,-5.5,12.407418527400745,143.57384792358764,30.848532910388585
64,IMG_00064.tif,tif,644,1088,3,126.1,140,0,947,643,3.0927835051546397,33.94131641554323,21.056143363686914,84.57717245059845,16.309932474020215,0.07930214115781127,39.0,428.0,389.0,-5.0,11.309932474020215,157.29727127578062,30.848532910388585
65,IMG_00065.tif,tif,644,1088,3,126.1,140,0,947,643,3.0927835051546397,33.862014274385416,21.04028293545535,84.49629981755179,16.309932474020215,0.07930214115781127,39.0,427.0,388.0,-5.0,11.309932474020215,156.89290811054724,30.769230769230774
66,IMG_00066.tif,tif,800,1200,3,148.2,171,42,1029,798,1.3495276653171389,41.902834008097166,22.997098050165203,93.11771819544234,16.309932474020215,0.06747638326585695,20.0,621.0,601.0,-5.0,11.309932474020215,200.0,40.553306342780026
67,IMG_00067.tif,tif,800,1200,3,148.2,171,42,1029,798,1.3495276653171389,41.902834008097166,22.997098050165203,93.11771819544234,16.309932474020215,0.06747638326585695,20.0,621.0,601.0,-5.0,11.309932474020215,200.0,40.553306342780026
68,IMG_00068.tif,tif,800,1200,3,148.2,171,42,1029,798,1.3495276653171389,41.902834008097166,22.997098050165203,93.11771819544234,16.309932474020215,0.06747638326585695,20.0,621.0,601.0,-5.0,11.309932474020215,200.0,40.553306342780026
69,IMG_00069.tif,tif,800,1200,3,148.2,171,42,1029,798,1.3495276653171389,41.83535762483131,22.983602773512033,93.11771819544234,16.309932474020215,0.06747638326585695,20.0,620.0,600.0,-5.0,11.309932474020215,200.0,40.48582995951417
70,IMG_00070.tif,tif,800,1200,3,148.2,171,42,1029,798,1.3495276653171389,41.902834008097166,22.997098050165203,93.11771819544234,16.309932474020215,0.06747638326585695,20.0,621.0,601.0,-5.0,11.309932474020215,200.0,40.553306342780026
71,IMG_00071.tif,tif,800,1200,3,148.2,171,42,1029,798,6.005398110661268,42.03778677462888,22.092914514402718,74.31324093895269,20.0,0.06747638326585695,89.0,623.0,534.0,0.0,15.0,105.97761371755179,36.03238866396761
72,IMG_00072.tif,tif,800,1200,3,148.2,171,42,1029,798,6.005398110661268,42.03778677462888,22.092914514402718,74.31324093895269,20.0,0.06747638326585695,89.0,623.0,534.0,0.0,15.0,105.97761371755179,36.03238866396761
73,IMG_00073.tif,tif,800,1200,3,148.2,171,42,1029,798,6.005398110661268,42.03778677462888,22.092914514402718,74.31324093895269,20.0,0.06747638326585695,89.0,623.0,534.0,0.0,15.0,105.97761371755179,36.03238866396761
74,IMG_00074.tif,tif,800,1200,3,148.2,171,42,1029,798,6.005398110661268,42.03778677462888,22.092914514402718,74.31324093895269,20.0,0.06747638326585695,89.0,623.0,534.0,0.0,15.0,105.97761371755179,36.03238866396761
75,IMG_00075.tif,tif,800,1200,3,148.2,171,42,1029,798,6.005398110661268,42.03778677462888,22.092914514402718,74.31324093895269,20.0,0.06747638326585695,89.0,623.0,534.0,0.0,15.0,105.97761371755179,36.03238866396761
76,IMG_00076.tif,tif,800,1200,3,148.2,171,42,1029,798,1.5519568151147098,33.40080971659919,21.256207361906093,71.85233754925673,20.0,0.06747638326585695,23.0,495.0,472.0,-1.0,15.0,93.673096769072,31.84885290148448
77,IMG_00077.tif,tif,800,1200,3,148.2,171,42,1029,798,1.5519568151147098,33.40080971659919,21.256207361906093,71.85233754925673,20.0,0.06747638326585695,23.0,495.0,472.0,0.0,15.0,93.673096769072,31.84885290148448
78,IMG_00078.tif,tif,800,1200,3,148.2,171,42,1029,798,1.5519568151147098,33.40080971659919,21.256207361906093,71.85233754925673,20.0,0.06747638326585695,23.0,495.0,472.0,-0.5,15.0,93.673096769072,31.84885290148448
79,IMG_00079.tif,tif,800,1200,3,148.2,171,42,1029,798,1.5519568151147098,33.40080971659919,21.256207361906093,71.85233754925673,20.0,0.06747638326585695,23.0,495.0,472.0,0.0,15.0,93.673096769072,31.84885290148448
80,IMG_00080.tif,tif,800,1200,3,148.2,171,42,1029,798,1.5519568151147098,33.40080971659919,21.256207361906093,71.85233754925673,20.0,0.06747638326585695,23.0,495.0,472.0,0.0,15.0,93.673096769072,31.84885290148448
81,IMG_00081.tif,tif,800,1200,3,148.2,171,42,1029,798,12.483130904183536,32.52361673414305,18.8945339476011,86.75815417086483,11.84277341263094,0.06747638326585695,185.0,482.0,297.0,-3.0,6.84277341263094,168.20217987711243,20.040485829959515
82,IMG_00082.tif,tif,800,1200,3,148.2,171,42,1029,798,12.483130904183536,32.52361673414305,18.8945339476011,86.75815417086483,11.84277341263094,0.06747638326585695,185.0,482.0,297.0,-3.0,6.84277341263094,168.20217987711243,20.040485829959515
83,IMG_00083.tif,tif,800,1200,3,148.2,171,42,1029,798,12.483130904183536,32.52361673414305,18.8945339476011,86.75815417086483,11.84277341263094,0.06747638326585695,185.0,482.0,297.0,-3.0,6.84277341263094,168.20217987711243,20.040485829959515
84,IMG_00084.tif,tif,800,1200,3,148.2,171,42,1029,798,12.483130904183536,32.52361673414305,18.8945339476011,86.75815417086483,11.84277341263094,0.06747638326585695,185.0,482.0,297.0,-3.0,6.84277341263094,168.20217987711243,20.040485829959515
85,IMG_00085.tif,tif,800,1200,3,148.2,171,42,1029,798,12.483130904183536,32.52361673414305,18.8945339476011,86.75815417086483,11.84277341263094,0.06747638326585695,185.0,482.0,297.0,-3.0,6.84277341263094,168.20217987711243,20.040485829959515
86,IMG_00086.tif,tif,800,1200,3,148.2,171,42,1029,798,4.588394062078272,31.309041835357625,20.230566336265067,80.36753907780053,16.309932474020215,0.06747638326585695,68.0,464.0,396.0,-5.0,11.309932474020215,136.249104411791,26.720647773279353
87,IMG_00087.tif,tif,800,1200,3,148.2,171,42,1029,798,4.588394062078272,31.309041835357625,20.230566336265067,83.28446448525305,15.203973721731684,0.06747638326585695,68.0,464.0,396.0,-4.5,10.203973721731684,150.83373144905363,26.720647773279353
88,IMG_00088.tif,tif,800,1200,3,148.2,171,42,1029,798,4.588394062078272,31.309041835357625,20.230566336265067,80.36753907780053,16.309932474020215,0.06747638326585695,68.0,464.0,396.0,-5.0,11.309932474020215,136.249104411791,26.720647773279353
89,IMG_00089.tif,tif,800,1200,3,148.2,171,42,1029,798,4.588394062078272,31.309041835357625,20.230566336265067,80.36753907780053,16.309932474020215,0.06747638326585695,68.0,464.0,396.0,-5.0,11.309932474020215,136.249104411791,26.720647773279353
90,IMG_00090.tif,tif,800,1200,3,148.2,171,42,1029,798,4.588394062078272,31.309041835357625,20.230566336265067,80.36753907780053,16.309932474020215,0.06747638326585695,68.0,464.0,396.0,-5.0,11.309932474020215,136.249104411791,26.720647773279353
91,IMG_00091.tif,tif,800,1200,3,148.2,171,42,1029,798,4.385964912280702,32.25371120107962,20.45998603936898,88.39546729250105,14.090276920822323,0.06747638326585695,65.0,478.0,413.0,-4.0,9.090276920822323,176.3887454852936,27.86774628879892
92,IMG_00092.tif,tif,800,1200,3,148.2,171,42,1029,798,4.385964912280702,32.25371120107962,20.45998603936898,88.39546729250105,14.090276920822323,0.06747638326585695,65.0,478.0,413.0,-4.0,9.090276920822323,176.3887454852936,27.86774628879892
93,IMG_00093.tif,tif,800,1200,3,148.2,171,42,1029,798,4.385964912280702,32.25371120107962,20.45998603936898,88.39546729250105,14.090276920822323,0.06747638326585695,65.0,478.0,413.0,-4.0,9.090276920822323,176.3887454852936,27.86774628879892
94,IMG_00094.tif,tif,800,1200,3,148.2,171,42,1029,798,4.385964912280702,32.18623481781376,20.44649076271581,88.31004901381569,14.090276920822323,0.06747638326585695,65.0,477.0,412.0,-4.0,9.090276920822323,175.96165409186676,27.800269905533064
95,IMG_00095.tif,tif,800,1200,3,148.2,171,42,1029,798,4.385964912280702,32.18623481781376,20.44649076271581,88.31004901381569,14.090276920822323,0.06747638326585695,65.0,477.0,412.0,-4.0,9.090276920822323,175.96165409186676,27.800269905533064
96,IMG_00096.tif,tif,800,1200,3,148.2,171,42,1029,798,4.520917678812416,28.475033738191634,19.67725999348504,72.15658430297589,19.57421619803874,0.06747638326585695,67.0,422.0,355.0,-6.5,14.57421619803874,95.19433053766778,23.954116059379217
97,IMG_00097.tif,tif,800,1200,3,148.2,171,42,1029,798,4.520917678812416,28.407557354925775,19.66376471683187,72.10295369422228,19.57421619803874,0.06747638326585695,67.0,421.0,354.0,-6.5,14.57421619803874,94.9261774938997,23.88663967611336
98,IMG_00098.tif,tif,800,1200,3,148.2,171,42,1029,798,4.520917678812416,28.407557354925775,19.66376471683187,70.83581059935402,20.642246457208728,0.06747638326585695,67.0,421.0,354.0,-7.0,15.642246457208728,88.59046201955846,23.88663967611336
99,IMG_00099.tif,tif,800,1200,3,148.2,171,42,1029,798,4.520917678812416,28.407557354925775,19.66376471683187,70.83581059935402,20.642246457208728,0.06747638326585695,67.0,421.0,354.0,-7.0,15.642246457208728,88.59046201955846,23.88663967611336
100,IMG_00100.tif,tif,800,1200,3,148.2,171,42,1029,798,4.520917678812416,28.407557354925775,19.66376471683187,70.83581059935402,20.642246457208728,0.06747638326585695,67.0,421.0,354.0,-7.0,15.642246457208728,88.59046201955846,23.88663967611336
101,IMG_00101.tif,tif,800,1200,3,148.2,171,42,1029,798,4.183535762483131,33.19838056680162,20.689405742472896,89.84757803015239,14.090276920822323,0.06747638326585695,62.0,492.0,430.0,-4.0,9.090276920822323,183.64929917355025,29.01484480431849
102,IMG_00102.tif,tif,800,1200,3,148.2,171,42,1029,798,4.183535762483131,33.19838056680162,20.689405742472896,85.87453866165094,15.203973721731684,0.06747638326585695,62.0,492.0,430.0,-4.5,10.203973721731684,163.78410233104307,29.01484480431849
103,IMG_00103.tif,tif,800,1200,3,148.2,171,42,1029,798,4.183535762483131,33.19838056680162,20.689405742472896,85.87453866165094,15.203973721731684,0.06747638326585695,62.0,492.0,430.0,-4.5,10.203973721731684,163.78410233104307,29.01484480431849
104,IMG_00104.tif,tif,800,1200,3,148.2,171,42,1029,798,4.183535762483131,33.19838056680162,20.689405742472896,85.87453866165094,15.203973721731684,0.06747638326585695,62.0,492.0,430.0,-4.5,10.203973721731684,163.78410233104307,29.01484480431849
105,IMG_00105.tif,tif,800,1200,3,148.2,171,42,1029,798,4.251012145748987,33.19838056680162,20.675910465819722,85.79836000940395,15.203973721731684,0.06747638326585695,63.0,492.0,429.0,-4.5,10.203973721731684,163.40320906980807,28.94736842105263
106,IMG_00106.tif,tif,644,1088,3,126.1,140,0,947,643,3.489294210943696,33.38620142743854,20.865818224908168,90.96417985874055,14.090276920822323,0.07930214115781127,44.0,421.0,377.0,-4.0,9.090276920822323,189.2323083164911,29.89690721649485
107,IMG_00107.tif,tif,644,1088,3,126.1,140,0,947,643,3.489294210943696,33.38620142743854,20.865818224908168,90.96417985874055,14.090276920822323,0.07930214115781127,44.0,421.0,377.0,-4.0,9.090276920822323,189.2323083164911,29.89690721649485
108,IMG_00108.tif,tif,644,1088,3,126.1,140,0,947,643,3.489294210943696,33.38620142743854,20.865818224908168,90.96417985874055,14.090276920822323,0.07930214115781127,44.0,421.0,377.0,-4.0,9.090276920822323,189.2323083164911,29.89690721649485
109,IMG_00109.tif,tif,644,1088,3,126.1,140,0,947,643,3.489294210943696,33.38620142743854,20.865818224908168,86.87035856937459,15.203973721731684,0.07930214115781127,44.0,421.0,377.0,-4.5,10.203973721731684,168.76320186966123,29.89690721649485
110,IMG_00110.tif,tif,644,1088,3,126.1,140,0,947,643,3.489294210943696,33.38620142743854,20.865818224908168,86.87035856937459,15.203973721731684,0.07930214115781127,44.0,421.0,377.0,-4.5,10.203973721731684,168.76320186966123,29.89690721649485
111,IMG_00111.tif,tif,644,1088,3,126.1,140,0,947,643,4.282315622521809,29.500396510705794,19.930052959245995,78.83521550428462,16.309932474020215,0.07930214115781127,54.0,372.0,318.0,-5.0,11.309932474020215,128.5874865442114,25.218080888183984
112,IMG_00112.tif,tif,644,1088,3,126.1,140,0,947,643,4.282315622521809,29.500396510705794,19.930052959245995,78.83521550428462,16.309932474020215,0.07930214115781127,54.0,372.0,318.0,-5.0,11.309932474020215,128.5874865442114,25.218080888183984
113,IMG_00113.tif,tif,644,1088,3,126.1,140,0,947,643,4.282315622521809,29.500396510705794,19.930052959245995,76.59148870428596,17.407418527400743,0.07930214115781127,54.0,372.0,318.0,-5.5,12.407418527400745,117.36885254421816,25.218080888183984
114,IMG_00114.tif,tif,644,1088,3,126.1,140,0,947,643,4.123711340206186,29.500396510705794,19.96177381570912,74.86546993902353,18.49573328079581,0.07930214115781127,52.0,372.0,320.0,-6.0,13.495733280795813,108.73875871790594,25.376685170499606
115,IMG_00115.tif,tif,644,1088,3,126.1,140,0,947,643,4.123711340206186,29.500396510705794,19.96177381570912,74.86546993902353,18.49573328079581,0.07930214115781127,52.0,372.0,320.0,-6.0,13.495733280795813,108.73875871790594,25.376685170499606
116,IMG_00116.tif,tif,644,1088,3,126.1,140,0,947,643,2.4583663758921492,43.45757335448057,23.086278177326882,77.23489877108258,20.0,0.07930214115781127,31.0,548.0,517.0,-1.0,15.0,120.58590287820125,40.999206978588425
117,IMG_00117.tif,tif,644,1088,3,126.1,140,0,947,643,2.4583663758921492,44.567803330689934,23.308324172568753,77.88797522767632,20.0,0.07930214115781127,31.0,562.0,531.0,-1.0,15.0,123.85128516116995,42.109436954797786
118,IMG_00118.tif,tif,644,1088,3,126.1,140,0,947,643,2.3790642347343383,44.48850118953212,23.308324172568753,77.88797522767632,20.0,0.07930214115781127,30.0,561.0,531.0,-1.0,15.0,123.85128516116995,42.109436954797786
119,IMG_00119.tif,tif,644,1088,3,126.1,140,0,947,643,2.3790642347343383,43.37827121332276,23.086278177326882,77.23489877108258,20.0,0.07930214115781127,30.0,547.0,517.0,-1.0,15.0,120.58590287820125,40.999206978588425
120,IMG_00120.tif,tif,644,1088,3,126.1,140,0,947,643,2.3790642347343383,43.37827121332276,23.086278177326882,77.23489877108258,20.0,0.07930214115781127,30.0,547.0,517.0,-1.0,15.0,120.58590287820125,40.999206978588425
121,IMG_00121.tif,tif,644,1088,3,126.1,140,0,947,643,2.2204599524187154,44.25059476605869,23.29246374433719,93.11771819544234,16.309932474020215,0.07930214115781127,28.0,558.0,530.0,-5.0,11.309932474020215,200.0,42.030134813639975
122,IMG_00122.tif,tif,644,1088,3,126.1,140,0,947,643,2.2204599524187154,44.25059476605869,23.29246374433719,93.11771819544234,16.309932474020215,0.07930214115781127,28.0,558.0,530.0,-5.0,11.309932474020215,200.0,42.030134813639975
123,IMG_00123.tif,tif,644,1088,3,126.1,140,0,947,643,2.2204599524187154,44.25059476605869,23.29246374433719,89.13743202074868,18.49573328079581,0.07930214115781127,28.0,558.0,530.0,-6.0,13.495733280795813,180.09856912653171,42.030134813639975
124,IMG_00124.tif,tif,644,1088,3,126.1,140,0,947,643,2.2204599524187154,44.25059476605869,23.29246374433719,89.13743202074868,18.49573328079581,0.07930214115781127,28.0,558.0,530.0,-6.0,13.495733280795813,180.09856912653171,42.030134813639975
125,IMG_00125.tif,tif,644,1088,3,126.1,140,0,947,643,2.2204599524187154,44.25059476605869,23.29246374433719,89.13743202074868,18.49573328079581,0.07930214115781127,28.0,558.0,530.0,-6.0,13.495733280795813,180.09856912653171,42.030134813639975
126,IMG_00126.tif,tif,644,1088,3,126.1,140,0,947,643,2.854877081681206,23.632038065027757,19.041868978278508,74.30634805367087,16.309932474020215,0.07930214115781127,36.0,298.0,262.0,-5.0,11.309932474020215,105.94314929114273,20.77716098334655
127,IMG_00127.tif,tif,644,1088,3,126.1,140,0,947,643,2.854877081681206,23.632038065027757,19.041868978278508,74.30634805367087,16.309932474020215,0.07930214115781127,36.0,298.0,262.0,-5.0,11.309932474020215,105.94314929114273,20.77716098334655
128,IMG_00128.tif,tif,644,1088,3,126.1,140,0,947,643,2.854877081681206,23.632038065027757,19.041868978278508,74.30634805367087,16.309932474020215,0.07930214115781127,36.0,298.0,262.0,-5.0,11.309932474020215,105.94314929114273,20.77716098334655
129,IMG_00129.tif,tif,644,1088,3,126.1,140,0,947,643,2.854877081681206,23.632038065027757,19.041868978278508,74.30634805367087,16.309932474020215,0.07930214115781127,36.0,298.0,262.0,-5.0,11.309932474020215,105.94314929114273,20.77716098334655
130,IMG_00130.tif,tif,644,1088,3,126.1,140,0,947,643,2.854877081681206,23.632038065027757,19.041868978278508,74.30634805367087,16.309932474020215,0.07930214115781127,36.0,298.0,262.0,-5.0,11.309932474020215,105.94314929114273,20.77716098334655
131,IMG_00131.tif,tif,644,1088,3,126.1,140,0,947,643,2.616970658207772,50.91197462331483,24.54543757463061,93.11771819544234,14.090276920822323,0.07930214115781127,33.0,642.0,609.0,-4.0,9.090276920822323,200.0,48.295003965107064
132,IMG_00132.tif,tif,644,1088,3,126.1,140,0,947,643,2.616970658207772,50.91197462331483,24.54543757463061,93.11771819544234,14.090276920822323,0.07930214115781127,33.0,642.0,609.0,-4.0,9.090276920822323,200.0,48.295003965107064
133,IMG_00133.tif,tif,644,1088,3,126.1,140,0,947,643,2.616970658207772,50.91197462331483,24.54543757463061,93.11771819544234,14.090276920822323,0.07930214115781127,33.0,642.0,609.0,-4.0,9.090276920822323,200.0,48.295003965107064
134,IMG_00134.tif,tif,644,1088,3,126.1,140,0,947,643,2.616970658207772,50.91197462331483,24.54543757463061,93.11771819544234,14.090276920822323,0.07930214115781127,33.0,642.0,609.0,-4.0,9.090276920822323,200.0,48.295003965107064
135,IMG_00135.tif,tif,644,1088,3,126.1,140,0,947,643,2.616970658207772,50.91197462331483,24.54543757463061,93.11771819544234,14.090276920822323,0.07930214115781127,33.0,642.0,609.0,-4.0,9.090276920822323,200.0,48.295003965107064
136,IMG_00136.tif,tif,644,1088,3,126.1,140,0,947,643,3.72720063441713,29.183187946074547,19.97763424394068,71.99988586475169,20.642246457208728,0.07930214115781127,47.0,368.0,321.0,-7.0,15.642246457208728,94.41083834654677,25.455987311657417
137,IMG_00137.tif,tif,644,1088,3,126.1,140,0,947,643,3.72720063441713,29.183187946074547,19.97763424394068,71.99988586475169,20.642246457208728,0.07930214115781127,47.0,368.0,321.0,-7.0,15.642246457208728,94.41083834654677,25.455987311657417
138,IMG_00138.tif,tif,644,1088,3,126.1,140,0,947,643,3.72720063441713,29.183187946074547,19.97763424394068,71.99988586475169,20.642246457208728,0.07930214115781127,47.0,368.0,321.0,-7.0,15.642246457208728,94.41083834654677,25.455987311657417
139,IMG_00139.tif,tif,644,1088,3,126.1,140,0,947,643,3.72720063441713,29.183187946074547,19.97763424394068,71.99988586475169,20.642246457208728,0.07930214115781127,47.0,368.0,321.0,-7.0,15.642246457208728,94.41083834654677,25.455987311657417
140,IMG_00140.tif,tif,644,1088,3,126.1,140,0,947,643,3.72720063441713,29.183187946074547,19.97763424394068,71.99988586475169,20.642246457208728,0.07930214115781127,47.0,368.0,321.0,-7.0,15.642246457208728,94.41083834654677,25.455987311657417
141,IMG_00141.tif,tif,644,1088,3,126.1,140,0,947,643,3.6478984932593184,33.624107850911976,20.88167865313973,78.80724994254761,18.49573328079581,0.07930214115781127,46.0,424.0,378.0,-6.0,13.495733280795813,128.4476587355264,29.97620935765266
142,IMG_00142.tif,tif,644,1088,3,126.1,140,0,947,643,3.6478984932593184,33.624107850911976,20.88167865313973,78.80724994254761,18.49573328079581,0.07930214115781127,46.0,424.0,378.0,-6.0,13.495733280795813,128.4476587355264,29.97620935765266
143,IMG_00143.tif,tif,644,1088,3,126.1,140,0,947,643,3.6478984932593184,33.624107850911976,20.88167865313973,78.80724994254761,18.49573328079581,0.07930214115781127,46.0,424.0,378.0,-6.0,13.495733280795813,128.4476587355264,29.97620935765266
144,IMG_00144.tif,tif,644,1088,3,126.1,140,0,947,643,3.6478984932593184,33.624107850911976,20.88167865313973,78.80724994254761,18.49573328079581,0.07930214115781127,46.0,424.0,378.0,-6.0,13.495733280795813,128.4476587355264,29.97620935765266
145,IMG_00145.tif,tif,644,1088,3,126.1,140,0,947,643,3.6478984932593184,33.624107850911976,20.88167865313973,78.80724994254761,18.49573328079581,0.07930214115781127,46.0,424.0,378.0,-6.0,13.495733280795813,128.4476587355264,29.97620935765266
146,IMG_00146.tif,tif,800,1200,3,148.2,171,42,1029,798,1.3495276653171389,26.383265856950068,19.893184419935782,84.80789958771543,14.090276920822323,0.06747638326585695,20.0,391.0,371.0,-4.0,9.090276920822323,158.45090696136546,25.033738191632928
147,IMG_00147.tif,tif,800,1200,3,148.2,171,42,1029,798,1.3495276653171389,26.383265856950068,19.893184419935782,84.80789958771543,14.090276920822323,0.06747638326585695,20.0,391.0,371.0,-4.0,9.090276920822323,158.45090696136546,25.033738191632928
148,IMG_00148.tif,tif,800,1200,3,148.2,171,42,1029,798,1.3495276653171389,26.31578947368421,19.87968914328261,84.72248130903004,14.090276920822323,0.06747638326585695,20.0,390.0,370.0,-4.0,9.090276920822323,158.02381556793858,24.966261808367072
149,IMG_00149.tif,tif,800,1200,3,148.2,171,42,1029,798,1.3495276653171389,26.31578947368421,19.87968914328261,89.13163805435735,12.96961039432136,0.06747638326585695,20.0,390.0,370.0,-3.5,7.96961039432136,180.06959929457508,24.966261808367072
150,IMG_00150.tif,tif,800,1200,3,148.2,171,42,1029,798,6.275303643724696,41.76788124156545,21.984952301177348,73.9957050177016,20.0,0.06747638326585695,93.0,619.0,526.0,0.0,15.0,104.38993411129634,35.49257759784076
151,IMG_00151.tif,tif,800,1200,3,148.2,171,42,1029,798,5.937921727395412,39.878542510121456,21.674560938154407,73.08278924410472,20.0,0.06747638326585695,88.0,591.0,503.0,0.5,15.0,99.82535524331189,33.94062078272604
152,IMG_00152.tif,tif,800,1200,3,148.2,171,42,1029,798,5.937921727395412,39.878542510121456,21.674560938154407,73.08278924410472,20.0,0.06747638326585695,88.0,591.0,503.0,0.0,15.0,99.82535524331189,33.94062078272604
153,IMG_00153.tif,tif,800,1200,3,148.2,171,42,1029,798,5.937921727395412,39.8110661268556,21.661065661501233,73.04309725394832,20.0,0.06747638326585695,88.0,590.0,502.0,0.0,15.0,99.62689529252995,33.87314439946019
154,IMG_00154.tif,tif,800,1200,3,148.2,171,42,1029,798,5.937921727395412,39.8110661268556,21.661065661501233,73.04309725394832,20.0,0.06747638326585695,88.0,590.0,502.0,0.0,15.0,99.62689529252995,33.87314439946019
155,IMG_00155.tif,tif,800,1200,3,148.2,171,42,1029,798,5.937921727395412,39.8110661268556,21.661065661501233,73.04309725394832,20.0,0.06747638326585695,88.0,590.0,502.0,0.0,15.0,99.62689529252995,33.87314439946019
156,IMG_00156.tif,tif,800,1200,3,148.2,171,42,1029,798,6.41025641025641,25.775978407557353,18.759581181069386,64.50931937032524,20.0,0.06747638326585695,95.0,382.0,287.0,-1.0,15.0,56.95800587441453,19.365721997300945
157,IMG_00157.tif,tif,800,1200,3,148.2,171,42,1029,798,6.342780026990553,25.775978407557353,18.773076457722556,64.54901136048163,20.0,0.06747638326585695,94.0,382.0,288.0,-1.0,15.0,57.15646582519647,19.4331983805668
158,IMG_00158.tif,tif,800,1200,3,148.2,171,42,1029,798,6.342780026990553,25.775978407557353,18.773076457722556,64.54901136048163,20.0,0.06747638326585695,94.0,382.0,288.0,-1.0,15.0,57.15646582519647,19.4331983805668
159,IMG_00159.tif,tif,800,1200,3,148.2,171,42,1029,798,6.342780026990553,25.775978407557353,18.773076457722556,64.54901136048163,20.0,0.06747638326585695,94.0,382.0,288.0,-1.0,15.0,57.15646582519647,19.4331983805668
160,IMG_00160.tif,tif,800,1200,3,148.2,171,42,1029,798,6.41025641025641,25.775978407557353,18.759581181069386,64.50931937032524,20.0,0.06747638326585695,95.0,382.0,287.0,-1.0,15.0,56.95800587441453,19.365721997300945
161,IMG_00161.tif,tif,800,1200,3,148.2,171,42,1029,798,6.005398110661268,40.08097165991903,21.701551491460748,73.16217322441749,20.0,0.06747638326585695,89.0,594.0,505.0,1.0,15.0,100.22227514487575,34.07557354925776
162,IMG_00162.tif,tif,800,1200,3,148.2,171,42,1029,798,6.005398110661268,40.013495276653174,21.688056214807578,73.1224812342611,20.0,0.06747638326585695,89.0,593.0,504.0,1.0,15.0,100.02381519409383,34.0080971659919
163,IMG_00163.tif,tif,800,1200,3,148.2,171,42,1029,798,6.005398110661268,40.013495276653174,21.688056214807578,73.1224812342611,20.0,0.06747638326585695,89.0,593.0,504.0,1.0,15.0,100.02381519409383,34.0080971659919
164,IMG_00164.tif,tif,800,1200,3,148.2,171,42,1029,798,6.005398110661268,40.013495276653174,21.688056214807578,73.1224812342611,20.0,0.06747638326585695,89.0,593.0,504.0,1.0,15.0,100.02381519409383,34.0080971659919
165,IMG_00165.tif,tif,800,1200,3,148.2,171,42,1029,798,6.005398110661268,40.013495276653174,21.688056214807578,73.1224812342611,20.0,0.06747638326585695,89.0,593.0,504.0,1.5,15.0,100.02381519409383,34.0080971659919
166,IMG_00166.tif,tif,800,1200,3,148.2,171,42,1029,798,5.7354925775978405,30.70175438596491,19.87968914328261,84.72248130903004,14.090276920822323,0.06747638326585695,85.0,455.0,370.0,-4.0,9.090276920822323,158.02381556793858,24.966261808367072
167,IMG_00167.tif,tif,800,1200,3,148.2,171,42,1029,798,5.7354925775978405,30.70175438596491,19.87968914328261,84.72248130903004,14.090276920822323,0.06747638326585695,85.0,455.0,370.0,-4.0,9.090276920822323,158.02381556793858,24.966261808367072
168,IMG_00168.tif,tif,800,1200,3,148.2,171,42,1029,798,5.7354925775978405,30.634278002699055,19.86619386662944,84.63706303034468,14.090276920822323,0.06747638326585695,85.0,454.0,369.0,-4.0,9.090276920822323,157.59672417451173,24.898785425101213
169,IMG_00169.tif,tif,800,1200,3,148.2,171,42,1029,798,5.7354925775978405,30.634278002699055,19.86619386662944,84.63706303034468,14.090276920822323,0.06747638326585695,85.0,454.0,369.0,-4.0,9.090276920822323,157.59672417451173,24.898785425101213
170,IMG_00170.tif,tif,800,1200,3,148.2,171,42,1029,798,5.7354925775978405,30.364372469635626,19.812212760016756,84.2953899156032,14.090276920822323,0.06747638326585695,85.0,450.0,365.0,-4.0,9.090276920822323,155.88835860080428,24.628879892037787
171,IMG_00171.tif,tif,800,1200,3,148.2,171,42,1029,798,5.128205128205128,32.92847503373819,20.44649076271581,88.31004901381569,14.090276920822323,0.06747638326585695,76.0,488.0,412.0,-4.0,9.090276920822323,175.96165409186676,27.800269905533064
172,IMG_00172.tif,tif,800,1200,3,148.2,171,42,1029,798,5.128205128205128,32.92847503373819,20.44649076271581,84.50332292120501,15.203973721731684,0.06747638326585695,76.0,488.0,412.0,-4.5,10.203973721731684,156.92802362881338,27.800269905533064
173,IMG_00173.tif,tif,800,1200,3,148.2,171,42,1029,798,5.128205128205128,32.92847503373819,20.44649076271581,81.4685419417342,16.309932474020215,0.06747638326585695,76.0,488.0,412.0,-5.0,11.309932474020215,141.75411873145933,27.800269905533064
174,IMG_00174.tif,tif,800,1200,3,148.2,171,42,1029,798,5.128205128205128,32.92847503373819,20.44649076271581,81.4685419417342,16.309932474020215,0.06747638326585695,76.0,488.0,412.0,-5.0,11.309932474020215,141.75411873145933,27.800269905533064
175,IMG_00175.tif,tif,800,1200,3,148.2,171,42,1029,798,5.128205128205128,32.92847503373819,20.44649076271581,84.50332292120501,15.203973721731684,0.06747638326585695,76.0,488.0,412.0,-4.5,10.203973721731684,156.92802362881338,27.800269905533064
176,IMG_00176.tif,tif,800,1200,3,148.2,171,42,1029,798,5.128205128205128,28.205128205128204,19.50182139699381,70.23519729752651,20.642246457208728,0.06747638326585695,76.0,418.0,342.0,-7.0,15.642246457208728,85.58739551042089,23.076923076923077
177,IMG_00177.tif,tif,800,1200,3,148.2,171,42,1029,798,5.128205128205128,28.205128205128204,19.50182139699381,70.23519729752651,20.642246457208728,0.06747638326585695,76.0,418.0,342.0,-7.0,15.642246457208728,85.58739551042089,23.076923076923077
178,IMG_00178.tif,tif,800,1200,3,148.2,171,42,1029,798,5.128205128205128,28.205128205128204,19.50182139699381,70.23519729752651,20.642246457208728,0.06747638326585695,76.0,418.0,342.0,-7.0,15.642246457208728,85.58739551042089,23.076923076923077
179,IMG_00179.tif,tif,800,1200,3,148.2,171,42,1029,798,5.128205128205128,28.205128205128204,19.50182139699381,70.23519729752651,20.642246457208728,0.06747638326585695,76.0,418.0,342.0,-7.0,15.642246457208728,85.58739551042089,23.076923076923077
180,IMG_00180.tif,tif,800,1200,3,148.2,171,42,1029,798,5.128205128205128,28.205128205128204,19.50182139699381,70.23519729752651,20.642246457208728,0.06747638326585695,76.0,418.0,342.0,-7.0,15.642246457208728,85.58739551042089,23.076923076923077
181,IMG_00181.tif,tif,800,1200,3,148.2,171,42,1029,798,5.195681511470985,33.46828609986505,20.540957699288008,81.95023069470518,16.309932474020215,0.06747638326585695,77.0,496.0,419.0,-5.0,11.309932474020215,144.16256249631422,28.27260458839406
182,IMG_00182.tif,tif,800,1200,3,148.2,171,42,1029,798,5.195681511470985,33.46828609986505,20.540957699288008,81.95023069470518,16.309932474020215,0.06747638326585695,77.0,496.0,419.0,-5.0,11.309932474020215,144.16256249631422,28.27260458839406
183,IMG_00183.tif,tif,800,1200,3,148.2,171,42,1029,798,5.195681511470985,33.46828609986505,20.540957699288008,81.95023069470518,16.309932474020215,0.06747638326585695,77.0,496.0,419.0,-5.0,11.309932474020215,144.16256249631422,28.27260458839406
184,IMG_00184.tif,tif,800,1200,3,148.2,171,42,1029,798,5.195681511470985,33.46828609986505,20.540957699288008,81.95023069470518,16.309932474020215,0.06747638326585695,77.0,496.0,419.0,-5.0,11.309932474020215,144.16256249631422,28.27260458839406
185,IMG_00185.tif,tif,800,1200,3,148.2,171,42,1029,798,5.195681511470985,33.46828609986505,20.540957699288008,81.95023069470518,16.309932474020215,0.06747638326585695,77.0,496.0,419.0,-5.0,11.309932474020215,144.16256249631422,28.27260458839406
186,IMG_00186.tif,tif,800,1200,3,148.2,171,42,1029,798,12.753036437246964,41.228070175438596,20.581443529247522,93.11771819544234,11.84277341263094,0.06747638326585695,189.0,611.0,422.0,-3.0,6.84277341263094,200.0,28.475033738191634
187,IMG_00187.tif,tif,800,1200,3,148.2,171,42,1029,798,12.753036437246964,41.228070175438596,20.581443529247522,93.11771819544234,12.96961039432136,0.06747638326585695,189.0,611.0,422.0,-3.5,7.96961039432136,200.0,28.475033738191634
188,IMG_00188.tif,tif,800,1200,3,148.2,171,42,1029,798,12.753036437246964,41.228070175438596,20.581443529247522,89.16423180066941,14.090276920822323,0.06747638326585695,189.0,611.0,422.0,-4.0,9.090276920822323,180.23256802613537,28.475033738191634
189,IMG_00189.tif,tif,800,1200,3,148.2,171,42,1029,798,12.753036437246964,41.228070175438596,20.581443529247522,89.16423180066941,14.090276920822323,0.06747638326585695,189.0,611.0,422.0,-4.0,9.090276920822323,180.23256802613537,28.475033738191634
190,IMG_00190.tif,tif,800,1200,3,148.2,171,42,1029,798,12.753036437246964,41.228070175438596,20.581443529247522,89.16423180066941,14.090276920822323,0.06747638326585695,189.0,611.0,422.0,-4.0,9.090276920822323,180.23256802613537,28.475033738191634
191,IMG_00191.tif,tif,800,1200,3,148.2,171,42,1029,798,11.538461538461538,40.553306342780026,20.689405742472896,93.11771819544234,11.84277341263094,0.06747638326585695,171.0,601.0,430.0,-3.0,6.84277341263094,200.0,29.01484480431849
192,IMG_00192.tif,tif,800,1200,3,148.2,171,42,1029,798,11.538461538461538,40.553306342780026,20.689405742472896,93.11771819544234,11.84277341263094,0.06747638326585695,171.0,601.0,430.0,-3.0,6.84277341263094,200.0,29.01484480431849
193,IMG_00193.tif,tif,800,1200,3,148.2,171,42,1029,798,11.538461538461538,40.553306342780026,20.689405742472896,93.11771819544234,11.84277341263094,0.06747638326585695,171.0,601.0,430.0,-3.0,6.84277341263094,200.0,29.01484480431849
194,IMG_00194.tif,tif,800,1200,3,148.2,171,42,1029,798,11.538461538461538,40.553306342780026,20.689405742472896,93.11771819544234,11.84277341263094,0.06747638326585695,171.0,601.0,430.0,-3.0,6.84277341263094,200.0,29.01484480431849
195,IMG_00195.tif,tif,800,1200,3,148.2,171,42,1029,798,11.538461538461538,40.48582995951417,20.675910465819722,93.11771819544234,11.84277341263094,0.06747638326585695,171.0,600.0,429.0,-3.0,6.84277341263094,200.0,28.94736842105263
196,IMG_00196.tif,tif,800,1200,3,152.25,163,91,1037,696,6.371100164203613,26.732348111658457,18.958686371100168,70.56725356917657,18.49573328079581,0.06568144499178982,97.0,407.0,310.0,6.0,13.495733280795813,87.24767686867119,20.361247947454846
197,IMG_00197.tif,tif,800,1200,3,121.8,249,91,951,696,9.195402298850574,31.444991789819376,19.33635467980296,85.21282874791463,12.96961039432136,0.08210180623973727,112.0,383.0,271.0,3.5,7.96961039432136,160.47555276236147,22.249589490968802
198,IMG_00198.tif,tif,800,1200,3,159.66666666666666,142,91,1058,566,2.755741127348643,22.171189979123174,18.769526551964102,77.69571334803129,14.090276920822323,0.06263048016701461,44.0,354.0,310.0,-4.0,9.090276920822323,122.88997576294479,19.41544885177453
199,IMG_00199.tif,tif,800,1200,3,159.66666666666666,142,91,1058,566,3.6325678496868474,21.29436325678497,18.418795863028823,82.76522787383897,11.84277341263094,0.06263048016701461,58.0,340.0,282.0,-3.0,6.84277341263094,148.23754839198315,17.661795407098122
200,IMG_00200.tif,tif,800,1200,3,159.66666666666666,142,91,1058,566,0.0,21.419624217118997,19.170361625032996,71.47427921926861,18.49573328079581,0.06263048016701461,0.0,342.0,342.0,-6.0,13.495733280795813,91.78280511913141,21.419624217118997
201,IMG_00201.tif,tif,800,1200,3,152.25,163,91,1037,696,2.233169129720854,22.13464696223317,18.86673234811166,73.41332295890524,16.309932474020215,0.06568144499178982,34.0,337.0,303.0,5.0,11.309932474020215,101.47802381731454,19.901477832512317
202,IMG_00202.tif,tif,800,1200,3,152.25,163,91,1037,696,5.845648604269294,33.69458128078818,20.456223316912975,88.37165116159666,14.090276920822323,0.06568144499178982,89.0,513.0,424.0,4.0,9.090276920822323,176.26966483077163,27.848932676518885
203,IMG_00203.tif,tif,800,1200,3,152.25,163,91,1037,696,1.7733990147783252,22.72577996715928,19.07691297208539,79.64131398837448,14.090276920822323,0.06568144499178982,27.0,346.0,319.0,4.0,9.090276920822323,132.61797896466075,20.952380952380953
204,IMG_00204.tif,tif,800,1200,3,152.25,163,91,1037,696,2.627257799671593,26.60098522167488,19.681182266009856,93.11771819544234,11.84277341263094,0.06568144499178982,40.0,405.0,365.0,3.0,6.84277341263094,200.0,23.973727422003286
205,IMG_00205.tif,tif,800,1200,3,135.33333333333334,211,91,989,696,6.133004926108374,29.261083743842363,19.512052545155996,76.70382323614984,16.309932474020215,0.07389162561576354,83.0,396.0,313.0,5.0,11.309932474020215,117.93052520353754,23.12807881773399
206,IMG_00206.tif,tif,800,1200,3,135.33333333333334,211,91,989,696,10.344827586206895,29.630541871921178,18.743579638752053,77.53148250484578,14.090276920822323,0.07389162561576354,140.0,401.0,261.0,4.0,9.090276920822323,122.06882154701727,19.285714285714285
207,IMG_00207.tif,tif,800,1200,3,152.25,163,91,1037,696,5.320197044334976,22.06896551724138,18.23619047619048,74.31996561612478,14.090276920822323,0.06568144499178982,81.0,336.0,255.0,4.0,9.090276920822323,106.0112371034122,16.748768472906406
208,IMG_00208.tif,tif,800,1200,3,152.25,163,91,1037,696,7.42200328407225,29.228243021346472,19.24768472906404,80.7222128764877,14.090276920822323,0.06568144499178982,113.0,445.0,332.0,4.0,9.090276920822323,138.02247340522686,21.806239737274222
209,IMG_00209.tif,tif,800,1200,3,152.25,163,91,1037,696,0.9852216748768473,25.02463054187192,19.694318555008213,83.54917919924536,14.090276920822323,0.06568144499178982,15.0,381.0,366.0,4.0,9.090276920822323,152.15730501901515,24.039408866995075
210,IMG_00210.tif,tif,800,1200,3,152.25,163,91,1037,696,7.947454844006568,25.68144499178982,18.433234811165846,82.8864156819783,11.84277341263094,0.06568144499178982,121.0,391.0,270.0,3.0,6.84277341263094,148.84348743267986,17.733990147783253
211,IMG_00211.tif,tif,800,1200,3,121.8,249,91,951,696,7.22495894909688,35.79638752052545,20.60072249589491,85.37393608974212,15.203973721731684,0.08210180623973727,88.0,436.0,348.0,4.5,10.203973721731684,161.2810894714989,28.57142857142857
212,IMG_00212.tif,tif,800,1200,3,121.8,249,91,951,696,6.568144499178982,28.48932676518883,19.270673234811166,66.73747348329476,23.778033222445544,0.08210180623973727,80.0,347.0,267.0,8.5,18.778033222445544,68.0987764392622,21.92118226600985
213,IMG_00213.tif,tif,800,1200,3,121.8,249,91,951,696,11.001642036124794,37.02791461412151,20.09169129720854,86.06434776581652,14.090276920822323,0.08210180623973727,134.0,451.0,317.0,4.0,9.090276920822323,164.7331478518709,26.026272577996714
214,IMG_00214.tif,tif,800,1200,3,152.25,163,91,1037,696,11.691297208538588,31.395730706075536,18.827323481116586,73.21237637708877,16.309932474020215,0.06568144499178982,178.0,478.0,300.0,5.0,11.309932474020215,100.4732909082322,19.704433497536947
215,IMG_00215.tif,tif,800,1200,3,135.33333333333334,211,91,989,696,15.147783251231525,40.1231527093596,19.88151067323481,84.73401067275408,14.090276920822323,0.07389162561576354,205.0,543.0,338.0,4.0,9.090276920822323,158.08146238655877,24.975369458128075
216,IMG_00216.tif,tif,800,1200,3,135.33333333333334,211,91,989,696,7.980295566502463,29.704433497536943,19.23126436781609,71.73524666274103,18.49573328079581,0.07389162561576354,108.0,402.0,294.0,6.0,13.495733280795813,93.08764233649353,21.72413793103448
217,IMG_00217.tif,tif,800,1200,3,152.25,163,91,1037,696,8.998357963875206,29.885057471264368,19.06377668308703,74.41805586798756,16.309932474020215,0.06568144499178982,137.0,455.0,318.0,5.0,11.309932474020215,106.50168836272616,20.886699507389164
218,IMG_00218.tif,tif,800,1200,3,152.25,163,91,1037,696,9.064039408866995,29.688013136289,19.0112315270936,82.86787233116573,12.96961039432136,0.06568144499178982,138.0,452.0,314.0,3.5,7.96961039432136,148.750770678617,20.623973727422005
219,IMG_00219.tif,tif,800,1200,3,152.25,163,91,1037,696,6.042692939244664,27.980295566502463,19.27395730706076,69.39009789139187,20.642246457208728,0.06568144499178982,92.0,426.0,334.0,7.0,15.642246457208728,81.3618984797477,21.9376026272578
220,IMG_00220.tif,tif,800,1200,3,152.25,163,91,1037,696,5.123152709359606,26.535303776683087,19.168866995073895,74.95391341949814,16.309932474020215,0.06568144499178982,78.0,404.0,326.0,5.0,11.309932474020215,109.180976120279,21.41215106732348
221,IMG_00221.tif,tif,800,1200,3,152.25,163,91,1037,696,5.582922824302135,29.228243021346472,19.615500821018063,83.05030278934696,14.090276920822323,0.06568144499178982,85.0,445.0,360.0,4.0,9.090276920822323,149.66292296952312,23.645320197044335
222,IMG_00222.tif,tif,800,1200,3,152.25,163,91,1037,696,6.042692939244664,25.94417077175698,18.86673234811166,67.87978720104925,20.642246457208728,0.06568144499178982,92.0,395.0,303.0,7.0,15.642246457208728,73.81034502803458,19.901477832512317
223,IMG_00223.tif,tif,800,1200,3,152.25,163,91,1037,696,9.786535303776683,28.637110016420362,18.656551724137934,76.98063980224963,14.090276920822323,0.06568144499178982,149.0,436.0,287.0,4.0,9.090276920822323,119.31460803403648,18.850574712643677
224,IMG_00224.tif,tif,800,1200,3,152.25,163,91,1037,696,5.582922824302135,22.857142857142858,18.341280788177343,67.92167885122332,18.49573328079581,0.06568144499178982,85.0,348.0,263.0,6.0,13.495733280795813,74.01980327890492,17.274220032840724
225,IMG_00225.tif,tif,800,1200,3,152.25,163,91,1037,696,7.22495894909688,29.031198686371102,19.24768472906404,75.35580658313106,16.309932474020215,0.06568144499178982,110.0,442.0,332.0,5.0,11.309932474020215,111.19044193844364,21.806239737274222
226,IMG_00226.tif,tif,800,1200,3,152.25,163,91,1037,696,6.568144499178982,17.668308702791464,17.106469622331694,59.64722655050849,20.0,0.06568144499178982,100.0,269.0,169.0,1.0,15.0,32.64754177533082,11.10016420361248
227,IMG_00227.tif,tif,800,1200,3,152.25,163,91,1037,696,5.582922824302135,29.35960591133005,19.64177339901478,69.66677547502906,21.69924423399362,0.06568144499178982,85.0,447.0,362.0,7.5,16.69924423399362,82.74528639793364,23.776683087027916
228,IMG_00228.tif,tif,800,1200,3,152.25,163,91,1037,696,12.151067323481117,32.512315270935964,18.958686371100168,73.88219831647699,16.309932474020215,0.06568144499178982,185.0,495.0,310.0,-5.0,11.309932474020215,103.82240060517329,20.361247947454846
229,IMG_00229.tif,tif,800,1200,3,135.33333333333334,211,91,989,696,15.147783251231525,38.86699507389162,19.630279146141216,83.1438421162029,14.090276920822323,0.07389162561576354,205.0,526.0,321.0,-4.0,9.090276920822323,150.13061960380284,23.719211822660096
230,IMG_00230.tif,tif,800,1200,3,135.33333333333334,211,91,989,696,10.418719211822658,31.403940886699505,19.083481116584565,68.68366224590903,20.642246457208728,0.07389162561576354,141.0,425.0,284.0,-7.0,15.642246457208728,77.82972025233349,20.985221674876847
231,IMG_00231.tif,tif,800,1200,3,152.25,163,91,1037,696,9.326765188834155,32.052545155993435,19.431592775041054,74.27157783880351,17.407418527400743,0.06568144499178982,142.0,488.0,346.0,-5.5,12.407418527400745,105.76929821680586,22.72577996715928
232,IMG_00232.tif,tif,800,1200,3,152.25,163,91,1037,696,9.326765188834155,29.35960591133005,18.893004926108375,73.54728734678288,16.309932474020215,0.06568144499178982,142.0,447.0,305.0,-5.0,11.309932474020215,102.14784575670275,20.032840722495894
233,IMG_00233.tif,tif,800,1200,3,152.25,163,91,1037,696,6.8965517241379315,26.07553366174056,18.722233169129723,80.78346662738893,12.96961039432136,0.06568144499178982,105.0,397.0,292.0,-3.5,7.96961039432136,138.32874215973303,19.17898193760263
234,IMG_00234.tif,tif,800,1200,3,159.42857142857142,142,91,1058,645,5.331541218637994,20.13440860215054,17.847010258311705,71.8566515867832,14.090276920822323,0.06272401433691757,85.0,321.0,236.0,4.0,9.090276920822323,93.69466695670437,14.802867383512547
235,IMG_00235.tif,tif,800,1200,3,159.42857142857142,142,91,1058,645,0.0,20.94982078853047,19.076400939315292,66.86541456720525,22.744671625056935,0.06272401433691757,0.0,334.0,334.0,8.0,17.744671625056935,68.73848185881461,20.94982078853047
236,IMG_00236.tif,tif,800,1200,3,135.33333333333334,211,91,989,696,8.571428571428571,33.0295566502463,19.778062397372743,84.07923538476241,14.090276920822323,0.07389162561576354,116.0,447.0,331.0,4.0,9.090276920822323,154.80758594660043,24.458128078817733
237,IMG_00237.tif,tif,800,1200,3,121.8,249,91,951,696,3.694581280788177,32.5944170771757,20.666403940886703,69.38933465158735,25.806791012711226,0.08210180623973727,45.0,397.0,352.0,9.5,20.806791012711226,81.35808228072507,28.89983579638752
238,IMG_00238.tif,tif,800,1200,3,152.25,163,91,1037,696,2.233169129720854,25.68144499178982,19.576091954022992,77.0303614316016,16.309932474020215,0.06568144499178982,34.0,391.0,357.0,5.0,11.309932474020215,119.56321618079633,23.448275862068968
239,IMG_00239.tif,tif,800,1200,3,152.25,163,91,1037,696,0.0,24.236453201970445,19.733727422003287,93.11771819544234,10.710593137499643,0.06568144499178982,0.0,369.0,369.0,2.5,5.710593137499643,200.0,24.236453201970445
240,IMG_00240.tif,tif,800,1200,3,152.25,163,91,1037,696,4.137931034482759,25.221674876847292,19.103185550082102,71.18643063082521,18.49573328079581,0.06568144499178982,63.0,384.0,321.0,6.0,13.495733280795813,90.34356217691438,21.083743842364534
241,IMG_00241.tif,tif,800,1200,3,152.25,163,91,1037,696,10.246305418719212,31.592775041050906,19.155730706075534,80.14019039827289,14.090276920822323,0.06568144499178982,156.0,481.0,325.0,4.0,9.090276920822323,135.11236101415278,21.346469622331693
242,IMG_00242.tif,tif,800,1200,3,121.8,249,91,951,696,5.829228243021347,28.735632183908045,19.467717569786537,74.43970822614236,17.407418527400743,0.08210180623973727,71.0,350.0,279.0,5.5,12.407418527400745,106.60995015350012,22.906403940886698
243,IMG_00243.tif,tif,800,1200,3,152.25,163,91,1037,696,1.7733990147783252,23.316912972085387,19.19513957307061,69.09777969326105,20.642246457208728,0.06568144499178982,27.0,355.0,328.0,-7.0,15.642246457208728,79.90030748909354,21.543513957307063
244,IMG_00244.tif,tif,800,1200,3,152.25,163,91,1037,696,1.7077175697865354,23.908045977011497,19.32650246305419,81.22108928638612,14.090276920822323,0.06568144499178982,26.0,364.0,338.0,-4.0,9.090276920822323,140.51685545471892,22.20032840722496
245,IMG_00245.tif,tif,800,1200,3,152.25,163,91,1037,696,3.8095238095238098,28.177339901477833,19.76,93.11771819544234,11.84277341263094,0.06568144499178982,58.0,429.0,371.0,3.0,6.84277341263094,200.0,24.367816091954023
246,IMG_00246.tif,tif,800,1200,3,152.25,163,91,1037,696,3.4811165845648606,24.499178981937604,19.090049261083745,68.70802209575326,20.642246457208728,0.06568144499178982,53.0,373.0,320.0,-7.0,15.642246457208728,77.95151950155467,21.018062397372745
247,IMG_00247.tif,tif,800,1200,3,152.25,163,91,1037,696,18.98193760262726,35.40229885057472,18.170509031198687,69.8632666801477,16.309932474020215,0.06568144499178982,289.0,539.0,250.0,5.0,11.309932474020215,83.72774242352683,16.420361247947454
248,IMG_00248.tif,tif,800,1200,3,152.25,163,91,1037,696,0.0,24.302134646962234,19.746863711001645,83.88176347251097,14.090276920822323,0.06568144499178982,0.0,370.0,370.0,-4.0,9.090276920822323,153.8202263853432,24.302134646962234
249,IMG_00249.tif,tif,800,1200,3,152.25,163,91,1037,696,2.3645320197044337,21.9376026272578,18.80105090311987,73.07841198921113,16.309932474020215,0.06568144499178982,36.0,334.0,298.0,-5.0,11.309932474020215,99.80346896884399,19.573070607553365
250,IMG_00250.tif,tif,800,1200,3,152.25,163,91,1037,696,9.458128078817735,32.052545155993435,19.405320197044336,81.71996569628453,14.090276920822323,0.06568144499178982,144.0,488.0,344.0,-4.0,9.090276920822323,143.01123750421098,22.5944170771757
251,IMG_00251.tif,tif,800,1200,3,159.66666666666666,142,91,1058,566,6.012526096033403,18.789144050104383,17.441760372423392,61.5019934626917,22.744671625056935,0.06263048016701461,96.0,300.0,204.0,8.0,17.744671625056935,41.92137633624682,12.77661795407098
252,IMG_00252.png,png,800,1200,3,150.0,385,117,815,722,11.2,31.066666666666666,18.85977011494253,78.26690947910436,14.090276920822323,0.06666666666666667,168.0,466.0,298.0,4.0,9.090276920822323,125.74595641831013,19.866666666666667
253,IMG_00253.png,png,800,1200,3,134.0,408,117,792,722,12.910447761194028,35.97014925373134,19.498377080116658,66.68224848517016,20.0,0.07462686567164178,173.0,482.0,309.0,2.0,15.0,67.82265144863915,23.05970149253731
254,IMG_00254.png,png,800,1200,3,172.0,354,117,846,722,0.5232558139534884,25.0,19.7817856188185,74.09422290725942,18.49573328079581,0.05813953488372093,9.0,430.0,421.0,6.0,13.495733280795813,104.88252355908541,24.47674418604651
255,IMG_00255.png,png,800,1200,3,172.0,354,117,846,722,1.9186046511627908,28.72093023255814,20.246901897888268,70.70594665188268,22.744671625056935,0.05813953488372093,33.0,494.0,461.0,8.0,17.744671625056935,87.94114228220178,26.802325581395348
256,IMG_00256.png,png,800,1200,3,172.0,354,117,846,722,4.651162790697675,26.86046511627907,19.328297246725477,66.18201368107844,20.0,0.05813953488372093,80.0,462.0,382.0,1.0,15.0,65.32147742818057,22.209302325581394
257,IMG_00257.png,png,800,1200,3,172.0,354,117,846,722,3.0232558139534884,23.023255813953487,18.8864367816092,64.92690064485248,24.79887635452493,0.05813953488372093,52.0,396.0,344.0,9.0,19.79887635452493,59.04591224705076,20.0
258,IMG_00258.png,png,800,1200,3,121.0,428,117,772,722,3.553719008264463,31.983471074380166,20.572387194832338,65.44223685899033,32.47443162627713,0.08264462809917356,43.0,387.0,344.0,13.0,27.47443162627713,61.622593317739955,28.429752066115704
259,IMG_00259.png,png,800,1200,3,150.0,385,117,815,722,5.0,22.866666666666667,18.45977011494253,66.37045090470039,20.642246457208728,0.06666666666666667,75.0,343.0,268.0,7.0,15.642246457208728,66.2636635462903,17.866666666666667
260,IMG_00260.png,png,800,1200,3,172.0,354,117,846,722,7.790697674418604,29.24418604651163,19.1771344560278,71.50330071007537,18.49573328079581,0.05813953488372093,134.0,503.0,369.0,6.0,13.495733280795813,91.92791257316513,21.453488372093023
261,IMG_00261.png,png,800,1200,3,150.0,385,117,815,722,8.066666666666666,31.8,19.633103448275865,77.32106415329608,16.309932474020215,0.06666666666666667,121.0,477.0,356.0,5.0,11.309932474020215,121.01672978926875,23.733333333333334
262,IMG_00262.png,png,800,1200,3,172.0,354,117,846,722,1.2209302325581395,22.151162790697676,19.072483293237102,66.85256037400747,22.744671625056935,0.05813953488372093,21.0,381.0,360.0,8.0,17.744671625056935,68.67421089282568,20.930232558139533
263,IMG_00263.png,png,800,1200,3,172.0,354,117,846,722,16.86046511627907,26.86046511627907,16.8864367816092,59.117718195442336,20.0,0.05813953488372093,290.0,462.0,172.0,-1.0,15.0,30.0,10.0
264,IMG_00264.png,png,800,1200,3,150.0,385,117,815,722,0.6,14.533333333333333,17.673103448275864,61.313796626814884,20.0,0.06666666666666667,9.0,218.0,209.0,-2.0,15.0,40.98039215686274,13.933333333333334
265,IMG_00265.png,png,800,1200,3,172.0,354,117,846,722,5.465116279069767,23.372093023255815,18.467832130446407,63.69105596991422,24.79887635452493,0.05813953488372093,94.0,402.0,308.0,9.0,19.79887635452493,52.866688872359404,17.906976744186046
266,IMG_00266.png,png,800,1200,3,150.0,385,117,815,722,19.066666666666666,33.266666666666666,17.7264367816092,61.47065937191292,20.0,0.06666666666666667,286.0,499.0,213.0,0.0,15.0,41.764705882352935,14.2
267,IMG_00267.png,png,800,1200,3,134.0,408,117,792,722,4.477611940298507,27.014925373134325,19.39389946817636,67.90715936715435,22.744671625056935,0.07462686567164178,60.0,362.0,302.0,8.0,17.744671625056935,73.94720585856005,22.53731343283582
268,IMG_00268.png,png,800,1200,3,134.0,408,117,792,722,0.5223880597014925,28.73134328358209,20.528227826385315,88.82740330471903,14.090276920822323,0.07462686567164178,7.0,385.0,378.0,4.0,9.090276920822323,178.54842554638347,28.208955223880594
269,IMG_00269.png,png,800,1200,3,150.0,385,117,815,722,0.6,30.2,20.806436781609197,78.48483952294902,18.49573328079581,0.06666666666666667,9.0,453.0,444.0,6.0,13.495733280795813,126.83560663753342,29.599999999999998
270,IMG_00270.png,png,800,1200,3,172.0,354,117,846,722,0.5232558139534884,26.3953488372093,20.06085538626036,68.3941315384293,24.79887635452493,0.05813953488372093,9.0,454.0,445.0,9.0,19.79887635452493,76.38206671493485,25.872093023255815
271,IMG_00271.png,png,800,1200,3,172.0,354,117,846,722,6.569767441860465,26.453488372093023,18.86318096765571,70.1580141846144,18.49573328079581,0.05813953488372093,113.0,455.0,342.0,6.0,13.495733280795813,85.20147994586037,19.883720930232556
272,IMG_00272.png,png,800,1200,3,172.0,354,117,846,722,10.872093023255815,30.75581395348837,18.86318096765571,78.2884984524242,14.090276920822323,0.05813953488372093,187.0,529.0,342.0,4.0,9.090276920822323,125.85390128490927,19.883720930232556
273,IMG_00273.png,png,800,1200,3,172.0,354,117,846,722,5.116279069767442,21.3953488372093,18.14225073509757,63.80037322321522,22.744671625056935,0.05813953488372093,88.0,368.0,280.0,8.0,17.744671625056935,53.41327513886442,16.27906976744186
274,IMG_00274.png,png,800,1200,3,134.0,408,117,792,722,7.53731343283582,30.07462686567164,19.39389946817636,72.43213590648261,18.49573328079581,0.07462686567164178,101.0,403.0,302.0,-6.0,13.495733280795813,96.57208855520142,22.53731343283582
275,IMG_00275.png,png,800,1200,3,100.0,457,117,743,722,6.5,17.8,17.146436781609196,59.76477701897174,20.0,0.1,65.0,178.0,113.0,0.0,15.0,33.23529411764706,11.3
276,IMG_00276.png,png,800,1200,3,172.0,354,117,846,722,1.3372093023255813,24.53488372093023,19.52597166533013,72.99806351614309,18.49573328079581,0.05813953488372093,23.0,422.0,399.0,6.0,13.495733280795813,99.40172660350376,23.197674418604652
277,IMG_00277.png,png,800,1200,3,172.0,354,117,846,722,2.6162790697674416,25.75581395348837,19.514343758353384,82.41002972257327,14.090276920822323,0.05813953488372093,45.0,443.0,398.0,4.0,9.090276920822323,146.46155763565466,23.13953488372093
278,IMG_00278.png,png,800,1200,3,150.0,385,117,815,722,0.8666666666666667,22.266666666666666,19.166436781609196,65.7535434163112,24.79887635452493,0.06666666666666667,13.0,334.0,321.0,-9.0,19.79887635452493,63.17912610434431,21.4
279,IMG_00279.png,png,800,1200,3,201.0,313,117,887,722,2.2885572139303485,17.960199004975124,18.020765139818153,72.9564321450405,14.090276920822323,0.04975124378109453,46.0,361.0,315.0,-4.0,9.090276920822323,99.19356974799082,15.671641791044777
280,IMG_00280.png,png,800,1200,3,201.0,313,117,887,722,3.2338308457711444,19.402985074626866,18.12026762738034,69.60708478168766,16.309932474020215,0.04975124378109453,65.0,390.0,325.0,-5.0,11.309932474020215,82.44683293122661,16.16915422885572
281,IMG_00281.png,png,800,1200,3,134.0,408,117,792,722,19.925373134328357,29.925373134328357,16.8864367816092,63.3157572226279,16.309932474020215,0.07462686567164178,267.0,401.0,134.0,5.0,11.309932474020215,50.99019513592784,10.0
282,IMG_00282.png,png,800,1200,3,172.0,354,117,846,722,1.8023255813953487,22.325581395348838,18.991087944399894,70.70609388017257,18.49573328079581,0.05813953488372093,31.0,384.0,353.0,6.0,13.495733280795813,87.94187842365119,20.523255813953487
283,IMG_00283.png,png,800,1200,3,134.0,408,117,792,722,0.5223880597014925,12.53731343283582,17.28942185623606,60.18532135610958,20.0,0.07462686567164178,7.0,168.0,161.0,-1.0,15.0,35.338015803336255,12.014925373134327
284,IMG_00284.png,png,800,1200,3,134.0,408,117,792,722,3.432835820895522,24.029850746268654,19.005839766683824,68.39570700595925,20.642246457208728,0.07462686567164178,46.0,322.0,276.0,-7.0,15.642246457208728,76.38994405258461,20.59701492537313
285,IMG_00285.png,png,800,1200,3,172.0,354,117,846,722,6.162790697674419,27.61627906976744,19.1771344560278,74.99606936422998,16.309932474020215,0.05813953488372093,106.0,475.0,369.0,-5.0,11.309932474020215,109.39175584393823,21.453488372093023
286,IMG_00286.png,png,800,1200,3,172.0,354,117,846,722,10.232558139534884,33.31395348837209,19.50271585137664,72.89841266240524,18.49573328079581,0.05813953488372093,176.0,573.0,397.0,-6.0,13.495733280795813,98.90347233481452,23.08139534883721
287,IMG_00287.png,png,800,1200,3,172.0,354,117,846,722,5.290697674418604,22.441860465116278,18.31666933974873,81.9080678236918,11.84277341263094,0.05813953488372093,91.0,386.0,295.0,-3.0,6.84277341263094,143.95174814124732,17.151162790697676
288,IMG_00288.png,png,800,1200,3,121.0,428,117,772,722,3.0578512396694215,28.84297520661157,20.043461574997625,67.00343240888006,26.801409486351815,0.08264462809917356,37.0,349.0,312.0,10.0,21.801409486351815,69.42857106718866,25.785123966942148
289,IMG_00289.png,png,800,1200,3,150.0,385,117,815,722,1.8,21.066666666666666,18.73977011494253,64.49389728837411,24.79887635452493,0.06666666666666667,27.0,316.0,289.0,-9.0,19.79887635452493,56.8808954646589,19.266666666666666
290,IMG_00290.png,png,800,1200,3,150.0,385,117,815,722,3.3333333333333335,21.066666666666666,18.433103448275865,63.58852663391934,24.79887635452493,0.06666666666666667,50.0,316.0,266.0,-9.0,19.79887635452493,52.35404219238501,17.733333333333334
291,IMG_00291.png,png,800,1200,3,150.0,385,117,815,722,9.533333333333333,29.733333333333334,18.926436781609198,73.71775703035718,16.309932474020215,0.06666666666666667,143.0,446.0,303.0,5.0,11.309932474020215,103.00019417457425,20.2
292,IMG_00292.png,png,800,1200,3,134.0,408,117,792,722,1.6417910447761193,20.07462686567164,18.5730039457883,62.27146465429083,28.749494492866763,0.07462686567164178,22.0,269.0,247.0,-11.0,23.749494492866763,45.768732294242504,18.43283582089552
293,IMG_00293.png,png,800,1200,3,121.0,428,117,772,722,0.743801652892562,28.59504132231405,20.456684715493495,81.52052110586826,16.309932474020215,0.08264462809917356,9.0,346.0,337.0,-5.0,11.309932474020215,142.01401455212962,27.85123966942149
294,IMG_00294.png,png,800,1200,3,121.0,428,117,772,722,0.743801652892562,13.305785123966942,17.398833475824073,60.50712023725079,20.0,0.08264462809917356,9.0,161.0,152.0,1.0,15.0,36.94701020904229,12.561983471074381
295,IMG_00295.png,png,800,1200,3,172.0,354,117,846,722,5.6976744186046515,28.8953488372093,19.52597166533013,66.81499667600818,24.79887635452493,0.05813953488372093,98.0,497.0,399.0,-9.0,19.79887635452493,68.48639240282922,23.197674418604652
296,IMG_00296.png,png,800,1200,3,121.0,428,117,772,722,0.578512396694215,11.322314049586778,17.03519711218771,59.437601520673255,20.0,0.08264462809917356,7.0,137.0,130.0,0.0,15.0,31.599416626154593,10.743801652892563
297,IMG_00297.png,png,800,1200,3,121.0,428,117,772,722,10.991735537190083,33.47107438016529,19.38230455020424,90.85207082208537,11.84277341263094,0.08264462809917356,133.0,405.0,272.0,-3.0,6.84277341263094,188.67176313321517,22.479338842975206
298,IMG_00298.png,png,800,1200,3,121.0,428,117,772,722,7.603305785123967,19.09090909090909,17.18395744276622,62.962563696122,18.49573328079581,0.08264462809917356,92.0,231.0,139.0,6.0,13.495733280795813,49.22422750339833,11.487603305785123
299,IMG_00299.png,png,800,1200,3,150.0,385,117,815,722,0.6,13.933333333333334,17.553103448275863,60.9608554503443,20.0,0.06666666666666667,9.0,209.0,200.0,2.0,15.0,39.21568627450981,13.333333333333334
300,IMG_00300.png,png,800,1200,3,150.0,385,117,815,722,7.133333333333333,24.8,18.41977011494253,75.48193192084648,14.090276920822323,0.06666666666666667,107.0,372.0,265.0,4.0,9.090276920822323,111.82106862702075,17.666666666666668
301,IMG_00301.png,png,800,1200,3,121.0,428,117,772,722,2.644628099173554,23.140495867768596,18.985610335328204,65.21969029235852,24.79887635452493,0.08264462809917356,32.0,280.0,248.0,-9.0,19.79887635452493,60.50986048458095,20.49586776859504
302,IMG_00302.png,png,800,1200,3,150.0,385,117,815,722,0.5333333333333333,10.533333333333333,16.8864367816092,59.117718195442336,20.0,0.06666666666666667,8.0,158.0,150.0,2.0,15.0,30.0,10.0
303,IMG_00303.png,png,800,1200,3,150.0,385,117,815,722,8.666666666666666,29.066666666666666,18.966436781609197,70.60046397521046,18.49573328079581,0.06666666666666667,130.0,436.0,306.0,-6.0,13.495733280795813,87.4137288988406,20.4
304,IMG_00304.png,png,800,1200,3,121.0,428,117,772,722,10.743801652892563,40.413223140495866,20.820321079129858,78.54433355331284,18.49573328079581,0.08264462809917356,130.0,489.0,359.0,6.0,13.495733280795813,127.13307678935251,29.669421487603305
305,IMG_00305.png,png,800,1200,3,172.0,354,117,846,722,0.46511627906976744,11.569767441860465,17.107367014167338,59.64986593826039,20.0,0.05813953488372093,8.0,199.0,191.0,2.0,15.0,32.660738714090286,11.104651162790697
306,IMG_00306.png,png,800,1200,3,172.0,354,117,846,722,5.290697674418604,24.651162790697676,18.75852980486501,65.82244721061508,22.744671625056935,0.05813953488372093,91.0,424.0,333.0,8.0,17.744671625056935,63.52364507586376,19.36046511627907
307,IMG_00307.png,png,800,1200,3,153.0,381,117,819,734,9.738562091503269,33.00653594771242,19.540031552851026,73.05830994732446,18.49573328079581,0.06535947712418301,149.0,505.0,356.0,6.0,13.495733280795813,99.70295875941066,23.267973856209153
308,IMG_00308.png,png,800,1200,3,150.0,385,117,815,722,6.133333333333333,27.2,19.09977011494253,68.74407467352273,20.642246457208728,0.06666666666666667,92.0,408.0,316.0,7.0,15.642246457208728,78.131782390402,21.066666666666666
309,IMG_00309.png,png,800,1200,3,201.0,313,117,887,722,0.5472636815920399,19.552238805970152,18.68743180648482,67.21479965828645,20.642246457208728,0.04975124378109453,11.0,393.0,382.0,7.0,15.642246457208728,70.4854073142206,19.00497512437811
