image_id,pa_cxs,fl_cxs,mt_cxs,pa_qd,fl_qd,mt_qd,pa_deg,fl_mm,mt_mm,image_num
IMG_00001.tif,18.0,70.08210502306176,21.5,14.090276920822323,69.30002174152202,17.443087027914615,15.781113473655132,74.15866747823989,19.511885057471265,1
IMG_00002.tif,18.0,77.22353931925647,21.5,14.090276920822323,77.81210048541365,18.78791461412151,16.422588429380617,74.22530683242427,19.816195402298852,2
IMG_00003.tif,18.0,69.23057221411725,21.5,16.309932474020215,77.90950272704863,19.748505747126437,17.107985247513717,72.8898748935064,20.018781609195404,3
IMG_00004.tif,18.0,69.02894593752411,21.5,18.49573328079581,76.73791587674307,20.398752052545156,17.724749137910003,73.93598969575496,20.65119540229885,4
IMG_00005.tif,18.0,52.280209666347936,21.5,20.642246457208728,74.09154891132938,20.5416091954023,18.936364396502846,72.74653981588173,20.93464367816092,5
IMG_00006.tif,18.0,54.5491529139804,21.5,18.49573328079581,83.42924980433229,21.96032840722496,19.83722787764799,72.1773871561397,21.104298850574715,6
IMG_00007.tif,18.0,69.64989047977036,21.5,22.744671625056935,72.5618794175276,20.812545155993433,19.2204639872517,72.95932514483052,20.861212705475218,7
IMG_00008.tif,18.0,71.09106807151676,21.5,22.744671625056935,73.04677121857712,20.96032840722496,18.303188252157604,75.36174143410548,20.667189716969474,8
IMG_00009.tif,18.0,81.40818630546953,21.5,14.090276920822323,77.01779849541522,18.662422444691636,18.303188252157604,74.78547599802633,20.206500061797062,9
IMG_00010.tif,18.0,78.20698435139579,21.5,14.090276920822323,80.14019039827289,19.155730706075534,17.09157299356476,76.24944288938241,19.95799431467062,10
IMG_00011.tif,18.0,77.84554648238459,21.5,18.49573328079581,69.3288994458793,18.66968801313629,16.707318966056786,74.20190761707246,19.886500061797058,11
IMG_00012.tif,18.0,78.11268048194391,21.5,14.090276920822323,79.39187578342528,19.037504105090314,17.534680197141665,70.91556465712597,19.81303448275862,12
IMG_00013.tif,18.0,45.28765417951644,21.5,20.0,69.48012522722055,20.449655172413795,18.36204142822654,68.0413449982257,19.98222988505747,13
IMG_00014.tif,18.0,60.09028444781237,21.5,20.0,62.680163863364676,18.137668308702793,18.056029315277954,69.61054137282174,20.204758620689653,14
IMG_00015.tif,18.0,55.762790287891015,21.5,20.0,69.22899029048725,20.36426929392447,18.366781092725656,69.19741243094525,20.27832183908046,15
IMG_00016.tif,18.0,77.90156856105637,21.5,16.309932474020215,80.51343551642032,20.259178981937605,17.85017163908849,71.38304426074225,20.34222988505747,16
IMG_00017.tif,18.0,76.89369005744831,21.5,16.309932474020215,76.96337923766278,19.56295566502463,17.850171639088487,70.5524037507175,20.16498850574713,17
IMG_00018.tif,18.0,48.273090214530775,21.5,16.309932474020215,83.81230856790727,20.906141215106732,17.022810408003615,73.17013857848026,19.955333333333336,18
IMG_00019.tif,18.0,54.55864917255198,21.5,20.0,59.117718195442336,16.871658456486045,17.022810408003615,70.80196484453101,19.497402298850577,19
IMG_00020.tif,18.0,78.20040200601244,21.5,14.090276920822323,78.31097689531205,18.86673234811166,17.328822520952194,69.7599894857108,19.57602298850575,20
IMG_00021.tif,18.0,77.34866100702439,21.5,16.309932474020215,63.83486922565377,16.98824302134647,17.328822520952194,69.96753541280948,18.979095670152507,21
IMG_00022.tif,18.0,62.79525004451215,21.5,18.49573328079581,75.56288668020532,20.124532019704436,17.11822518026361,73.82228953352822,19.469900267853653,22
IMG_00023.tif,18.0,64.54811543980307,14.06462132246512,16.309932474020215,78.31976866492391,19.828965517241382,17.428976957711313,74.01097636416094,19.648291072451354,23
IMG_00024.tif,18.0,77.90418505168535,21.5,18.49573328079581,76.64644653809043,20.377405582922826,18.035500915357705,75.70797551806395,20.19081980808354,24
IMG_00025.tif,18.0,77.6127384733539,21.5,16.309932474020215,79.91059577097091,20.14095238095238,18.035500915357705,76.38102444738863,20.13242900348584,25
IMG_00026.tif,18.0,78.91458480664036,21.5,20.642246457208728,75.28518155369694,20.86344827586207,18.4925006367203,76.1043617035143,20.508206896551727,26
IMG_00027.tif,18.0,78.18279589542072,21.5,18.49573328079581,73.77571652499222,19.70745484400657,18.186488523771718,76.31243243701678,20.42728735632184,27
IMG_00028.tif,18.0,77.57031388536068,21.5,19.57421619803874,70.76266401772551,19.32650246305419,17.561086255177223,76.8976502460029,20.21211494252874,28
IMG_00029.tif,18.0,77.81926883229389,21.5,16.309932474020215,78.16905872856157,19.799408866995076,16.32916002893633,78.06690870914035,19.895793103448277,29
IMG_00030.tif,18.0,77.07840429833405,21.5,11.84277341263094,84.31972333873745,18.604006568144502,16.023147915987746,79.25779272868112,20.006137931034484,30
IMG_00031.tif,18.0,77.32162836050348,21.5,11.84277341263094,84.31972333873745,18.604006568144502,15.872160307573736,79.65130420863633,20.041080459770118,31
IMG_00032.tif,18.0,79.49626642900401,21.5,16.309932474020215,81.7191150073191,20.495632183908047,15.872160307573736,79.81642511154851,20.249816091954024,32
IMG_00033.tif,18.0,78.41178858933759,21.5,18.49573328079581,73.21282828712982,19.576091954022992,16.49756257616823,78.16143429749698,20.257172413793107,33
IMG_00034.tif,18.0,62.83216618603222,21.5,16.309932474020215,85.7715377406178,21.290377668308704,16.49756257616823,79.90614466006507,20.482325212623007,34
IMG_00035.tif,18.0,77.44416019079961,21.5,16.309932474020215,72.34160785588409,18.656551724137934,15.872160307573736,81.93624253778161,20.405897784444882,35
IMG_00036.tif,18.0,97.25281702449598,24.1626875,11.84277341263094,88.24000221536996,19.071089059786654,15.255396417177447,83.26120166237055,20.107768262345317,36
IMG_00037.tif,18.0,86.73449028532546,18.280399999999997,11.84277341263094,93.11771819544234,21.329550554064287,15.255396417177446,84.1551888813254,19.870915688687,37
IMG_00038.tif,18.0,97.26820871104846,19.556037500000002,14.090276920822323,74.5954991248891,18.279722153311834,15.772005870814619,81.31275697642882,19.712387939051418,38
IMG_00039.tif,18.0,95.43424671962053,21.024162499999996,16.309932474020215,78.18484050447161,19.80250392789217,15.772005870814619,78.60264710229339,19.53746931049244,39
IMG_00040.tif,18.0,41.58262316360334,16.318044779857402,20.0,67.40775297542116,19.745048606801998,16.91401759304629,72.69529525920815,19.11884443210972,40
IMG_00041.tif,18.0,40.70298183540325,17.215507404031847,11.84277341263094,93.11771819544234,20.799033182637473,17.74137882413116,68.37264494228576,19.10788213559835,41
IMG_00042.tif,18.0,43.68162033643021,13.44093549087521,20.0,69.37357786578862,20.413429069526934,17.115976555536665,66.66459566709767,18.775466897554114,42
IMG_00043.tif,18.0,41.99544444443393,15.954237500000001,20.0,67.40775297542116,19.745048606801998,15.973964833304995,69.76312091695816,18.689293276315368,43
IMG_00044.tif,18.0,41.88512445855961,16.997576775379777,11.84277341263094,88.93411236501136,19.15378896669917,17.115976555536662,65.7203665052957,18.23755051395006,44
IMG_00045.tif,18.0,41.48620887761376,16.081474999999998,11.84277341263094,89.58139659699152,19.23090978932128,15.973964833304994,72.14662168782709,18.755990002472814,45
IMG_00046.tif,18.0,41.25256869884466,14.8449875,20.0,64.00536374209287,18.58823626747038,15.973964833304995,74.0822874306147,19.2326942042723,46
IMG_00047.tif,18.0,95.38287927609454,19.366398180028796,11.84277341263094,93.11771819544234,21.577084263623586,17.115976555536662,73.08175681955325,19.088179116177443,47
IMG_00048.tif,18.0,47.440672422291925,14.781912499999999,20.0,78.90026771910784,23.65250361965547,17.430627046683455,75.10030391506525,19.470433723934683,48
IMG_00049.tif,18.0,94.78120066986325,19.9018625,20.0,59.117718195442336,16.876844455470106,16.446372501888447,80.10831337181757,19.682870866357764,49
IMG_00050.tif,18.0,96.28318874363457,22.48956875,14.090276920822323,80.51517019378257,19.214973951872985,17.588384224120112,75.3336980667005,19.116962527414547,50
IMG_00051.tif,18.0,94.63190837626671,19.329293749999998,12.96961039432136,76.9,18.183798891920947,16.761022993035237,78.081871831182,18.74741181547176,51
IMG_00052.tif,18.0,95.13929085747675,20.901818749999997,20.0,59.117718195442336,16.876844455470106,16.76102299303524,78.96548565843966,19.026059185076075,52
IMG_00053.tif,18.0,95.31924057280398,19.900231249999997,14.090276920822323,78.01069397232764,18.819290498635574,17.588384224120112,77.60900323968713,19.159203159896222,53
IMG_00054.tif,18.0,94.78989588176321,19.426081249999996,20.0,65.42551901361132,19.071089059786654,17.745277537830248,78.12849102369339,19.748733513894994,54
IMG_00055.tif,18.0,94.81323845383343,20.260193750000003,20.0,71.4559887554649,21.12144877201687,16.917916306745376,81.10704577707126,20.426885988996883,55
IMG_00056.tif,18.0,71.87905733396823,23.11880053491789,14.090276920822323,90.36184890388701,20.770655655518794,16.917916306745376,81.42282006359451,20.89330116496543,56
IMG_00057.tif,18.0,71.8788984274038,23.11880053491789,14.090276920822323,90.36184890388701,20.770655655518794,16.24647262778781,82.99099972803656,21.353014567273835,57
IMG_00058.tif,18.0,71.76278384121952,23.12063215008162,14.090276920822323,90.36184890388701,20.770655655518794,15.72986317415064,83.24100038262404,21.475379912216297,58
IMG_00059.tif,18.0,72.141678359905,23.122315898431737,15.203973721731684,86.3331812689937,20.770655655518794,16.34662706454693,81.65238209217057,21.496682041426812,59
IMG_00060.tif,18.0,71.76047132960699,23.118133437536574,16.309932474020215,83.12146505575832,20.770655655518794,16.963390954943215,80.05498306685621,21.518213653309534,60
IMG_00061.tif,18.0,70.45988845863891,22.77069037016051,18.49573328079581,79.62279063293191,21.072003791918476,17.427790779864196,78.77390968384093,21.537271823829403,61
IMG_00062.tif,18.0,70.31338397105986,22.774515081363983,18.49573328079581,79.62279063293191,21.072003791918476,17.58262500518459,78.41555399710033,21.555546770809727,62
IMG_00063.tif,18.0,70.31340341299496,22.772130339687152,17.407418527400743,81.83248778015987,21.056143363686914,17.58262500518459,78.52057827300885,21.572965146895154,63
IMG_00064.tif,18.0,70.26643749048388,22.760760362378193,16.309932474020215,84.57717245059845,21.056143363686914,17.276612892236006,80.7189383925946,21.729965402154953,64
IMG_00065.tif,18.0,70.30292815056401,22.77930938577505,16.309932474020215,84.49629981755179,21.04028293545535,16.970600779287423,82.95330037529574,21.88664622660077,65
IMG_00066.tif,18.0,75.61105947254366,20.895474688581505,16.309932474020215,93.11771819544234,22.997098050165203,16.816952731814148,84.85296300842947,22.04559960016086,66
IMG_00067.tif,18.0,76.06458603688792,20.89397555288528,16.309932474020215,93.11771819544234,22.997098050165203,16.816952731814148,86.34967035998115,22.203346263349964,67
IMG_00068.tif,18.0,75.6422429962315,20.892458963905888,16.309932474020215,93.11771819544234,22.997098050165203,16.816952731814148,87.87500336229903,22.36402541479064,68
IMG_00069.tif,18.0,75.28361994504263,20.89246612593799,16.309932474020215,93.11771819544234,22.983602773512033,17.33356218545132,85.4524535495736,22.648478108777255,69
IMG_00070.tif,18.0,75.60850197411733,20.891393308796715,16.309932474020215,93.11771819544234,22.997098050165203,17.850171639088487,82.99073489564549,22.932916005597388,70
IMG_00071.tif,18.0,79.11234285892911,27.746114505137527,20.0,74.31324093895269,22.092914514402718,18.36678109272566,80.55280774147859,23.217648148678773,71
IMG_00072.tif,18.0,78.9130554032287,27.744368749999996,20.0,74.31324093895269,22.092914514402718,18.883390546362826,78.11912501134884,23.503682705520767,72
IMG_00073.tif,18.0,78.8872373585924,27.74775626537473,20.0,74.31324093895269,22.092914514402718,19.4,75.65617490843572,23.788143374180898,73
IMG_00074.tif,18.0,78.59935470802256,27.737981344559618,20.0,74.31324093895269,22.092914514402718,19.4,75.25504691574872,23.238703087685625,74
IMG_00075.tif,18.0,78.43644719070784,27.74216603657797,20.0,74.31324093895269,22.092914514402718,19.4,74.86146014127075,22.673885688184946,75
IMG_00076.tif,18.0,78.16898422343658,20.54109308604182,20.0,71.85233754925673,21.256207361906093,19.4,74.47094528315601,22.10834992871081,76
IMG_00077.tif,18.0,78.09538373788646,20.283062114147516,20.0,71.85233754925673,21.256207361906093,19.4,74.09482084543875,21.54337211050278,77
IMG_00078.tif,18.0,78.12076429930381,20.274476963297882,20.0,71.85233754925673,21.256207361906093,19.4,73.72326202932865,20.977608421887375,78
IMG_00079.tif,18.0,78.07272198869181,20.274001063584578,20.0,71.85233754925673,21.256207361906093,18.25798827776833,75.80079169024302,20.657698839470953,79
IMG_00080.tif,18.0,77.98590816483014,20.265087915479995,20.0,71.85233754925673,21.256207361906093,17.115976555536662,77.8847698407719,20.352980736146158,80
IMG_00081.tif,18.0,78.0142397882574,20.719838012479826,11.84277341263094,86.75815417086483,18.8945339476011,15.973964833304995,79.9670106325676,20.048810541237916,81
IMG_00082.tif,18.0,78.0481141296155,20.714998358779187,11.84277341263094,86.75815417086483,18.8945339476011,14.831953111073327,82.05234063042363,19.74441501027484,82
IMG_00083.tif,18.0,78.04453871214635,20.715545014872205,11.84277341263094,86.75815417086483,18.8945339476011,13.689941388841659,84.14399633837286,19.44109959653403,83
IMG_00084.tif,18.0,78.04798316920723,20.711313514244956,11.84277341263094,86.75815417086483,18.8945339476011,14.315343657436156,83.15890667461872,19.80632817591811,84
IMG_00085.tif,18.0,78.06659784689833,20.720402319844805,11.84277341263094,86.75815417086483,18.8945339476011,14.785911700710262,82.57114239257827,20.171033612532305,85
IMG_00086.tif,18.0,76.50751394283844,23.689572095331954,16.309932474020215,80.36753907780053,20.230566336265067,15.411313969304757,81.56490114125901,20.536857842076063,86
IMG_00087.tif,18.0,76.35731869536869,23.676013395466526,15.203973721731684,83.28446448525305,20.230566336265067,16.036716237899252,80.56023162194322,20.90304636900615,87
IMG_00088.tif,18.0,76.18528640730872,23.695206600385557,16.309932474020215,80.36753907780053,20.230566336265067,16.66211850649375,79.55210481247005,21.2675850434319,88
IMG_00089.tif,18.0,76.21492639776065,23.697046722863803,16.309932474020215,80.36753907780053,20.230566336265067,16.35136672904605,80.68926838226632,21.325459414869254,89
IMG_00090.tif,18.0,76.17591957282869,23.67863798672467,16.309932474020215,80.36753907780053,20.230566336265067,16.195449176918736,81.42979045346952,21.384047603575173,90
IMG_00091.tif,18.0,76.7284076051421,24.118832312045463,14.090276920822323,88.39546729250105,20.45998603936898,15.884697399471033,82.58204383394221,21.441583298036715,91
IMG_00092.tif,18.0,76.77367999850996,24.117170566655997,14.090276920822323,88.39546729250105,20.45998603936898,15.57394562202333,83.71990009525045,21.496603542024758,92
IMG_00093.tif,18.0,76.65767691421904,24.11882220083553,14.090276920822323,88.39546729250105,20.45998603936898,15.263193844575625,84.8589503520546,21.55339756912325,93
IMG_00094.tif,18.0,76.64667423552935,24.110227127612696,14.090276920822323,88.31004901381569,20.44649076271581,16.030945343385923,82.26929380672762,21.37547053131508,94
IMG_00095.tif,18.0,76.6275673355291,24.12138144331447,14.090276920822323,88.31004901381569,20.44649076271581,16.79869684219622,79.72357513578383,21.195348573050346,95
IMG_00096.tif,18.0,71.45819215858431,22.979742455638487,19.57421619803874,72.15658430297589,19.67725999348504,17.71597257729032,76.98024756458594,21.015412705251443,96
IMG_00097.tif,18.0,72.36090054543077,22.972987681497074,19.57421619803874,72.10295369422228,19.66376471683187,18.633248312384417,74.27777125719385,20.837678208513672,97
IMG_00098.tif,18.0,71.90808301159731,22.977740823440385,20.642246457208728,70.83581059935402,19.66376471683187,19.55052404747851,71.6021340213617,20.659073249984765,98
IMG_00099.tif,18.0,72.3786254127383,22.974346289045695,20.642246457208728,70.83581059935402,19.66376471683187,18.782772548668213,74.31798603562827,20.911285486743168,99
IMG_00100.tif,18.0,72.80683637207075,22.97099290822857,20.642246457208728,70.83581059935402,19.66376471683187,18.170938601985227,76.4307899380799,21.16595062757729,100
IMG_00101.tif,18.0,75.44340703294826,24.82160632064014,14.090276920822323,89.84757803015239,20.689405742472896,17.40958041901844,78.74831275472626,21.420504467965202,101
IMG_00102.tif,18.0,75.44060066229106,24.824244302236732,15.203973721731684,85.87453866165094,20.689405742472896,16.64822223605165,81.03711586279302,21.675519332225985,102
IMG_00103.tif,18.0,75.44309781034374,24.82714243674318,15.203973721731684,85.87453866165094,20.689405742472896,15.886864053084867,83.28876792119976,21.92832233633507,103
IMG_00104.tif,18.0,75.4349784018248,24.831431633563085,15.203973721731684,85.87453866165094,20.689405742472896,15.886864053084867,83.20274601222482,21.859368502961242,104
IMG_00105.tif,18.0,75.42175538873356,24.82270289574165,15.203973721731684,85.79836000940395,20.675910465819722,15.730946500957554,83.67307494360378,21.790025497621503,105
IMG_00106.tif,18.0,71.4043042833267,23.260746638727408,14.090276920822323,90.96417985874055,20.865818224908168,15.575028948830246,84.14324737541045,21.72060823244975,106
IMG_00107.tif,18.0,71.40358672539786,23.256898420892053,14.090276920822323,90.96417985874055,20.865818224908168,15.575028948830246,84.04071007045744,21.650933615468805,107
IMG_00108.tif,18.0,71.40347554724616,23.258558891531685,14.090276920822323,90.96417985874055,20.865818224908168,15.575028948830246,83.93262753036433,21.58363715289685,108
IMG_00109.tif,18.0,71.40244353458598,23.258558891531685,15.203973721731684,86.87035856937459,20.865818224908168,15.885780726277948,82.22190003075842,21.338805822053214,109
IMG_00110.tif,18.0,71.11904974725032,23.25797708166932,15.203973721731684,86.87035856937459,20.865818224908168,16.196532503725656,80.51047674599208,21.09500465043534,110
IMG_00111.tif,18.0,71.19309611695878,21.363676744545266,16.309932474020215,78.83521550428462,19.930052959245995,16.660932328646634,78.483722423127,20.850923601074925,111
IMG_00112.tif,18.0,71.18078213968931,21.376997847139222,16.309932474020215,78.83521550428462,19.930052959245995,17.12177866691561,76.78939390988248,20.611039207715677,112
IMG_00113.tif,18.0,71.16051619322204,21.373993688736483,17.407418527400743,76.59148870428596,19.930052959245995,17.58262500518459,75.11192977347186,20.370211127140227,113
IMG_00114.tif,18.0,71.17504178466318,21.369922623675368,18.49573328079581,74.86546993902353,19.96177381570912,18.09923445882176,74.9229599217783,21.220141287860873,114
IMG_00115.tif,18.0,71.17272094455892,21.35361269354293,18.49573328079581,74.86546993902353,19.96177381570912,18.615843912458928,74.78234498699126,22.098791044506847,115
IMG_00116.tif,18.0,71.77767096620444,28.164653914367275,20.0,77.23489877108258,23.086278177326882,18.978805318622825,74.9245131120905,22.977885457791192,116
IMG_00117.tif,18.0,71.04742720532481,28.138527626819034,20.0,77.88797522767632,23.308324172568753,19.189402659311412,75.23237108410298,23.821279431614943,117
IMG_00118.tif,18.0,70.5048497236314,28.142934412389145,20.0,77.88797522767632,23.308324172568753,19.4,75.53271102737301,24.664901819227257,118
IMG_00119.tif,18.0,70.7773407100669,28.135978676963045,20.0,77.23489877108258,23.086278177326882,18.88339054636283,77.79255025326658,24.696809740086145,119
IMG_00120.tif,18.0,70.64971939092162,28.123475643306726,20.0,77.23489877108258,23.086278177326882,18.366781092725656,79.99617901129426,24.699205084918987,120
IMG_00121.tif,18.0,72.38174607425796,28.215352938991334,16.309932474020215,93.11771819544234,23.29246374433719,18.156183752037073,81.67028324528152,24.701198437013563,121
IMG_00122.tif,18.0,72.2385062476653,28.215457706573382,16.309932474020215,93.11771819544234,23.29246374433719,17.945586411348483,83.42997517375068,24.734695297330966,122
IMG_00123.tif,18.0,72.15785443958382,28.213164613172367,18.49573328079581,89.13743202074868,23.29246374433719,17.7349890706599,85.18835568584359,24.768942339667756,123
IMG_00124.tif,18.0,72.33296193533175,28.213160025895817,18.49573328079581,89.13743202074868,23.29246374433719,17.7349890706599,82.53045425463475,23.670468215787416,124
IMG_00125.tif,18.0,72.18348367658261,28.213160025895817,18.49573328079581,89.13743202074868,23.29246374433719,17.7349890706599,79.87490959605503,22.571744390143614,125
IMG_00126.tif,18.0,71.97658588491086,19.825505328455954,16.309932474020215,74.30634805367087,19.041868978278508,17.428976957711313,77.7422461412294,21.473367763533854,126
IMG_00127.tif,18.0,71.8726256021367,19.821448399980227,16.309932474020215,74.30634805367087,19.041868978278508,17.12296484476273,75.6086736769763,20.37459874671153,127
IMG_00128.tif,18.0,71.2193261156715,19.82494195714665,16.309932474020215,74.30634805367087,19.041868978278508,16.816952731814148,73.52055313976197,19.275598543863932,128
IMG_00129.tif,18.0,71.37928345429503,19.81839753299396,16.309932474020215,74.30634805367087,19.041868978278508,16.50620095436644,76.1190779712817,20.245784394847334,129
IMG_00130.tif,18.0,71.98733731285861,19.814544432572813,16.309932474020215,74.30634805367087,19.041868978278508,16.195449176918736,78.72375754039655,21.216310565804093,130
IMG_00131.tif,18.0,71.39213607943955,23.153609453357745,14.090276920822323,93.11771819544234,24.54543757463061,15.884697399471031,81.36770407590947,22.186562844066053,131
IMG_00132.tif,18.0,71.39075475658416,23.15522452443797,14.090276920822323,93.11771819544234,24.54543757463061,15.57394562202333,84.00227440421625,23.157207803561487,132
IMG_00133.tif,18.0,71.3919047100868,23.154153203357748,14.090276920822323,93.11771819544234,24.54543757463061,15.263193844575625,86.60051537311931,24.127750366096414,133
IMG_00134.tif,18.0,71.39559192860798,23.154153466429616,14.090276920822323,93.11771819544234,24.54543757463061,16.180469579669722,83.605586433252,23.415205793036925,134
IMG_00135.tif,18.0,71.39815646377622,23.14859375,14.090276920822323,93.11771819544234,24.54543757463061,17.09774531476382,80.60817615136213,22.702764426779968,135
IMG_00136.tif,18.0,70.75159585326213,21.936074340642868,20.642246457208728,71.99988586475169,19.97763424394068,18.015021049857914,77.60826541773818,21.989734396560735,136
IMG_00137.tif,18.0,70.70885883003149,21.939409525098455,20.642246457208728,71.99988586475169,19.97763424394068,18.932296784952012,74.6084048713448,21.27621450487356,137
IMG_00138.tif,18.0,70.66833458796552,21.928527137980367,20.642246457208728,71.99988586475169,19.97763424394068,19.84957252004611,71.60601395310705,20.562995684920704,138
IMG_00139.tif,18.0,70.67285826032996,21.920363043253204,20.642246457208728,71.99988586475169,19.97763424394068,19.5490606753483,72.62143721669362,20.77333904346026,139
IMG_00140.tif,18.0,70.63324993142517,21.919821189062265,20.642246457208728,71.99988586475169,19.97763424394068,19.248548830650492,73.65135886653157,20.983475701661938,140
IMG_00141.tif,18.0,71.79146739818133,23.33236002817104,18.49573328079581,78.80724994254761,20.88167865313973,18.948036985952683,74.68414360894333,21.19450036104756,141
IMG_00142.tif,18.0,71.99037014580672,23.332250206995298,18.49573328079581,78.80724994254761,20.88167865313973,18.647525141254874,75.71320652008208,21.405206301346947,142
IMG_00143.tif,18.0,71.99756411330448,23.336167839609555,18.49573328079581,78.80724994254761,20.88167865313973,18.347013296557066,76.74422253094988,21.614673838660707,143
IMG_00144.tif,18.0,71.94005726445182,23.322691760111937,18.49573328079581,78.80724994254761,20.88167865313973,17.730249406160777,77.91026686377884,21.331443751372092,144
IMG_00145.tif,18.0,71.93300059769821,23.301509856160443,18.49573328079581,78.80724994254761,20.88167865313973,17.113485515764488,79.15366204308565,21.476333494616817,145
IMG_00146.tif,18.0,77.2240237732726,20.91834511750327,14.090276920822323,84.80789958771543,19.893184419935782,16.496721625368203,80.18784147320166,21.619886038635663,146
IMG_00147.tif,18.0,78.71210729552853,28.053565805216678,14.090276920822323,84.80789958771543,19.893184419935782,15.723064421261778,82.05178433600534,21.766312934054486,147
IMG_00148.tif,18.0,75.4316814267789,28.0666857629236,14.090276920822323,84.72248130903004,19.87968914328261,15.933661761950365,81.82509227696896,22.207302134067653,148
IMG_00149.tif,18.0,78.91553271695702,28.10111554009228,12.96961039432136,89.13163805435735,19.87968914328261,16.76102299303524,80.19947594745122,22.849573351102187,149
IMG_00150.tif,18.0,79.38173777173269,28.077024677625428,20.0,73.9957050177016,21.984952301177348,17.588384224120112,78.44187332815875,23.063726308928075,150
IMG_00151.tif,18.0,77.48900908306845,27.46632019223535,20.0,73.08278924410472,21.674560938154407,18.41574545520499,76.89501974833493,23.277092069291548,151
IMG_00152.tif,18.0,76.77732110907907,27.46623655980468,20.0,73.08278924410472,21.674560938154407,19.4,74.52705714717487,23.488489910144516,152
IMG_00153.tif,18.0,76.90268455823934,27.46623655980468,20.0,73.04309725394832,21.661065661501233,19.4,74.24438008245781,23.40659636064023,153
IMG_00154.tif,18.0,76.98941789857719,27.467867678464934,20.0,73.04309725394832,21.661065661501233,19.4,72.96341826359864,22.4509979831142,154
IMG_00155.tif,18.0,76.89320480853934,27.467867678464934,20.0,73.04309725394832,21.661065661501233,19.4,71.73498360805004,21.497098212265463,155
IMG_00156.tif,18.0,76.1444084742341,18.341300000000007,20.0,64.50931937032524,18.759581181069386,19.4,70.47606341696027,20.54498568038759,156
IMG_00157.tif,18.0,76.21555857839002,18.338037500000006,20.0,64.54901136048163,18.773076457722556,19.4,69.25216443096012,19.59210400658499,157
IMG_00158.tif,18.0,75.74021512483193,18.33633583732376,20.0,64.54901136048163,18.773076457722556,19.4,67.99627064599373,18.782100556156212,158
IMG_00159.tif,18.0,76.4106352166637,18.325147923905124,20.0,64.54901136048163,18.773076457722556,19.4,69.35711684650599,19.276317750668603,159
IMG_00160.tif,18.0,75.87379012088661,20.737940625659615,20.0,64.50931937032524,18.759581181069386,19.4,70.69389086210069,19.76669721904205,160
IMG_00161.tif,18.0,78.63518615655634,19.713655850960027,20.0,73.16217322441749,21.701551491460748,19.4,72.06083361300401,20.257374537176077,161
IMG_00162.tif,18.0,78.4903624661496,19.709409206359105,20.0,73.1224812342611,21.688056214807578,19.4,73.39730629992252,20.748790801788,162
IMG_00163.tif,18.0,78.5178312677351,19.71267170635911,20.0,73.1224812342611,21.688056214807578,19.4,74.78808922132762,21.097767040384145,163
IMG_00164.tif,18.0,78.68041695982014,19.713799567572156,20.0,73.1224812342611,21.688056214807578,18.572638768915123,76.3766644959363,21.007434085581604,164
IMG_00165.tif,18.0,78.95612779512136,19.721102856872903,20.0,73.1224812342611,21.688056214807578,17.74527753783025,77.95819289411699,20.91709358966122,165
IMG_00166.tif,18.0,78.13738853593819,22.45911875,14.090276920822323,84.72248130903004,19.87968914328261,16.917916306745376,79.50525820377894,20.823352680107465,166
IMG_00167.tif,18.0,77.78250226136709,22.423257441244267,14.090276920822323,84.72248130903004,19.87968914328261,16.0905550756605,80.97301218538148,20.727134366025517,167
IMG_00168.tif,18.0,77.43489557123917,22.401335359545495,14.090276920822323,84.63706303034468,19.86619386662944,15.263193844575625,82.41180544501611,20.584008904564477,168
IMG_00169.tif,18.0,76.27562579566762,22.361173145288706,14.090276920822323,84.63706303034468,19.86619386662944,15.263193844575625,82.84661111325723,20.755786291301987,169
IMG_00170.tif,18.0,76.86589519923383,21.712646560367528,14.090276920822323,84.2953899156032,19.812212760016756,15.419111396702935,82.76917298116105,20.929826634329892,170
IMG_00171.tif,18.0,77.01315836212352,23.99953808361429,14.090276920822323,88.31004901381569,20.44649076271581,15.72986317415064,82.30296773671373,21.107464217248165,171
IMG_00172.tif,18.0,77.00323629802234,24.001392713031887,15.203973721731684,84.50332292120501,20.44649076271581,16.040614951598343,81.90241753975712,21.287401456935427,172
IMG_00173.tif,18.0,77.05802403720834,24.007935650648513,16.309932474020215,81.4685419417342,20.44649076271581,16.196532503725656,81.9473141032131,21.513428736415523,173
IMG_00174.tif,18.0,76.9930050531486,24.006101049208223,16.309932474020215,81.4685419417342,20.44649076271581,17.11380823881975,79.28863730736877,21.292916420322136,174
IMG_00175.tif,18.0,77.12899424376255,23.999785878737963,15.203973721731684,84.50332292120501,20.44649076271581,17.87516642178654,77.1424811903695,21.072478932609602,175
IMG_00176.tif,18.0,74.87653243605965,22.52856133540924,20.642246457208728,70.23519729752651,19.50182139699381,18.48169037943293,75.46523537873264,20.851368546629363,176
IMG_00177.tif,18.0,74.5262608032843,22.531663104507615,20.642246457208728,70.23519729752651,19.50182139699381,19.088214337079325,73.76794695774905,20.631045571843277,177
IMG_00178.tif,18.0,75.3150646797453,22.526991070995862,20.642246457208728,70.23519729752651,19.50182139699381,19.84957252004611,71.61145751552019,20.410674991650414,178
IMG_00179.tif,18.0,74.91600220657331,22.538279989458122,20.642246457208728,70.23519729752651,19.50182139699381,19.243048562399714,73.12596097427817,20.692134281023066,179
IMG_00180.tif,18.0,74.4797966618645,22.53117139554153,20.642246457208728,70.23519729752651,19.50182139699381,18.636524604753326,74.66187066790397,20.973149358736972,180
IMG_00181.tif,18.0,72.78317882194244,24.79489811960037,16.309932474020215,81.95023069470518,20.540957699288008,18.03000064710693,76.23527379290117,21.254543149690065,181
IMG_00182.tif,18.0,72.78967777029752,24.79059636105294,16.309932474020215,81.95023069470518,20.540957699288008,17.42347668946054,77.83133358015439,21.53608366215196,182
IMG_00183.tif,18.0,74.20337216961516,24.792236214860953,16.309932474020215,81.95023069470518,20.540957699288008,16.816952731814148,79.42559170881509,21.817785986832487,183
IMG_00184.tif,18.0,74.1819207340435,24.805970491803283,16.309932474020215,81.95023069470518,20.540957699288008,16.19155046321965,81.23912818848892,21.812124043424785,184
IMG_00185.tif,18.0,73.7156875461259,24.801558768197157,16.309932474020215,81.95023069470518,20.540957699288008,15.723905372061811,83.05421712787674,21.80608700200931,185
IMG_00186.tif,18.0,76.95131598145288,24.6060654595665,11.84277341263094,93.11771819544234,20.581443529247522,15.413153594614107,84.22788812802692,21.800362757435487,186
IMG_00187.tif,18.0,76.98368925837417,24.595512067556076,12.96961039432136,93.11771819544234,20.581443529247522,15.1024018171664,85.40316098412003,21.792781082840225,187
IMG_00188.tif,18.0,76.93188625820163,24.60236520205841,14.090276920822323,89.16423180066941,20.581443529247522,14.791650039718698,86.60762021903184,21.795390535646256,188
IMG_00189.tif,18.0,76.93713242167902,24.585142311976714,14.090276920822323,89.16423180066941,20.581443529247522,14.791650039718698,86.85501293851996,21.801834172683648,189
IMG_00190.tif,18.0,76.95733888073943,24.750582711725475,14.090276920822323,89.16423180066941,20.581443529247522,14.633892862282039,87.1313016227173,21.80897206743596,190
IMG_00191.tif,18.0,81.0745279729217,24.461547579330492,11.84277341263094,93.11771819544234,20.689405742472896,14.319242371135243,87.96629687505433,21.816143422128356,191
IMG_00192.tif,18.0,81.58850066166308,24.462565149235413,11.84277341263094,93.11771819544234,20.689405742472896,14.00459187998845,88.7995338967933,21.824099874457882,192
IMG_00193.tif,18.0,81.6236722093487,24.469975949405736,11.84277341263094,93.11771819544234,20.689405742472896,13.689941388841659,89.63358687775823,21.819893990172535,193
IMG_00194.tif,18.0,81.59961452952521,24.465838019942968,11.84277341263094,93.11771819544234,20.689405742472896,14.621355770384739,86.24942769258868,21.399900423420522,194
IMG_00195.tif,18.0,81.63342030901796,24.460061788301225,11.84277341263094,93.11771819544234,20.675910465819722,14.779112947821398,84.00076098742223,21.032719365692607,195
IMG_00196.tif,18.0,77.2896256813827,21.5,18.49573328079581,70.56725356917657,18.958686371100168,15.093763438968193,81.84778473041342,20.61403466221161,196
IMG_00197.tif,18.0,62.55546428645314,21.5,12.96961039432136,85.21282874791463,19.33635467980296,15.09376343896819,80.39791608046899,20.16526425755649,197
IMG_00198.tif,18.0,81.72541256982802,21.97161566924299,14.090276920822323,77.69571334803129,18.769526551964102,16.02517782051127,77.23898504574689,19.769565900236366,198
IMG_00199.tif,18.0,81.59094778085921,22.28442099439383,11.84277341263094,82.76522787383897,18.418795863028823,15.71916570756269,77.69934766266036,19.851230399038627,199
IMG_00200.tif,18.0,79.4859273413882,21.378036461468174,18.49573328079581,71.47427921926861,19.170361625032996,15.876059021272823,79.17089307876763,19.708418709265068,200
IMG_00201.tif,18.0,78.32150738724009,23.075634367010885,16.309932474020215,73.41332295890524,18.86673234811166,15.876059021272823,79.22524431033693,19.723155867927467,201
IMG_00202.tif,18.0,79.71063558964983,16.50677835051728,14.090276920822323,88.37165116159666,20.456223316912975,15.876059021272827,80.49081734123747,19.852824704681183,202
IMG_00203.tif,18.0,78.09153160184897,21.5,14.090276920822323,79.64131398837448,19.07691297208539,15.57004690832424,80.60674478464514,19.907979245810317,203
IMG_00204.tif,18.0,78.5280208787937,21.5,11.84277341263094,93.11771819544234,19.681182266009856,15.259295130876534,80.6635672835688,19.796199804479315,204
IMG_00205.tif,18.0,69.2157820254599,21.5,16.309932474020215,76.70382323614984,19.512052545155996,15.259295130876534,78.63406707707598,19.78498850574713,205
IMG_00206.tif,18.0,69.65951009543949,21.5,14.090276920822323,77.53148250484578,18.743579638752053,15.259295130876534,78.85368051985765,19.80889655172414,206
IMG_00207.tif,18.0,78.67289842087081,21.5,14.090276920822323,74.31996561612478,18.23619047619048,15.57394562202333,77.47777907032489,19.81073563218391,207
IMG_00208.tif,18.0,79.22965824261254,21.5,14.090276920822323,80.7222128764877,19.24768472906404,14.948543353428832,78.86107314075798,19.65970114942529,208
IMG_00209.tif,18.0,77.9229210443739,21.5,14.090276920822323,83.54917919924536,19.694318555008213,15.104460905556142,79.69030874601995,19.919701149425286,209
IMG_00210.tif,18.0,77.84463415907831,21.5,11.84277341263094,82.8864156819783,18.433234811165846,16.460746787783393,77.66377181078214,20.064528735632187,210
IMG_00211.tif,18.0,65.18104515171422,21.5,15.203973721731684,85.37393608974212,20.60072249589491,16.460746787783393,77.42632045599697,20.182689655172418,211
IMG_00212.tif,18.0,62.58976447684406,21.5,23.778033222445544,66.73747348329476,19.270673234811166,16.7714985652311,75.98911831917292,20.061310344827586,212
IMG_00213.tif,18.0,62.80715425442598,21.5,14.090276920822323,86.06434776581652,20.09169129720854,17.08614905637789,75.93793745930083,20.264068965517243,213
IMG_00214.tif,18.0,78.08875868233831,21.5,16.309932474020215,73.21237637708877,18.827323481116586,17.54699539464687,74.24880727885665,20.07234482758621,214
IMG_00215.tif,18.0,72.68056484940001,21.5,14.090276920822323,84.73401067275408,19.88151067323481,16.501461289867326,76.22229443303605,20.04337931034483,215
IMG_00216.tif,18.0,68.85248414064691,21.5,18.49573328079581,71.73524666274103,19.23126436781609,16.344567976157187,76.65340783120322,19.89211494252874,216
IMG_00217.tif,18.0,77.55985814888432,21.5,16.309932474020215,74.41805586798756,19.06377668308703,16.95109193380358,76.15368238883237,19.954643678160924,217
IMG_00218.tif,18.0,77.45082023806421,21.5,12.96961039432136,82.86787233116573,19.0112315270936,17.261843711251284,75.13821236048936,19.854873563218394,218
IMG_00219.tif,18.0,78.6786511094499,21.5,20.642246457208728,69.39009789139187,19.27395730706076,16.645079820854995,77.31684066260317,19.90866666666667,219
IMG_00220.tif,18.0,78.57629130128058,21.5,16.309932474020215,74.95391341949814,19.168866995073895,17.25160377850139,76.4308484732134,19.881080459770118,220
IMG_00221.tif,18.0,78.7611582137965,21.5,14.090276920822323,83.05030278934696,19.615500821018063,17.408497092211526,75.64443364760245,19.83142528735632,221
IMG_00222.tif,18.0,78.0492818819109,21.5,20.642246457208728,67.87978720104925,18.86673234811166,17.107985247513717,75.3482655936027,19.700850574712646,222
IMG_00223.tif,18.0,78.08078237868614,21.5,14.090276920822323,76.98063980224963,18.656551724137934,17.107985247513714,75.37154270389111,19.711885057471267,223
IMG_00224.tif,18.0,77.16882796984737,21.5,18.49573328079581,67.92167885122332,18.341280788177343,17.93534647859859,72.19108260986756,19.36062068965517,224
IMG_00225.tif,18.0,78.02649242427722,21.5,16.309932474020215,75.35580658313106,19.24768472906404,18.083326167348474,72.39860277334046,19.46912643678161,225
IMG_00226.tif,18.0,80.36066787069379,21.5,20.0,59.64722655050849,17.106469622331694,18.394077944796177,71.93790620720213,19.511425287356325,226
IMG_00227.tif,18.0,77.33831196717286,21.5,21.69924423399362,69.66677547502906,19.64177339901478,17.777314054399888,73.66420261958083,19.69769351619968,227
IMG_00228.tif,18.0,77.63220307651679,21.5,16.309932474020215,73.88219831647699,18.958686371100168,18.383838012046283,72.2105125904292,19.674705010452556,228
IMG_00229.tif,18.0,70.42205389120664,21.596807645473582,14.090276920822323,83.1438421162029,19.630279146141216,18.020876605882385,74.11191743110311,20.000222251831865,229
IMG_00230.tif,18.0,69.36666205860143,21.5,20.642246457208728,68.68366224590903,19.083481116584565,17.26637295948611,74.68894734467834,19.89539466562497,230
IMG_00231.tif,18.0,77.92726220923736,21.5,17.407418527400743,74.27157783880351,19.431592775041054,16.79872786832827,75.70660933871342,19.41569542234143,231
IMG_00232.tif,18.0,77.90094949266779,21.5,16.309932474020215,73.54728734678288,18.893004926108375,16.79872786832827,74.80425146008548,19.00589605688542,232
IMG_00233.tif,18.0,78.49027691830666,14.056736749872062,12.96961039432136,80.78346662738893,18.722233169129723,17.09306739182702,75.26933449684036,18.955373669086743,233
IMG_00234.tif,18.0,81.71953381605378,18.9277789594756,14.090276920822323,71.8566515867832,17.847010258311705,16.62866756690604,76.1879977950281,19.003879416213174,234
IMG_00235.tif,18.0,81.36062392149174,20.67448061698366,22.744671625056935,66.86541456720525,19.076400939315292,17.958227762322785,74.7175691990709,19.252155278282142,235
IMG_00236.tif,18.0,70.3537829051287,21.5,14.090276920822323,84.07923538476241,19.778062397372743,18.42587285348062,74.1607488913931,19.818291303174878,236
IMG_00237.tif,18.0,63.09569584883746,21.5,25.806791012711226,69.38933465158735,20.666403940886703,17.952717123815447,76.88832822477309,20.23676496852316,237
IMG_00238.tif,18.0,77.9671839138471,21.5,16.309932474020215,77.0303614316016,19.576091954022992,17.35786575561889,77.23030149757324,20.30226238956339,238
IMG_00239.tif,18.0,77.57003395218244,21.5,10.710593137499643,93.11771819544234,19.733727422003287,17.35786575561889,77.13796445957054,20.21513595278178,239
IMG_00240.tif,18.0,76.97780765304732,21.703606875864885,18.49573328079581,71.18643063082521,19.103185550082102,16.18195360767542,77.8411980516565,20.047319860827756,240
IMG_00241.tif,18.0,78.00593724022603,21.5,14.090276920822323,80.14019039827289,19.155730706075534,16.788477565321813,76.67567577483278,20.000787764066068,241
IMG_00242.tif,18.0,63.03205070964204,21.5,17.407418527400743,74.43970822614236,19.467717569786537,17.26163329498699,75.06829072931217,19.42322174199357,242
IMG_00243.tif,18.0,77.05117002291291,21.613353942860748,20.642246457208728,69.09777969326105,19.19513957307061,16.330218913443908,78.25689387483587,19.502959352430185,243
IMG_00244.tif,18.0,78.53908398130343,12.82409120300623,14.090276920822323,81.22108928638612,19.32650246305419,17.247494648538,76.69949490519471,19.468727387157337,244
IMG_00245.tif,18.0,78.94818909433563,21.5,11.84277341263094,93.11771819544234,19.76,17.09384660106473,76.92666253830554,19.653023615870516,245
IMG_00246.tif,18.0,78.7243471187524,21.082723950433397,20.642246457208728,68.70802209575326,19.090049261083745,16.176570865970632,79.05434033120984,19.72346375860922,246
IMG_00247.tif,18.0,77.49654153547678,27.598423735258027,16.309932474020215,69.8632666801477,18.170509031198687,16.487322643418338,77.87665333302763,20.10574128649654,247
IMG_00248.tif,18.0,78.01650441973491,21.5,14.090276920822323,83.88176347251097,19.746863711001645,16.801973134565127,76.21344081922037,20.056086114082746,248
IMG_00249.tif,18.0,77.91054770500814,20.421436974308335,16.309932474020215,73.07841198921113,18.80105090311987,17.09631265806388,75.35565199161033,19.750910262096916,249
IMG_00250.tif,18.0,77.82273636224936,21.5,14.090276920822323,81.71996569628453,19.405320197044336,16.785560880616174,74.41523037298306,19.4400556402973,250
IMG_00251.tif,18.0,81.2419334690623,19.842467157543762,22.744671625056935,61.5019934626917,17.441760372423392,17.61292211170105,69.7895701398769,19.117196928833316,251
IMG_00252.png,18.0,42.214348027456694,20.809237509862044,14.090276920822323,78.26690947910436,18.85977011494253,17.918934224649632,67.99551805518607,19.354044685026004,252
IMG_00253.png,18.0,41.05436883842751,16.698823614331975,20.0,66.68224848517016,19.498377080116658,19.13054948324248,64.64187930496064,19.745197459991726,253
IMG_00254.png,18.0,45.639454151381564,22.080518574222907,18.49573328079581,74.09422290725942,19.7817856188185,18.746295455734508,63.356518759762174,20.200605368784313,254
IMG_00255.png,18.0,47.628134962096674,26.05552228079295,22.744671625056935,70.70594665188268,20.246901897888268,20.245499376452873,61.67977578144557,20.290627869358445,255
IMG_00256.png,18.0,48.89921053951852,23.030679597381944,20.0,66.18201368107844,19.328297246725477,21.991919804131673,61.19113221886731,20.782781099209263,256
IMG_00257.png,18.0,45.39531900210112,22.247390297208725,24.79887635452493,64.92690064485248,18.8864367816092,22.29243164882948,59.704475828735156,20.45841468846166,257
IMG_00258.png,18.0,35.80366992320944,22.3953538441757,32.47443162627713,65.44223685899033,20.572387194832338,21.697580280632923,59.836752360461006,20.127627476382198,258
IMG_00259.png,18.0,38.883982321816866,19.759114570806826,20.642246457208728,66.37045090470039,18.45977011494253,21.180970826995754,60.9845545305066,20.116813713420036,259
IMG_00260.png,18.0,47.97225102174446,23.03852611047632,18.49573328079581,71.50330071007537,19.1771344560278,20.893382164870236,61.24616449816549,20.190703233697015,260
IMG_00261.png,18.0,42.03812893843741,22.13923574439501,16.309932474020215,77.32106415329608,19.633103448275865,19.146961737191436,61.163035987354434,19.468836833393347,261
IMG_00262.png,18.0,45.26227909505417,23.04477377469324,22.744671625056935,66.85256037400747,19.072483293237102,19.057047233182214,60.724596987710115,19.44599401466962,262
IMG_00263.png,18.0,49.17540495797044,18.964798136635178,20.0,59.117718195442336,16.8864367816092,19.93948726350429,59.58323991730831,19.237230567063712,263
IMG_00264.png,18.0,43.37552564281127,21.213956480966935,20.0,61.313796626814884,17.673103448275864,20.456096717141463,57.21361045433885,18.784175058180665,264
IMG_00265.png,18.0,47.17820424209038,21.214174076734462,24.79887635452493,63.69105596991422,18.467832130446407,20.456096717141456,56.839127889808495,18.70576411640993,265
IMG_00266.png,18.0,39.528582378840305,19.03719948523312,20.0,61.47065937191292,17.7264367816092,19.628735486056588,60.292677267979776,19.433885399789595,266
IMG_00267.png,18.0,36.560172035538834,20.987953670322803,22.744671625056935,67.90715936715435,19.39389946817636,19.418138145367998,62.656498459400005,19.983001462787637,267
IMG_00268.png,18.0,37.41196267251284,22.602640421818556,14.090276920822323,88.82740330471903,20.528227826385315,19.418138145367998,63.33954816521193,20.285354148997524,268
IMG_00269.png,18.0,42.706778742168915,23.05477975315659,18.49573328079581,78.48483952294902,20.806436781609197,19.20754080467941,64.83461160418713,20.63056962621979,269
IMG_00270.png,18.0,47.588523012420644,22.536331249999993,24.79887635452493,68.3941315384293,20.06085538626036,17.995925546086568,67.26871118697295,20.615929270928785,270
IMG_00271.png,18.0,44.17581179879007,22.1383876714957,18.49573328079581,70.1580141846144,18.86318096765571,19.207540804679414,64.24813056329837,20.15907302922799,271
IMG_00272.png,18.0,52.90537388300623,21.98229091668756,14.090276920822323,78.2884984524242,18.86318096765571,19.20754080467941,63.076051746655324,19.84482862166997,272
IMG_00273.png,18.0,45.465355801445476,20.55564960647674,22.744671625056935,63.80037322321522,18.14225073509757,18.53569811504592,60.7182399408331,19.272595259865835,273
IMG_00274.png,18.0,37.29510690320622,21.113293358532815,18.49573328079581,72.43213590648261,19.39389946817636,18.53569811504592,61.15645165386102,19.48048207225051,274
IMG_00275.png,18.0,28.4268201274513,19.799418630783812,20.0,59.76477701897174,17.146436781609196,18.53569811504592,61.40677019897303,19.67871765794693,275
IMG_00276.png,18.0,44.85255857568841,24.056656249999996,18.49573328079581,72.99806351614309,19.52597166533013,18.82328677717144,61.29718992555955,19.863085817650898,276
IMG_00277.png,18.0,47.460443337858386,23.766837500000005,14.090276920822323,82.41002972257327,19.514343758353384,18.206522886775154,62.270488658192406,19.704707391262563,277
IMG_00278.png,18.0,39.081620793997,21.238684826349093,24.79887635452493,65.7535434163112,19.166436781609196,17.689913433137985,65.19382783910962,19.940465216823494,278
IMG_00279.png,18.0,52.29339455711869,21.677633018229702,14.090276920822323,72.9564321450405,18.020765139818153,17.383901320189402,63.27863112537692,19.287586523331527,279
IMG_00280.png,18.0,54.1837550297344,21.456443749999995,16.309932474020215,69.60708478168766,18.12026762738034,18.000665210585687,61.531540026497964,19.139036821536234,280
IMG_00281.png,18.0,35.524661365012356,19.334259420482642,16.309932474020215,63.3157572226279,16.8864367816092,17.328822520952194,60.559249335203184,18.916835915467946,281
IMG_00282.png,18.0,45.651441988810795,22.511939369303327,18.49573328079581,70.70609388017257,18.991087944399894,18.24609825604629,59.015441686645794,18.942762848139687,282
IMG_00283.png,18.0,35.86929407955439,21.915037884414897,20.0,60.18532135610958,17.28942185623606,18.24609825604629,59.35066952539025,19.178543943504817,283
IMG_00284.png,18.0,37.20495907235179,19.811241100072163,20.642246457208728,68.39570700595925,19.005839766683824,18.552110368994878,61.702767755476586,19.352786524455496,284
IMG_00285.png,18.0,47.19658831620984,22.92010607257479,16.309932474020215,74.99606936422998,19.1771344560278,17.620695987451796,63.25067202520611,19.11770266124762,285
IMG_00286.png,18.0,52.36676917363735,16.133651273536557,18.49573328079581,72.89841266240524,19.50271585137664,18.572893315541048,64.0207442171945,19.464862026500924,286
IMG_00287.png,18.0,45.31190728275812,20.167518393358186,11.84277341263094,81.9080678236918,18.31666933974873,19.154821501165323,63.65972500524665,19.46522991429233,287
IMG_00288.png,18.0,32.79490482289656,21.27493462819292,26.801409486351815,67.00343240888006,20.043461574997625,20.34327364443598,61.567494257915826,19.165166450777214,288
IMG_00289.png,18.0,40.29219488091935,20.438201750658635,24.79887635452493,64.49389728837411,18.73977011494253,20.037261531487395,60.9421987209397,19.36610407846311,289
IMG_00290.png,18.0,38.943675564754486,19.65512069874405,24.79887635452493,63.58852663391934,18.433103448275865,22.40420248272041,57.609047800310464,19.343706475374482,290
IMG_00291.png,18.0,40.03337336548065,20.827262897758846,16.309932474020215,73.71775703035718,18.926436781609198,20.935395700993986,59.59551259973703,19.46478257627924,291
IMG_00292.png,18.0,35.57813266753976,19.196110927788695,28.749494492866763,62.27146465429083,18.5730039457883,20.263553011360493,58.8770003206403,19.296203375925913,292
IMG_00293.png,18.0,32.02944452036676,22.32868231544849,16.309932474020215,81.52052110586826,20.456684715493495,20.263553011360493,59.96831848799726,19.71773493237629,293
IMG_00294.png,18.0,37.61947001526177,20.757400569379623,20.0,60.50712023725079,17.398833475824073,20.780162464997666,57.529526069512926,19.381303773365943,294
IMG_00295.png,18.0,49.60388158916315,24.130620799790393,24.79887635452493,66.81499667600818,19.52597166533013,18.41322151376465,61.363534005927534,19.529730975883012,295
IMG_00296.png,18.0,32.70719591333776,19.632969476236553,20.0,59.437601520673255,17.03519711218771,18.719233626713237,58.90430762104703,18.973614522403246,296
IMG_00297.png,18.0,32.790183882929156,19.781529559435977,11.84277341263094,90.85207082208537,19.38230455020424,18.719233626713237,59.271988220029485,19.029830408728,297
IMG_00298.png,18.0,34.34423872843292,20.696438393816024,18.49573328079581,62.962563696122,17.18395744276622,17.220029705994868,59.90770561662873,18.60583267398527,298
IMG_00299.png,18.0,42.688764501084485,21.334368739071365,20.0,60.9608554503443,17.553103448275863,17.89187239562836,60.64895640106342,18.854960606650742,299
IMG_00300.png,18.0,39.97632262786124,19.645128838315884,14.090276920822323,75.48193192084648,18.41977011494253,19.033884117860026,56.62473812612539,18.900083095481282,300
IMG_00301.png,18.0,31.56983518665045,19.234137500000003,24.79887635452493,65.21969029235852,18.985610335328204,19.033884117860026,58.18638530060755,19.419888011974628,301
IMG_00302.png,18.0,39.766702096129066,26.3572625,20.0,59.117718195442336,16.8864367816092,18.82328677717144,60.174066468866364,19.515238368808745,302
IMG_00303.png,18.0,42.549924318595714,25.20073521140489,18.49573328079581,70.60046397521046,18.966436781609197,19.650648008256315,58.39542425740145,19.02912862577768,303
IMG_00304.png,18.0,34.78866839847137,15.300033547647352,18.49573328079581,78.54433355331284,20.820321079129858,19.363059346130797,59.39249391446867,19.149369851512834,304
IMG_00305.png,18.0,47.27377306281362,14.605573689606898,20.0,59.64986593826039,17.107367014167338,19.15246200544221,61.79706297151997,19.49075300013497,305
IMG_00306.png,18.0,46.78122999517229,21.768012499999994,22.744671625056935,65.82244721061508,18.75852980486501,19.45297385014002,61.374277491713904,19.31055721843476,306
IMG_00307.png,18.0,47.3148056259256,25.855260510804694,18.49573328079581,73.05830994732446,19.540031552851026,19.753485694837828,60.858092064771675,19.305177828714484,307
IMG_00308.png,18.0,39.83507469243277,21.886361071956927,20.642246457208728,68.74407467352273,19.09977011494253,19.841857118547285,62.088355562058005,20.0422650316933,308
IMG_00309.png,18.0,52.62115703782912,20.18711868848117,20.642246457208728,67.21479965828645,18.68743180648482,19.34871944554976,62.74778006741659,20.1692285044559,309
