image_id,pa_cxs,fl_cxs,mt_cxs,pa_qd,fl_qd,mt_qd,pa_deg,fl_mm,mt_mm
IMG_00001.tif,18.0,70.08210502306176,17.085829061789713,14.090276920822323,69.30002174152202,17.443087027914615,15.184999382992073,69.51900506035315,17.343054797399642
IMG_00002.tif,18.0,77.22353931925647,21.22257438360161,14.090276920822323,77.81210048541365,18.78791461412151,15.184999382992073,77.64730335888964,19.46961934957594
IMG_00003.tif,18.0,69.23057221411725,21.579177571197015,16.309932474020215,77.90950272704863,19.748505747126437,16.783151381294555,75.47940218342785,20.2610938578662
IMG_00004.tif,18.0,69.02894593752411,23.179533508336064,18.49573328079581,76.73791587674307,20.398752052545156,18.356927962172982,74.57940429376177,21.17737086016661
IMG_00005.tif,18.0,52.280209666347936,21.5,20.642246457208728,74.09154891132938,20.5416091954023,19.902417449190285,67.98437392273458,20.809958620689656
IMG_00006.tif,18.0,54.5491529139804,23.043246160924785,18.49573328079581,83.42924980433229,21.96032840722496,18.356927962172982,75.34282267503376,22.26354537826091
IMG_00007.tif,18.0,69.64989047977036,24.448686184262996,22.744671625056935,72.5618794175276,20.812545155993433,21.416163570040993,71.74652251495559,21.83066464390891
IMG_00008.tif,18.0,71.09106807151676,24.756124025771044,22.744671625056935,73.04677121857712,20.96032840722496,21.416163570040993,72.49917433740022,22.023151180417862
IMG_00009.tif,18.0,81.40818630546953,21.19969074726178,14.090276920822323,77.01779849541522,18.662422444691636,15.184999382992073,78.24710708223043,19.372857569411277
IMG_00010.tif,18.0,78.20698435139579,21.272513343216453,14.090276920822323,80.14019039827289,19.155730706075534,15.184999382992073,79.5988927051473,19.74842984447499
IMG_00011.tif,18.0,77.84554648238459,20.62423883496421,18.49573328079581,69.3288994458793,18.66968801313629,18.356927962172982,71.71356061610078,19.21696224324811
IMG_00012.tif,18.0,78.11268048194391,21.80259947321358,14.090276920822323,79.39187578342528,19.037504105090314,15.184999382992073,79.0337010990105,19.81173080816483
IMG_00013.tif,18.0,45.28765417951644,19.65945823358247,20.0,69.48012522722055,20.449655172413795,19.439999999999998,62.7062333338634,20.228400029541024
IMG_00014.tif,18.0,60.09028444781237,17.702209654500454,20.0,62.680163863364676,18.137668308702793,19.439999999999998,61.95499762701003,18.015739885526138
IMG_00015.tif,18.0,55.762790287891015,27.075418992970853,20.0,69.22899029048725,20.36426929392447,19.439999999999998,65.4584542897603,22.243391209657457
IMG_00016.tif,18.0,77.90156856105637,24.850074714142764,16.309932474020215,80.51343551642032,20.259178981937605,16.783151381294555,79.78211276891841,21.54462978695505
IMG_00017.tif,18.0,76.89369005744831,23.020898740796667,16.309932474020215,76.96337923766278,19.56295566502463,16.783151381294555,76.94386626720272,20.5311797262408
IMG_00018.tif,18.0,48.273090214530775,19.511345977919408,16.309932474020215,83.81230856790727,20.906141215106732,16.783151381294555,73.86132742896184,20.515598548694282
IMG_00019.tif,18.0,54.55864917255198,19.85008611018251,20.0,59.117718195442336,16.871658456486045,19.439999999999998,57.84117886903304,17.705618199521055
IMG_00020.tif,18.0,78.20040200601244,21.051813010515332,14.090276920822323,78.31097689531205,18.86673234811166,15.184999382992073,78.28001592630817,19.47855493358469
IMG_00021.tif,18.0,77.34866100702439,19.86826032737632,16.309932474020215,63.83486922565377,16.98824302134647,16.783151381294555,67.61873092443754,17.79464786703483
IMG_00022.tif,18.0,62.79525004451215,21.063988440837242,18.49573328079581,75.56288668020532,20.124532019704436,18.356927962172982,71.98794842221123,20.38757981762162
IMG_00023.tif,18.0,64.54811543980307,20.800671299166947,16.309932474020215,78.31976866492391,19.828965517241382,16.783151381294555,74.46370576189008,20.10104313618054
IMG_00024.tif,18.0,77.90418505168535,25.31744811479843,18.49573328079581,76.64644653809043,20.377405582922826,18.356927962172982,76.99861332189701,21.760617491847995
IMG_00025.tif,18.0,77.6127384733539,23.883138823235843,16.309932474020215,79.91059577097091,20.14095238095238,16.783151381294555,79.26719572763815,21.18876458479175
IMG_00026.tif,18.0,78.91458480664036,24.482145685520962,20.642246457208728,75.28518155369694,20.86344827586207,19.902417449190285,76.3014144645211,21.87668355056656
IMG_00027.tif,18.0,78.18279589542072,22.878344145520852,18.49573328079581,73.77571652499222,19.70745484400657,18.356927962172982,75.0096987487122,20.595303848430568
IMG_00028.tif,18.0,77.57031388536068,22.603661489004704,19.57421619803874,70.76266401772551,19.32650246305419,19.133435662587893,72.66880598066336,20.244106990320333
IMG_00029.tif,18.0,77.81926883229389,23.273940063339666,16.309932474020215,78.16905872856157,19.799408866995076,16.783151381294555,78.07111755760661,20.772277601971563
IMG_00030.tif,18.0,77.07840429833405,15.812915934556816,11.84277341263094,84.31972333873745,18.604006568144502,13.566796857094278,82.2921540074245,17.82250119073995
IMG_00031.tif,18.0,77.32162836050348,15.428462942639356,11.84277341263094,84.31972333873745,18.604006568144502,13.566796857094278,82.36025674483193,17.714854353003062
IMG_00032.tif,18.0,79.49626642900401,25.28504546279195,16.309932474020215,81.7191150073191,20.495632183908047,16.783151381294555,81.09671740539088,21.83666790199554
IMG_00033.tif,18.0,78.41178858933759,22.818313063578536,18.49573328079581,73.21282828712982,19.576091954022992,18.356927962172982,74.668537171748,20.483913864698543
IMG_00034.tif,18.0,62.83216618603222,23.82202558644358,16.309932474020215,85.7715377406178,21.290377668308704,16.783151381294555,79.34851370533384,21.99923908538647
IMG_00035.tif,18.0,77.44416019079961,15.631844217247481,16.309932474020215,72.34160785588409,18.656551724137934,16.783151381294555,73.77032250966045,17.809633622208608
IMG_00036.tif,18.0,97.25281702449598,17.778195816767816,11.84277341263094,88.24000221536996,19.071089059786654,13.566796857094278,90.76359036192525,18.709078951741382
IMG_00037.tif,18.0,86.73449028532546,17.582768749999996,11.84277341263094,93.11771819544234,21.329550554064287,13.566796857094278,91.33041438060962,20.280451648926284
IMG_00038.tif,18.0,97.26820871104846,15.678060354468,14.090276920822323,74.5954991248891,18.279722153311834,15.184999382992073,80.94385780901372,17.55125684963556
IMG_00039.tif,18.0,95.43424671962053,20.425791319133182,16.309932474020215,78.18484050447161,19.80250392789217,16.783151381294555,83.0146742447133,19.977024397439656
IMG_00040.tif,18.0,41.58262316360334,26.456370046801197,20.0,67.40775297542116,19.745048606801998,19.439999999999998,60.17671662811217,21.624218610001773
IMG_00041.tif,18.0,40.70298183540325,17.223960971553687,11.84277341263094,93.11771819544234,20.799033182637473,13.566796857094278,78.4415920146314,19.798012963534013
IMG_00042.tif,18.0,43.68162033643021,13.398068621168635,20.0,69.37357786578862,20.413429069526934,19.439999999999998,62.17982975756826,18.44912814398661
IMG_00043.tif,18.0,41.99544444443393,15.315875,20.0,67.40775297542116,19.745048606801998,19.439999999999998,60.29230658674473,18.504879996897436
IMG_00044.tif,18.0,41.88512445855961,16.189583222019852,11.84277341263094,88.93411236501136,19.15378896669917,13.566796857094278,75.76039575120487,18.323811358188962
IMG_00045.tif,18.0,41.48620887761376,16.0847375,11.84277341263094,89.58139659699152,19.23090978932128,13.566796857094278,76.11474403556575,18.349981548311323
IMG_00046.tif,18.0,41.25256869884466,14.5513625,20.0,64.00536374209287,18.58823626747038,19.439999999999998,57.634581129983374,17.457911612578673
IMG_00047.tif,18.0,95.38287927609454,19.482124690519882,11.84277341263094,93.11771819544234,21.577084263623586,13.566796857094278,93.75196329802496,20.990495583154548
IMG_00048.tif,18.0,47.440672422291925,14.454574999999998,20.0,78.90026771910784,23.65250361965547,19.439999999999998,70.09158103599938,21.077083606151938
IMG_00049.tif,18.0,94.78120066986325,16.780193750000002,20.0,59.117718195442336,16.876844455470106,19.439999999999998,69.10349328828019,16.84978225793848
IMG_00050.tif,18.0,96.28318874363457,22.48413125,14.090276920822323,80.51517019378257,19.214973951872985,15.184999382992073,84.93021538774113,20.130337995348548
IMG_00051.tif,18.0,94.63190837626671,19.16290625,12.96961039432136,76.9,18.183798891920947,14.37811948391138,81.86493434535468,18.45794895218308
IMG_00052.tif,18.0,95.13929085747675,20.795787499999996,20.0,59.117718195442336,16.876844455470106,19.439999999999998,69.20375854081198,17.974148507938477
IMG_00053.tif,18.0,95.31924057280398,19.817037499999994,14.090276920822323,78.01069397232764,18.819290498635574,15.184999382992073,82.85708702046102,19.098659659017613
IMG_00054.tif,18.0,94.78989588176321,18.895925,20.0,65.42551901361132,19.071089059786654,19.439999999999998,73.64754453669386,19.02204312304639
IMG_00055.tif,18.0,94.81323845383343,20.513087871957183,20.0,71.4559887554649,21.12144877201687,19.439999999999998,77.9960186710081,20.951107720000156
IMG_00056.tif,18.0,71.87905733396823,23.237919477358936,14.090276920822323,90.36184890388701,20.770655655518794,15.184999382992073,85.18666726430975,21.461489525634033
IMG_00057.tif,18.0,71.8788984274038,23.23623750669672,14.090276920822323,90.36184890388701,20.770655655518794,15.184999382992073,85.1866227704717,21.461018573848612
IMG_00058.tif,18.0,71.76278384121952,23.23713513533998,14.090276920822323,90.36184890388701,20.770655655518794,15.184999382992073,85.15411068634012,21.461269909868726
IMG_00059.tif,18.0,72.141678359905,23.240949459786425,15.203973721731684,86.3331812689937,20.770655655518794,15.986861079646813,82.35956045444887,21.46233792071373
IMG_00060.tif,18.0,71.76047132960699,23.235354069250274,16.309932474020215,83.12146505575832,20.770655655518794,16.783151381294555,79.94038681243595,21.460771211363607
IMG_00061.tif,18.0,70.45988845863891,22.835635483814947,18.49573328079581,79.62279063293191,21.072003791918476,18.356927962172982,77.05717802412987,21.56582066564949
IMG_00062.tif,18.0,70.31338397105986,22.84567530503209,18.49573328079581,79.62279063293191,21.072003791918476,18.356927962172982,77.01615676760774,21.568631815590287
IMG_00063.tif,18.0,70.31340341299496,22.844697058708356,17.407418527400743,81.83248778015987,21.056143363686914,17.573341339728536,78.60714415735369,21.556938398292917
IMG_00064.tif,18.0,70.26643749048388,22.78255884556573,16.309932474020215,84.57717245059845,21.056143363686914,16.783151381294555,80.57016666176638,21.539539698612984
IMG_00065.tif,18.0,70.30292815056401,22.78604537604578,16.309932474020215,84.49629981755179,21.04028293545535,16.783151381294555,80.5221557507952,21.52909641882067
IMG_00066.tif,18.0,75.61105947254366,20.91378125,16.309932474020215,93.11771819544234,22.997098050165203,16.783151381294555,88.21585375303071,22.413769346118944
IMG_00067.tif,18.0,76.06458603688792,20.9165,16.309932474020215,93.11771819544234,22.997098050165203,16.783151381294555,88.3428411910471,22.414530596118944
IMG_00068.tif,18.0,75.6422429962315,20.91160625,16.309932474020215,93.11771819544234,22.997098050165203,16.783151381294555,88.2245851396633,22.413160346118943
IMG_00069.tif,18.0,75.28361994504263,20.912806099027414,16.309932474020215,93.11771819544234,22.983602773512033,16.783151381294555,88.12417068533043,22.40377970465634
IMG_00070.tif,18.0,75.60850197411733,20.90328436129169,16.309932474020215,93.11771819544234,22.997098050165203,16.783151381294555,88.21513765347134,22.41083021728062
IMG_00071.tif,18.0,79.11234285892911,19.16702967155868,20.0,74.31324093895269,22.092914514402718,19.439999999999998,75.65698947654609,21.273666758406385
IMG_00072.tif,18.0,78.9130554032287,19.17029194942872,20.0,74.31324093895269,22.092914514402718,19.439999999999998,75.60118898894997,21.27458019621
IMG_00073.tif,18.0,78.8872373585924,19.168101602251923,20.0,74.31324093895269,22.092914514402718,19.439999999999998,75.59395993645181,21.273966899000495
IMG_00074.tif,18.0,78.59935470802256,19.17130565570471,20.0,74.31324093895269,22.092914514402718,19.439999999999998,75.51335279429225,21.274864033967276
IMG_00075.tif,18.0,78.43644719070784,19.174565711862318,20.0,74.31324093895269,22.092914514402718,19.439999999999998,75.46773868944413,21.275776849691404
IMG_00076.tif,18.0,78.16898422343658,20.31713434604778,20.0,71.85233754925673,21.256207361906093,19.439999999999998,73.62099861802709,20.993266917465764
IMG_00077.tif,18.0,78.09538373788646,20.533699999999993,20.0,71.85233754925673,21.256207361906093,19.439999999999998,73.60039048207305,21.053905300572385
IMG_00078.tif,18.0,78.12076429930381,20.55049699634166,20.0,71.85233754925673,21.256207361906093,19.439999999999998,73.60749703926992,21.05860845954805
IMG_00079.tif,18.0,78.07272198869181,20.55541594321626,20.0,71.85233754925673,21.256207361906093,19.439999999999998,73.59404519229855,21.059985764672938
IMG_00080.tif,18.0,77.98590816483014,20.55707584278674,20.0,71.85233754925673,21.256207361906093,19.439999999999998,73.56973732161728,21.060450536552672
IMG_00081.tif,18.0,78.0142397882574,20.71698694174794,11.84277341263094,86.75815417086483,18.8945339476011,13.566796857094278,84.30985814373474,19.404820785962215
IMG_00082.tif,18.0,78.0481141296155,20.71156852899202,11.84277341263094,86.75815417086483,18.8945339476011,13.566796857094278,84.31934295931501,19.40330363039056
IMG_00083.tif,18.0,78.04453871214635,20.708787500000007,11.84277341263094,86.75815417086483,18.8945339476011,13.566796857094278,84.31834184242365,19.402524942272795
IMG_00084.tif,18.0,78.04798316920723,20.716943750000006,11.84277341263094,86.75815417086483,18.8945339476011,13.566796857094278,84.3193062904007,19.404808692272795
IMG_00085.tif,18.0,78.06659784689833,20.716400000000004,11.84277341263094,86.75815417086483,18.8945339476011,13.566796857094278,84.3245184001542,19.404656442272795
IMG_00086.tif,18.0,76.50751394283844,23.841988900045255,16.309932474020215,80.36753907780053,20.230566336265067,16.783151381294555,79.28673204001115,21.24176465412352
IMG_00087.tif,18.0,76.35731869536869,23.840365288294002,15.203973721731684,83.28446448525305,20.230566336265067,15.986861079646813,81.34486366408544,21.24131004283317
IMG_00088.tif,18.0,76.18528640730872,23.842045558939066,16.309932474020215,80.36753907780053,20.230566336265067,16.783151381294555,79.19650833006283,21.241780518613787
IMG_00089.tif,18.0,76.21492639776065,23.834899220778446,16.309932474020215,80.36753907780053,20.230566336265067,16.783151381294555,79.20480752738936,21.23977954392881
IMG_00090.tif,18.0,76.17591957282869,23.852482120783097,16.309932474020215,80.36753907780053,20.230566336265067,16.783151381294555,79.19388561640841,21.244702755930117
IMG_00091.tif,18.0,76.7284076051421,24.222888419459377,14.090276920822323,88.39546729250105,20.45998603936898,15.184999382992073,85.12869058004054,21.51359870579429
IMG_00092.tif,18.0,76.77367999850996,24.227263201739756,14.090276920822323,88.39546729250105,20.45998603936898,15.184999382992073,85.14136685018354,21.5148236448328
IMG_00093.tif,18.0,76.65767691421904,24.227410170514446,14.090276920822323,88.39546729250105,20.45998603936898,15.184999382992073,85.10888598658208,21.51486479608971
IMG_00094.tif,18.0,76.64667423552935,24.222876369939474,14.090276920822323,88.31004901381569,20.44649076271581,15.184999382992073,85.04430407589551,21.503878732738436
IMG_00095.tif,18.0,76.6275673355291,24.222079135934223,14.090276920822323,88.31004901381569,20.44649076271581,15.184999382992073,85.03895414389544,21.503655507216966
IMG_00096.tif,18.0,71.45819215858431,23.074297065514227,19.57421619803874,72.15658430297589,19.67725999348504,19.133435662587893,71.96103450254624,20.628430373653213
IMG_00097.tif,18.0,72.36090054543077,23.05119465525598,19.57421619803874,72.10295369422228,19.66376471683187,19.133435662587893,72.17517881256066,20.612245099590623
IMG_00098.tif,18.0,71.90808301159731,23.05399476259013,20.642246457208728,70.83581059935402,19.66376471683187,19.902417449190285,71.13604687478214,20.613029129644183
IMG_00099.tif,18.0,72.3786254127383,23.04434374090468,20.642246457208728,70.83581059935402,19.66376471683187,19.902417449190285,71.26779874710162,20.61032684357226
IMG_00100.tif,18.0,72.80683637207075,23.045943812157866,20.642246457208728,70.83581059935402,19.66376471683187,19.902417449190285,71.3876978157147,20.61077486352315
IMG_00101.tif,18.0,75.44340703294826,24.84283241662442,14.090276920822323,89.84757803015239,20.689405742472896,15.184999382992073,85.81441015093523,21.852365211235323
IMG_00102.tif,18.0,75.44060066229106,24.845954505384537,15.203973721731684,85.87453866165094,20.689405742472896,15.986861079646813,82.95303602183017,21.853239396088156
IMG_00103.tif,18.0,75.44309781034374,24.843788213113214,15.203973721731684,85.87453866165094,20.689405742472896,15.986861079646813,82.95373522328492,21.852632834252184
IMG_00104.tif,18.0,75.4349784018248,24.839529841278118,15.203973721731684,85.87453866165094,20.689405742472896,15.986861079646813,82.95146178889962,21.85144049013836
IMG_00105.tif,18.0,75.42175538873356,24.84150657021448,15.203973721731684,85.79836000940395,20.675910465819722,15.986861079646813,82.89291071561624,21.842277375050255
IMG_00106.tif,18.0,71.4043042833267,23.305271150308336,14.090276920822323,90.96417985874055,20.865818224908168,15.184999382992073,85.48741469762467,21.548865044020214
IMG_00107.tif,18.0,71.40358672539786,23.305271150308336,14.090276920822323,90.96417985874055,20.865818224908168,15.184999382992073,85.48721378140459,21.548865044020214
IMG_00108.tif,18.0,71.40347554724616,23.305271150308336,14.090276920822323,90.96417985874055,20.865818224908168,15.184999382992073,85.48718265152212,21.548865044020214
IMG_00109.tif,18.0,71.40244353458598,23.305271150308336,15.203973721731684,86.87035856937459,20.865818224908168,15.986861079646813,82.53934235963378,21.548865044020214
IMG_00110.tif,18.0,71.11904974725032,23.30250380864365,15.203973721731684,86.87035856937459,20.865818224908168,15.986861079646813,82.4599920991798,21.548090188354102
IMG_00111.tif,18.0,71.19309611695878,21.478221796869274,16.309932474020215,78.83521550428462,19.930052959245995,16.783151381294555,76.69542207583339,20.363540233780512
IMG_00112.tif,18.0,71.18078213968931,21.493128954802263,16.309932474020215,78.83521550428462,19.930052959245995,16.783151381294555,76.69197416219794,20.36771423800175
IMG_00113.tif,18.0,71.16051619322204,21.491243750000002,17.407418527400743,76.59148870428596,19.930052959245995,17.573341339728536,75.07081640118807,20.367186380657117
IMG_00114.tif,18.0,71.17504178466318,21.489612500000003,18.49573328079581,74.86546993902353,19.96177381570912,18.356927962172982,73.83215005580263,20.38956864731057
IMG_00115.tif,18.0,71.17272094455892,21.483631250000006,18.49573328079581,74.86546993902353,19.96177381570912,18.356927962172982,73.83150022057345,20.38789389731057
IMG_00116.tif,18.0,71.77767096620444,28.197692768757847,20.0,77.23489877108258,23.086278177326882,19.439999999999998,75.70687498571671,24.517474262927553
IMG_00117.tif,18.0,71.04742720532481,28.18191814297103,20.0,77.88797522767632,23.308324172568753,19.439999999999998,75.9726217814179,24.67293048428139
IMG_00118.tif,18.0,70.5048497236314,28.177092315242522,20.0,77.88797522767632,23.308324172568753,19.439999999999998,75.82070008654375,24.671579252517407
IMG_00119.tif,18.0,70.7773407100669,28.166261127394804,20.0,77.23489877108258,23.086278177326882,19.439999999999998,75.42678251399819,24.508673403345902
IMG_00120.tif,18.0,70.64971939092162,28.152119578488627,20.0,77.23489877108258,23.086278177326882,19.439999999999998,75.39104854463751,24.50471376965217
IMG_00121.tif,18.0,72.38174607425796,17.515776187964136,16.309932474020215,93.11771819544234,23.29246374433719,16.783151381294555,87.31164600151072,21.674991228552734
IMG_00122.tif,18.0,72.2385062476653,17.49794375,16.309932474020215,93.11771819544234,23.29246374433719,16.783151381294555,87.27153885006477,21.669998145922776
IMG_00123.tif,18.0,72.15785443958382,17.499575,18.49573328079581,89.13743202074868,23.29246374433719,18.356927962172982,84.38315029802251,21.670454895922777
IMG_00124.tif,18.0,72.33296193533175,17.501206249999996,18.49573328079581,89.13743202074868,23.29246374433719,18.356927962172982,84.43218039683194,21.670911645922775
IMG_00125.tif,18.0,72.18348367658261,17.503924999999995,18.49573328079581,89.13743202074868,23.29246374433719,18.356927962172982,84.39032648438219,21.671672895922775
IMG_00126.tif,18.0,71.97658588491086,19.841958819425294,16.309932474020215,74.30634805367087,19.041868978278508,16.783151381294555,73.65401464641808,19.265894133799605
IMG_00127.tif,18.0,71.8726256021367,19.837612836356733,16.309932474020215,74.30634805367087,19.041868978278508,16.783151381294555,73.6249057672413,19.26467725854041
IMG_00128.tif,18.0,71.2193261156715,19.83959853595531,16.309932474020215,74.30634805367087,19.041868978278508,16.783151381294555,73.44198191103105,19.26523325442801
IMG_00129.tif,18.0,71.37928345429503,19.836606480006882,16.309932474020215,74.30634805367087,19.041868978278508,16.783151381294555,73.48676996584564,19.264395478762452
IMG_00130.tif,18.0,71.98733731285861,19.83743801415107,16.309932474020215,74.30634805367087,19.041868978278508,16.783151381294555,73.65702504624345,19.264628308322823
IMG_00131.tif,18.0,71.39213607943955,23.19881205894323,14.090276920822323,93.11771819544234,24.54543757463061,15.184999382992073,87.03455520296156,24.168382430238143
IMG_00132.tif,18.0,71.39075475658416,23.198266180811267,14.090276920822323,93.11771819544234,24.54543757463061,15.184999382992073,87.03416843256205,24.168229584361193
IMG_00133.tif,18.0,71.3919047100868,23.196502041264488,14.090276920822323,93.11771819544234,24.54543757463061,15.184999382992073,87.03449041954279,24.167735625288095
IMG_00134.tif,18.0,71.39559192860798,23.20297232037549,14.090276920822323,93.11771819544234,24.54543757463061,15.184999382992073,87.03552284072872,24.169547303439174
IMG_00135.tif,18.0,71.39815646377622,23.179674379831944,14.090276920822323,93.11771819544234,24.54543757463061,15.184999382992073,87.03624091057583,24.163023880086982
IMG_00136.tif,18.0,70.75159585326213,21.99801875,20.642246457208728,71.99988586475169,19.97763424394068,19.902417449190285,71.65036466153461,20.54334190563729
IMG_00137.tif,18.0,70.70885883003149,21.992037500000002,20.642246457208728,71.99988586475169,19.97763424394068,19.902417449190285,71.63839829503004,20.541667155637292
IMG_00138.tif,18.0,70.66833458796552,21.98931875,20.642246457208728,71.99988586475169,19.97763424394068,19.902417449190285,71.62705150725156,20.540905905637292
IMG_00139.tif,18.0,70.67285826032996,21.983188516711042,20.642246457208728,71.99988586475169,19.97763424394068,19.902417449190285,71.62831813551361,20.539189440316385
IMG_00140.tif,18.0,70.63324993142517,21.98160230547561,20.642246457208728,71.99988586475169,19.97763424394068,19.902417449190285,71.61722780342026,20.53874530117046
IMG_00141.tif,18.0,71.79146739818133,23.302960141750145,18.49573328079581,78.80724994254761,20.88167865313973,18.356927962172982,76.84283083012505,21.559637469950644
IMG_00142.tif,18.0,71.99037014580672,23.32703550789841,18.49573328079581,78.80724994254761,20.88167865313973,18.356927962172982,76.89852359946016,21.56637857247216
IMG_00143.tif,18.0,71.99756411330448,23.333681586052577,18.49573328079581,78.80724994254761,20.88167865313973,18.356927962172982,76.90053791035953,21.568239474355327
IMG_00144.tif,18.0,71.94005726445182,23.33380649666402,18.49573328079581,78.80724994254761,20.88167865313973,18.356927962172982,76.88443599268079,21.56827444932653
IMG_00145.tif,18.0,71.93300059769821,23.333317890398117,18.49573328079581,78.80724994254761,20.88167865313973,18.356927962172982,76.88246012598978,21.56813763957208
IMG_00146.tif,18.0,77.2240237732726,20.990993749999994,14.090276920822323,84.80789958771543,19.893184419935782,15.184999382992073,82.68441435967144,20.200571032353764
IMG_00147.tif,18.0,78.71210729552853,20.98880803908078,14.090276920822323,84.80789958771543,19.893184419935782,15.184999382992073,83.1010777459031,20.19995903329638
IMG_00148.tif,18.0,75.4316814267789,20.999177990890207,14.090276920822323,84.72248130903004,19.87968914328261,15.184999382992073,82.12105734199972,20.193146020612737
IMG_00149.tif,18.0,78.91553271695702,28.178281249999998,12.96961039432136,89.13163805435735,19.87968914328261,14.37811948391138,86.27112855988526,22.20329493316348
IMG_00150.tif,18.0,79.38173777173269,28.15648034151438,20.0,73.9957050177016,21.984952301177348,19.439999999999998,75.5037941888303,23.71298015247172
IMG_00151.tif,18.0,77.48900908306845,19.824160696687443,20.0,73.08278924410472,21.674560938154407,19.439999999999998,74.31653079901457,21.156448870543656
IMG_00152.tif,18.0,76.77732110907907,19.818159192702694,20.0,73.08278924410472,21.674560938154407,19.439999999999998,74.11725816629753,21.154768449427927
IMG_00153.tif,18.0,76.90268455823934,19.823035464800892,20.0,73.04309725394832,21.661065661501233,19.439999999999998,74.1237816991498,21.146417206425138
IMG_00154.tif,18.0,76.98941789857719,19.816518561678315,20.0,73.04309725394832,21.661065661501233,19.439999999999998,74.14806703444441,21.144592473550816
IMG_00155.tif,18.0,76.89320480853934,19.810623993760284,20.0,73.04309725394832,21.661065661501233,19.439999999999998,74.1211273692338,21.142941994533768
IMG_00156.tif,18.0,76.1444084742341,20.791419585214662,20.0,64.50931937032524,18.759581181069386,19.439999999999998,67.76714431941971,19.328495934230062
IMG_00157.tif,18.0,76.21555857839002,20.784362303598982,20.0,64.54901136048163,18.773076457722556,19.439999999999998,67.81564458149597,19.336236494567956
IMG_00158.tif,18.0,75.74021512483193,20.784362303598982,20.0,64.54901136048163,18.773076457722556,19.439999999999998,67.68254841449972,19.336236494567956
IMG_00159.tif,18.0,76.4106352166637,20.78001250575314,20.0,64.54901136048163,18.773076457722556,19.439999999999998,67.87026604021261,19.33501855117112
IMG_00160.tif,18.0,75.87379012088661,20.78871875,20.0,64.50931937032524,18.759581181069386,19.439999999999998,67.69137118048242,19.32773970036996
IMG_00161.tif,18.0,78.63518615655634,19.687886773223372,20.0,73.16217322441749,21.701551491460748,19.439999999999998,74.69461684541636,21.137725370354282
IMG_00162.tif,18.0,78.4903624661496,19.691063219602555,20.0,73.1224812342611,21.688056214807578,19.439999999999998,74.62548797918988,21.128898176150173
IMG_00163.tif,18.0,78.5178312677351,19.691007989462207,20.0,73.1224812342611,21.688056214807578,19.439999999999998,74.63317924363382,21.128882711710876
IMG_00164.tif,18.0,78.68041695982014,19.69436570939511,20.0,73.1224812342611,21.688056214807578,19.439999999999998,74.67870323741764,21.12982287329209
IMG_00165.tif,18.0,78.95612779512136,19.694280812581514,20.0,73.1224812342611,21.688056214807578,19.439999999999998,74.75590227130198,21.12979910218428
IMG_00166.tif,18.0,78.13738853593819,22.513561392886338,14.090276920822323,84.72248130903004,19.87968914328261,15.184999382992073,82.87865533256432,20.617173373171653
IMG_00167.tif,18.0,77.78250226136709,22.507912611376394,14.090276920822323,84.72248130903004,19.87968914328261,15.184999382992073,82.77928717568442,20.61559171434887
IMG_00168.tif,18.0,77.43489557123917,22.49019967688835,14.090276920822323,84.63706303034468,19.86619386662944,15.184999382992073,82.62045614179513,20.600915493501937
IMG_00169.tif,18.0,76.27562579566762,22.46939939291316,14.090276920822323,84.63706303034468,19.86619386662944,15.184999382992073,82.2958606046351,20.595091413988882
IMG_00170.tif,18.0,76.86589519923383,21.845191224945168,14.090276920822323,84.2953899156032,19.812212760016756,15.184999382992073,82.21513139501977,20.38144673019671
IMG_00171.tif,18.0,77.01315836212352,24.096787421131914,14.090276920822323,88.31004901381569,20.44649076271581,15.184999382992073,85.14691963134187,21.46857382707232
IMG_00172.tif,18.0,77.00323629802234,24.098379802634426,15.203973721731684,84.50332292120501,20.44649076271581,15.986861079646813,82.40329866671387,21.469019693893024
IMG_00173.tif,18.0,77.05802403720834,24.096688409824495,16.309932474020215,81.4685419417342,20.44649076271581,16.783151381294555,80.23359692846697,21.46854610390624
IMG_00174.tif,18.0,76.9930050531486,24.098835384350846,16.309932474020215,81.4685419417342,20.44649076271581,16.783151381294555,80.21539161293023,21.46914725677362
IMG_00175.tif,18.0,77.12899424376255,24.099379545291278,15.203973721731684,84.50332292120501,20.44649076271581,15.986861079646813,82.43851089152112,21.469299621836942
IMG_00176.tif,18.0,74.87653243605965,22.646536573199235,20.642246457208728,70.23519729752651,19.50182139699381,19.902417449190285,71.53477113631578,20.38234164633133
IMG_00177.tif,18.0,74.5262608032843,22.646536573199235,20.642246457208728,70.23519729752651,19.50182139699381,19.902417449190285,71.43669507913869,20.38234164633133
IMG_00178.tif,18.0,75.3150646797453,22.644888552386945,20.642246457208728,70.23519729752651,19.50182139699381,19.902417449190285,71.65756016454777,20.38188020050389
IMG_00179.tif,18.0,74.91600220657331,22.65294845420353,20.642246457208728,70.23519729752651,19.50182139699381,19.902417449190285,71.54582267205961,20.38413697301253
IMG_00180.tif,18.0,74.4797966618645,22.656573156431165,20.642246457208728,70.23519729752651,19.50182139699381,19.902417449190285,71.42368511954115,20.38515188963627
IMG_00181.tif,18.0,72.78317882194244,24.886176164718343,16.309932474020215,81.95023069470518,20.540957699288008,16.783151381294555,79.38345617033161,21.7576188696085
IMG_00182.tif,18.0,72.78967777029752,24.88074084158463,16.309932474020215,81.95023069470518,20.540957699288008,16.783151381294555,79.38527587587103,21.756096979131062
IMG_00183.tif,18.0,74.20337216961516,24.885130450962674,16.309932474020215,81.95023069470518,20.540957699288008,16.783151381294555,79.78111030767998,21.757326069756914
IMG_00184.tif,18.0,74.1819207340435,24.883519150275777,16.309932474020215,81.95023069470518,20.540957699288008,16.783151381294555,79.77510390571992,21.756874905564583
IMG_00185.tif,18.0,73.7156875461259,24.885130450962674,16.309932474020215,81.95023069470518,20.540957699288008,16.783151381294555,79.64455861310299,21.757326069756914
IMG_00186.tif,18.0,76.95131598145288,24.619209925656286,11.84277341263094,93.11771819544234,20.581443529247522,13.566796857094278,88.5911255755253,21.712018120241975
IMG_00187.tif,18.0,76.98368925837417,24.644766175656294,12.96961039432136,93.11771819544234,20.581443529247522,14.37811948391138,88.60019009306325,21.719173870241978
IMG_00188.tif,18.0,76.93188625820163,24.647328639131164,14.090276920822323,89.16423180066941,20.581443529247522,15.184999382992073,85.73917504877843,21.71989136001494
IMG_00189.tif,18.0,76.93713242167902,24.591415464002772,14.090276920822323,89.16423180066941,20.581443529247522,15.184999382992073,85.7406439745521,21.704235670978992
IMG_00190.tif,18.0,76.95733888073943,24.651216678381367,14.090276920822323,89.16423180066941,20.581443529247522,15.184999382992073,85.74630178308902,21.720980011004997
IMG_00191.tif,18.0,81.0745279729217,22.37643310634898,11.84277341263094,93.11771819544234,20.689405742472896,13.566796857094278,89.74562493313657,21.1617734043582
IMG_00192.tif,18.0,81.58850066166308,22.35405715944863,11.84277341263094,93.11771819544234,20.689405742472896,13.566796857094278,89.88953728598415,21.1555081392261
IMG_00193.tif,18.0,81.6236722093487,22.352460566750747,11.84277341263094,93.11771819544234,20.689405742472896,13.566796857094278,89.89938531933612,21.155061093270696
IMG_00194.tif,18.0,81.59961452952521,22.354057159448633,11.84277341263094,93.11771819544234,20.689405742472896,13.566796857094278,89.89264916898554,21.155508139226104
IMG_00195.tif,18.0,81.63342030901796,22.38989393037748,11.84277341263094,93.11771819544234,20.675910465819722,13.566796857094278,89.90211478724352,21.155825835895893
IMG_00196.tif,18.0,77.2896256813827,21.025879911507957,18.49573328079581,70.56725356917657,18.958686371100168,18.356927962172982,72.44951776059429,19.537500562414348
IMG_00197.tif,18.0,62.55546428645314,19.897187477517612,12.96961039432136,85.21282874791463,19.33635467980296,14.37811948391138,78.8687666987054,19.49338786316306
IMG_00198.tif,18.0,81.72541256982802,16.663075408660404,14.090276920822323,77.69571334803129,18.769526551964102,15.184999382992073,78.82402913013438,18.179720231839067
IMG_00199.tif,18.0,81.59094778085921,22.388557507785467,11.84277341263094,82.76522787383897,18.418795863028823,13.566796857094278,82.43642944780463,19.530329123560684
IMG_00200.tif,18.0,79.4859273413882,21.393268109435503,18.49573328079581,71.47427921926861,19.170361625032996,18.356927962172982,73.7175406934621,19.7927754406657
IMG_00201.tif,18.0,78.32150738724009,21.235431883728968,16.309932474020215,73.41332295890524,18.86673234811166,16.783151381294555,74.787614598839,19.529968218084505
IMG_00202.tif,18.0,79.71063558964983,19.475557195204235,14.090276920822323,88.37165116159666,20.456223316912975,15.184999382992073,85.94656680145155,20.18163680283453
IMG_00203.tif,18.0,78.09153160184897,28.196973012482605,14.090276920822323,79.64131398837448,19.07691297208539,15.184999382992073,79.20737492014733,21.63052978339661
IMG_00204.tif,18.0,78.5280208787937,22.52763934361659,11.84277341263094,93.11771819544234,19.681182266009856,13.566796857094278,89.03260294678073,20.47819024773974
IMG_00205.tif,18.0,69.2157820254599,21.380303519869173,16.309932474020215,76.70382323614984,19.512052545155996,16.783151381294555,74.60717169715666,20.035162818075683
IMG_00206.tif,18.0,69.65951009543949,20.246244664634084,14.090276920822323,77.53148250484578,18.743579638752053,15.184999382992073,75.32733023021203,19.16432584599902
IMG_00207.tif,18.0,78.67289842087081,18.716692839980205,14.090276920822323,74.31996561612478,18.23619047619048,15.184999382992073,75.53878680145367,18.370731138051603
IMG_00208.tif,18.0,79.22965824261254,21.78071485341707,14.090276920822323,80.7222128764877,19.24768472906404,15.184999382992073,80.30429757900266,19.95693316388289
IMG_00209.tif,18.0,77.9229210443739,20.613672865659407,14.090276920822323,83.54917919924536,19.694318555008213,15.184999382992073,81.97382691588135,19.951737761990547
IMG_00210.tif,18.0,77.84463415907831,19.908600545377492,11.84277341263094,82.8864156819783,18.433234811165846,13.566796857094278,81.4747168555663,18.846337216745106
IMG_00211.tif,18.0,65.18104515171422,22.448395551379154,15.203973721731684,85.37393608974212,20.60072249589491,15.986861079646813,79.71992662709431,21.1180709514305
IMG_00212.tif,18.0,62.58976447684406,20.206140951666455,23.778033222445544,66.73747348329476,19.270673234811166,22.16018392016079,65.57611496148857,19.532604195530645
IMG_00213.tif,18.0,62.80715425442598,21.66747894847539,14.090276920822323,86.06434776581652,20.09169129720854,15.184999382992073,79.55233358262717,20.53291183956326
IMG_00214.tif,18.0,78.08875868233831,21.04497153697822,16.309932474020215,73.21237637708877,18.827323481116586,16.783151381294555,74.57776342255865,19.448264936757845
IMG_00215.tif,18.0,72.68056484940001,21.99473398410376,14.090276920822323,84.73401067275408,19.88151067323481,15.184999382992073,81.35904584221494,20.473213200278117
IMG_00216.tif,18.0,68.85248414064691,20.647869344750447,18.49573328079581,71.73524666274103,19.23126436781609,18.356927962172982,70.92807315655467,19.62791376135771
IMG_00217.tif,18.0,77.55985814888432,22.17763361029678,16.309932474020215,74.41805586798756,19.06377668308703,16.783151381294555,75.29776050663865,19.93565662270576
IMG_00218.tif,18.0,77.45082023806421,21.37051490722825,12.96961039432136,82.86787233116573,19.0112315270936,14.37811948391138,81.35109774509729,19.671830873531302
IMG_00219.tif,18.0,78.6786511094499,22.000827241336765,20.642246457208728,69.39009789139187,19.27395730706076,19.902417449190285,71.99089279244812,20.037480888658042
IMG_00220.tif,18.0,78.57629130128058,22.120267328803763,16.309932474020215,74.95391341949814,19.168866995073895,16.783151381294555,75.96817922639723,19.99525908851826
IMG_00221.tif,18.0,78.7611582137965,21.194628768376486,14.090276920822323,83.05030278934696,19.615500821018063,15.184999382992073,81.84934230819283,20.05765664627842
IMG_00222.tif,18.0,78.0492818819109,21.190615309161686,20.642246457208728,67.87978720104925,18.86673234811166,19.902417449190285,70.72724571169051,19.51741957720567
IMG_00223.tif,18.0,78.08078237868614,20.18632185946226,14.090276920822323,76.98063980224963,18.656551724137934,15.184999382992073,77.28867972365185,19.084887362028745
IMG_00224.tif,18.0,77.16882796984737,19.99449193688168,18.49573328079581,67.92167885122332,18.341280788177343,18.356927962172982,70.51088060443806,18.804179909814557
IMG_00225.tif,18.0,78.02649242427722,14.135397961478343,16.309932474020215,75.35580658313106,19.24768472906404,16.783151381294555,76.10359861865199,17.816244434140046
IMG_00226.tif,18.0,80.36066787069379,23.048708929684786,20.0,59.64722655050849,17.106469622331694,19.439999999999998,65.44699012016038,18.77029662839056
IMG_00227.tif,18.0,77.33831196717286,23.37982391929594,21.69924423399362,69.66677547502906,19.64177339901478,20.663455848475408,71.81480569282931,20.688427544693507
IMG_00228.tif,18.0,77.63220307651679,21.37243352588176,16.309932474020215,73.88219831647699,18.958686371100168,16.783151381294555,74.93219964928814,19.634535574439013
IMG_00229.tif,18.0,70.42205389120664,21.681889010197903,14.090276920822323,83.1438421162029,19.630279146141216,15.184999382992073,79.58174141320396,20.20472990807709
IMG_00230.tif,18.0,69.36666205860143,20.396276182632466,20.642246457208728,68.68366224590903,19.083481116584565,19.902417449190285,68.8749021934629,19.451063735077977
IMG_00231.tif,18.0,77.92726220923736,22.35403888592898,17.407418527400743,74.27157783880351,19.431592775041054,17.573341339728536,75.295169462525,20.249877686089675
IMG_00232.tif,18.0,77.90094949266779,21.02243524715299,16.309932474020215,73.54728734678288,18.893004926108375,16.783151381294555,74.76631274763065,19.48924541600087
IMG_00233.tif,18.0,78.49027691830666,20.646857678459384,12.96961039432136,80.78346662738893,18.722233169129723,14.37811948391138,80.1413735088459,19.26112803174203
IMG_00234.tif,18.0,81.71953381605378,18.85405625,14.090276920822323,71.8566515867832,17.847010258311705,15.184999382992073,74.61825861097896,18.128983135984427
IMG_00235.tif,18.0,81.36062392149174,20.48346493727032,22.744671625056935,66.86541456720525,19.076400939315292,21.416163570040993,70.92407318640547,19.4703788587427
IMG_00236.tif,18.0,70.3537829051287,21.455308642121807,14.090276920822323,84.07923538476241,19.778062397372743,15.184999382992073,80.23610869046497,20.24769134590248
IMG_00237.tif,18.0,63.09569584883746,22.822455369183622,25.806791012711226,69.38933465158735,20.666403940886703,23.62088952915208,67.62711578681738,21.270098340809838
IMG_00238.tif,18.0,77.9671839138471,23.049224345922358,16.309932474020215,77.0303614316016,19.576091954022992,16.783151381294555,77.29267172663035,20.548569023754816
IMG_00239.tif,18.0,77.57003395218244,20.814386383049023,10.710593137499643,93.11771819544234,19.733727422003287,12.751627058999745,88.76436660732958,20.036311931096094
IMG_00240.tif,18.0,76.97780765304732,21.8617967525469,18.49573328079581,71.18643063082521,19.103185550082102,18.356927962172982,72.80801619704741,19.875596686772248
IMG_00241.tif,18.0,78.00593724022603,21.805907661429053,14.090276920822323,80.14019039827289,19.155730706075534,15.184999382992073,79.54259951401977,19.89778025357452
IMG_00242.tif,18.0,63.03205070964204,20.505305916667282,17.407418527400743,74.43970822614236,19.467717569786537,17.573341339728536,71.24556412152226,19.758242306913147
IMG_00243.tif,18.0,77.05117002291291,21.663285060242544,20.642246457208728,69.09777969326105,19.19513957307061,19.902417449190285,71.32472898556357,19.88622030947875
IMG_00244.tif,18.0,78.53908398130343,22.112103099034776,14.090276920822323,81.22108928638612,19.32650246305419,15.184999382992073,80.47012780096297,20.106470641128755
IMG_00245.tif,18.0,78.94818909433563,23.493548811800764,11.84277341263094,93.11771819544234,19.76,13.566796857094278,89.15025004713246,20.805393667304216
IMG_00246.tif,18.0,78.7243471187524,21.51427618454648,20.642246457208728,68.70802209575326,19.090049261083745,19.902417449190285,71.51259310219302,19.76883279965331
IMG_00247.tif,18.0,77.49654153547678,28.25369141751111,16.309932474020215,69.8632666801477,18.170509031198687,16.783151381294555,72.00058363963984,20.993800099366165
IMG_00248.tif,18.0,78.01650441973491,21.351236393611615,14.090276920822323,83.88176347251097,19.746863711001645,15.184999382992073,82.23949093773368,20.196088062132436
IMG_00249.tif,18.0,77.91054770500814,19.95663306394282,16.309932474020215,73.07841198921113,18.80105090311987,16.783151381294555,74.43140998963429,19.124613908150295
IMG_00250.tif,18.0,77.82273636224936,21.374346263587814,14.090276920822323,81.71996569628453,19.405320197044336,15.184999382992073,80.62874148275468,19.95664749567651
IMG_00251.tif,18.0,81.2419334690623,18.623202977595497,22.744671625056935,61.5019934626917,17.441760372423392,21.416163570040993,67.02917666447547,17.772564301871583
IMG_00252.png,18.0,42.214348027456694,16.144075837344523,14.090276920822323,78.26690947910436,18.85977011494253,15.184999382992073,68.17219227264302,18.09937571721509
IMG_00253.png,18.0,41.05436883842751,21.564649999999993,20.0,66.68224848517016,19.498377080116658,19.439999999999998,59.50644218408222,20.076933497683992
IMG_00254.png,18.0,45.639454151381564,22.112563513600705,18.49573328079581,74.09422290725942,19.7817856188185,18.356927962172982,66.12688765561361,20.434403429357516
IMG_00255.png,18.0,47.628134962096674,26.060041168736344,22.744671625056935,70.70594665188268,20.246901897888268,21.416163570040993,64.24415937874261,21.874580893725728
IMG_00256.png,18.0,48.89921053951852,22.690188993492477,20.0,66.18201368107844,19.328297246725477,19.439999999999998,61.34282880144167,20.269626935820234
IMG_00257.png,18.0,45.39531900210112,22.308100688481954,24.79887635452493,64.92690064485248,18.8864367816092,22.895190975257947,59.4580577848821,19.84450267553357
IMG_00258.png,18.0,35.80366992320944,22.473025696373984,32.47443162627713,65.44223685899033,20.572387194832338,28.421590770919536,57.14343811697168,21.104565975264
IMG_00259.png,18.0,38.883982321816866,19.76695839406305,20.642246457208728,66.37045090470039,18.45977011494253,19.902417449190285,58.67423970149301,18.825782833096277
IMG_00260.png,18.0,47.97225102174446,23.086919511835056,18.49573328079581,71.50330071007537,19.1771344560278,18.356927962172982,64.91460679734271,20.271874271653832
IMG_00261.png,18.0,42.03812893843741,14.961893749999998,16.309932474020215,77.32106415329608,19.633103448275865,16.783151381294555,67.44184229313565,18.325164732758623
IMG_00262.png,18.0,45.26227909505417,22.803290471021448,22.744671625056935,66.85256037400747,19.072483293237102,21.416163570040993,60.80728161590054,20.11710930301672
IMG_00263.png,18.0,49.17540495797044,19.1427875,20.0,59.117718195442336,16.8864367816092,19.439999999999998,56.333870488950204,17.51821498275862
IMG_00264.png,18.0,43.37552564281127,21.23787936436059,20.0,61.313796626814884,17.673103448275864,19.439999999999998,56.29108075129387,18.671240704779585
IMG_00265.png,18.0,47.17820424209038,21.1949,24.79887635452493,63.69105596991422,18.467832130446407,22.895190975257947,59.067457486123544,19.231411133921412
IMG_00266.png,18.0,39.528582378840305,19.188525097349963,20.0,61.47065937191292,17.7264367816092,19.439999999999998,55.32687781385259,18.135821510016612
IMG_00267.png,18.0,36.560172035538834,21.14140727764754,22.744671625056935,67.90715936715435,19.39389946817636,21.416163570040993,59.130002914302004,19.88320165482829
IMG_00268.png,18.0,37.41196267251284,21.717828060449012,14.090276920822323,88.82740330471903,20.528227826385315,15.184999382992073,74.43107992770129,20.861315891923148
IMG_00269.png,18.0,42.706778742168915,22.904135695081237,18.49573328079581,78.48483952294902,20.806436781609197,18.356927962172982,68.46698250433059,21.393792477381368
IMG_00270.png,18.0,47.588523012420644,22.56950748191537,24.79887635452493,68.3941315384293,20.06085538626036,22.895190975257947,62.56856115114688,20.763277973043763
IMG_00271.png,18.0,44.17581179879007,14.31106887226759,18.49573328079581,70.1580141846144,18.86318096765571,18.356927962172982,62.882997516583586,17.588589580947037
IMG_00272.png,18.0,52.90537388300623,21.441904396074122,14.090276920822323,78.2884984524242,18.86318096765571,15.184999382992073,71.18122357298716,19.585223527612865
IMG_00273.png,18.0,45.465355801445476,20.6217875,22.744671625056935,63.80037322321522,18.14225073509757,21.416163570040993,58.66656834511969,18.83652102927025
IMG_00274.png,18.0,37.29510690320622,20.900934177983473,18.49573328079581,72.43213590648261,19.39389946817636,18.356927962172982,62.59376778556522,19.815869186922352
IMG_00275.png,18.0,28.4268201274513,20.01812329099427,20.0,59.76477701897174,17.146436781609196,19.439999999999998,50.99014908934602,17.95050900423702
IMG_00276.png,18.0,44.85255857568841,24.008806250000006,18.49573328079581,72.99806351614309,19.52597166533013,18.356927962172982,65.11732213281579,20.781165349037696
IMG_00277.png,18.0,47.460443337858386,23.850735568708334,14.090276920822323,82.41002972257327,19.514343758353384,15.184999382992073,72.6241455348531,20.72853346525277
IMG_00278.png,18.0,39.081620793997,21.27756818976686,24.79887635452493,65.7535434163112,19.166436781609196,22.895190975257947,58.28540508206322,19.757553575893343
IMG_00279.png,18.0,52.29339455711869,21.68398301144041,14.090276920822323,72.9564321450405,18.020765139818153,15.184999382992073,67.17078162042239,19.046466143872387
IMG_00280.png,18.0,54.1837550297344,21.573125862705023,16.309932474020215,69.60708478168766,18.12026762738034,16.783151381294555,65.28855245114075,19.08706793327125
IMG_00281.png,18.0,35.524661365012356,19.365725,16.309932474020215,63.3157572226279,16.8864367816092,16.783151381294555,55.53425038249554,17.580637482758625
IMG_00282.png,18.0,45.651441988810795,22.52537365292625,18.49573328079581,70.70609388017257,18.991087944399894,18.356927962172982,63.690791350591276,19.980687942787274
IMG_00283.png,18.0,35.86929407955439,21.919837081152416,20.0,60.18532135610958,17.28942185623606,19.439999999999998,53.37683371867413,18.585938119212642
IMG_00284.png,18.0,37.20495907235179,19.888953498801754,20.642246457208728,68.39570700595925,19.005839766683824,19.902417449190285,59.66229758454916,19.253111611676843
IMG_00285.png,18.0,47.19658831620984,22.913693750000007,16.309932474020215,74.99606936422998,19.1771344560278,16.783151381294555,67.21221467078433,20.223371058340017
IMG_00286.png,18.0,52.36676917363735,23.774899226892245,18.49573328079581,72.89841266240524,19.50271585137664,18.356927962172982,67.14955248555023,20.69892719652101
IMG_00287.png,18.0,45.31190728275812,20.187331249999996,11.84277341263094,81.9080678236918,18.31666933974873,13.566796857094278,71.66114287223036,18.840454674619085
IMG_00288.png,18.0,32.79490482289656,21.370739412470385,26.801409486351815,67.00343240888006,20.043461574997625,24.33701483017331,57.42504468480468,20.415099369489997
IMG_00289.png,18.0,40.29219488091935,20.415066210286888,24.79887635452493,64.49389728837411,18.73977011494253,22.895190975257947,57.71742061428678,19.20885302163895
IMG_00290.png,18.0,38.943675564754486,19.721881250000003,24.79887635452493,63.58852663391934,18.433103448275865,22.895190975257947,56.687968334553176,18.793961232758623
IMG_00291.png,18.0,40.03337336548065,21.00937846925459,16.309932474020215,73.71775703035718,18.926436781609198,16.783151381294555,64.28612960419174,19.50966045414991
IMG_00292.png,18.0,35.57813266753976,19.273734185930838,28.749494492866763,62.27146465429083,18.5730039457883,25.73963603486407,54.797331698000534,18.76920841302821
IMG_00293.png,18.0,32.02944452036676,19.91364775837589,16.309932474020215,81.52052110586826,20.456684715493495,16.783151381294555,67.66301966192783,20.304634367500565
IMG_00294.png,18.0,37.61947001526177,20.838545373738448,20.0,60.50712023725079,17.398833475824073,19.439999999999998,54.09857817509386,18.361952807240097
IMG_00295.png,18.0,49.60388158916315,24.188536709483238,24.79887635452493,66.81499667600818,19.52597166533013,22.895190975257947,61.995884451691566,20.831489877693002
IMG_00296.png,18.0,32.70719591333776,19.824220322302182,20.0,59.437601520673255,17.03519711218771,19.439999999999998,51.95308795061932,17.816123611019762
IMG_00297.png,18.0,32.790183882929156,19.844191060866624,11.84277341263094,90.85207082208537,19.38230455020424,13.566796857094278,74.59474247912162,19.511632773189707
IMG_00298.png,18.0,34.34423872843292,20.771916992044304,18.49573328079581,62.962563696122,17.18395744276622,18.356927962172982,54.94943270516905,18.188586116564085
IMG_00299.png,18.0,42.688764501084485,15.187619284870793,20.0,60.9608554503443,17.553103448275863,19.439999999999998,55.84466998455155,16.890767882522443
IMG_00300.png,18.0,39.97632262786124,19.531466671152383,14.090276920822323,75.48193192084648,18.41977011494253,15.184999382992073,65.54036131881061,18.73104515068129
IMG_00301.png,18.0,31.56983518665045,19.386931249999993,24.79887635452493,65.21969029235852,18.985610335328204,22.895190975257947,55.79773086276026,19.097980191436307
IMG_00302.png,18.0,39.766702096129066,21.890223605333993,20.0,59.117718195442336,16.8864367816092,19.439999999999998,53.699433687634624,18.287497092252142
IMG_00303.png,18.0,42.549924318595714,13.65205822425931,18.49573328079581,70.60046397521046,18.966436781609197,18.356927962172982,62.746312871358334,17.47841078555123
IMG_00304.png,18.0,34.78866839847137,12.174243526227526,18.49573328079581,78.54433355331284,20.820321079129858,18.356927962172982,66.29274730995724,18.399419364317204
IMG_00305.png,18.0,47.27377306281362,20.619557468354657,20.0,59.64986593826039,17.107367014167338,19.439999999999998,56.18455993313529,18.090780341339787
IMG_00306.png,18.0,46.78122999517229,21.7593125,22.744671625056935,65.82244721061508,18.75852980486501,21.416163570040993,60.4909063902911,19.598748959502807
IMG_00307.png,18.0,47.3148056259256,12.200426507077125,18.49573328079581,73.05830994732446,19.540031552851026,18.356927962172982,65.85012873733278,17.484942140034335
IMG_00308.png,18.0,39.83507469243277,21.87413959616945,20.642246457208728,68.74407467352273,19.09977011494253,19.902417449190285,60.649554678817545,19.87659356968607
IMG_00309.png,18.0,52.62115703782912,20.149091894697126,20.642246457208728,67.21479965828645,18.68743180648482,19.902417449190285,63.12857972455839,19.096696631184265
