image_id,pa_deg,fl_mm,mt_mm,apo_style,fl_px,mt_px,apo_cov,apo_fg_pixels,fasc_cov,n_contours,geometry_path,mt_fail_reason,mt_fail_reason_primary,img_h,img_w,pa_raw,fl_mm_raw,mt_mm_raw
IMG_00001.tif,18.0,70.08210502306176,17.134820512138234,line,796.3875570802473,162.75311914599953,0.030767708333333334,29537,0.13037395833333335,5,raw_line,ok,,800,1200,13.948028692933326,59.729066781018545,12.206483935949965
IMG_00002.tif,18.0,77.22353931925647,20.733431884905215,line,877.5402195370054,273.05538344537064,0.04144375,39786,0.11487291666666667,4,raw_line,ok,,800,1200,1.9391270601854467,65.81551646527541,20.4791537584028
IMG_00003.tif,18.0,69.23057221411725,21.132435990413654,line,786.711047887696,285.28539434218095,0.05687291666666667,54598,0.11650625,6,raw_line,ok,,800,1200,4.3606148666213755,59.0033285915772,21.39640457566357
IMG_00004.tif,18.0,69.02894593752411,23.344879576941185,line,784.4198401991378,353.09975714762254,0.05919375,56826,0.104575,15,raw_line,ok,,800,1200,0.4778896872176688,58.83148801493533,26.48248178607169
IMG_00005.tif,18.0,52.280209666347936,21.041314105367423,line,594.0932916630447,282.49238637141525,0.019785416666666666,18994,0.07979375,4,raw_line,ok,,800,1200,4.958956469877194,44.556996874728355,21.186928977856144
IMG_00006.tif,18.0,54.5491529139804,22.955705136088525,line,619.8767376588683,341.1710386540544,0.022569791666666665,21667,0.080459375,4,raw_line,ok,,800,1200,2.4049366943063344,46.49075532441512,25.58782789905408
IMG_00007.tif,18.0,69.64989047977036,24.125846580134578,line,791.4760281792087,377.0374430692591,0.05233229166666667,50239,0.10749166666666667,9,raw_line,ok,,800,1200,1.5427674693659554,59.36070211344065,28.27780823019443
IMG_00008.tif,18.0,71.09106807151676,24.525504931854655,line,807.853046267236,389.2875074897979,0.04475833333333333,42968,0.11113958333333333,14,raw_line,ok,,800,1200,2.993125671852682,60.5889784700427,29.196563061734842
IMG_00009.tif,18.0,81.40818630546953,20.930346762464737,line,925.0930261985175,279.0910885046663,0.059932291666666665,57535,0.1269125,5,raw_line,ok,,800,1200,0.44018009311190553,69.3819769648888,20.93183163784997
IMG_00010.tif,18.0,78.20698435139579,21.100309406926783,line,888.7157312658612,284.300671476683,0.05042708333333333,48410,0.11747291666666666,4,raw_line,ok,,800,1200,2.1819689517158736,66.65367984493959,21.322550360751226
IMG_00011.tif,18.0,77.84554648238459,20.528239845796893,line,884.6084827543705,266.7659722849623,0.06482083333333333,62228,0.11140104166666667,7,raw_line,ok,,800,1200,0.03977527501893974,66.34563620657778,20.007447921372172
IMG_00012.tif,18.0,78.11268048194391,21.396189384595548,line,887.6440963857262,293.36978956614706,0.07029479166666666,67483,0.12833541666666667,15,raw_line,ok,,800,1200,0.28513006649799877,66.57330722892947,22.00273421746103
IMG_00013.tif,18.0,45.28765417951644,14.230681136658196,line,514.6324338581413,73.7373528477608,0.023792708333333332,22841,0.06148229166666667,4,raw_line,ok,,800,1200,6.670547108090645,38.5974325393606,5.53030146358206
IMG_00014.tif,18.0,60.09028444781237,18.192839901900808,line,682.8441414524134,195.18283224217035,0.031128125,29883,0.06595,3,raw_line,ok,,800,1200,2.143884114861777,51.213310608931,14.638712418162775
IMG_00015.tif,18.0,55.762790287891015,19.309454271618293,line,633.668071453307,229.40856004960287,0.030496875,29277,0.06435625,9,raw_line,ok,,800,1200,10.04283507953045,47.525105358998026,17.205642003720214
IMG_00016.tif,18.0,77.90156856105637,24.47408553048769,line,885.2450972847314,387.7114338846802,0.05917395833333333,56807,0.139440625,6,raw_line,ok,,800,1200,2.11991714782288,66.39338229635486,29.078357541351014
IMG_00017.tif,18.0,76.89369005744831,22.66977931418964,line,873.7919324710035,332.40702878742195,0.068675,65928,0.11076354166666667,4,raw_line,ok,,800,1200,2.0523113204212393,65.53439493532527,24.930527159056645
IMG_00018.tif,18.0,48.273090214530775,19.175476094588234,line,548.5578433469407,225.30194925940955,0.021892708333333333,21017,0.06582916666666666,2,raw_line,ok,,800,1200,3.966553257142209,41.14183825102055,16.897646194455717
IMG_00019.tif,18.0,54.55864917255198,19.8396306768665,line,619.9846496880907,245.65917783498844,0.01615625,15510,0.058865625,3,raw_line,ok,,800,1200,9.362687501293323,46.4988487266068,18.42443833762413
IMG_00020.tif,18.0,78.20040200601244,20.749806579353482,line,888.6409318865051,273.5572897886125,0.07122916666666666,68380,0.131109375,6,raw_line,ok,,800,1200,0.612696633546534,66.64806989148788,20.516796734145935
IMG_00021.tif,18.0,77.34866100702439,20.052099725803533,line,878.9620568980044,252.17163910508916,0.05757916666666667,55276,0.10615729166666667,8,raw_line,ok,,800,1200,1.7224809558332792,65.92215426735034,18.912872932881687
IMG_00022.tif,18.0,62.79525004451215,20.671270765055223,line,713.5823868694563,271.15006176414477,0.044092708333333334,42329,0.077046875,5,raw_line,ok,,800,1200,1.2862786510300621,53.51867901520922,20.336254632310858
IMG_00023.tif,18.0,64.54811543980307,20.168197353749118,line,733.5013118159441,255.73018708809562,0.05443125,52254,0.0775875,5,raw_line,ok,,800,1200,0.1738771398581198,55.012598386195805,19.17976403160717
IMG_00024.tif,18.0,77.90418505168535,25.000062499999995,line,885.2748301327881,403.8333333333332,0.051807291666666665,49735,0.14872604166666667,6,raw_line,ok,,800,1200,2.4291530435341135,66.39561225995911,30.287499999999987
IMG_00025.tif,18.0,77.6127384733539,23.6360430729493,line,881.9629371972035,362.0243087494039,0.060645833333333336,58220,0.111284375,6,raw_line,ok,,800,1200,3.8221332157565655,66.14722028979025,27.15182315620529
IMG_00026.tif,18.0,78.91458480664036,24.37654418289562,line,896.7566455300041,384.7216607784099,0.06259791666666667,60094,0.13896145833333334,13,raw_line,ok,,800,1200,5.304991995847588,67.2567484147503,28.85412455838074
IMG_00027.tif,18.0,78.18279589542072,22.59089619780337,line,888.4408624479629,329.98915548822595,0.08375833333333334,80408,0.12506666666666666,16,raw_line,ok,,800,1200,0.027891604978236728,66.63306468359721,24.749186661616946
IMG_00028.tif,18.0,77.57031388536068,22.308887821569193,line,881.4808396063713,321.3452205844964,0.07384791666666667,70894,0.11825625,14,raw_line,ok,,800,1200,1.859034349245128,66.11106297047785,24.100891543837232
IMG_00029.tif,18.0,77.81926883229389,22.896790332114954,line,884.3098730942487,339.36522090773803,0.067775,65064,0.1306625,12,raw_line,ok,,800,1200,0.7259658860992317,66.32324048206866,25.45239156808035
IMG_00030.tif,18.0,77.07840429833405,15.637788708754302,line,875.8909579356143,116.86708685836942,0.05289479166666667,50779,0.09735208333333334,3,raw_line,ok,,800,1200,1.4912041677076875,65.69182184517108,8.765031514377705
IMG_00031.tif,18.0,77.32162836050348,15.412094681357464,line,878.6548677329941,109.94926226383033,0.041965625,40287,0.08479791666666667,6,raw_line,ok,,800,1200,1.4971460755568697,65.89911507997456,8.246194669787275
IMG_00032.tif,18.0,79.49626642900401,25.044142703595025,line,903.3666639659548,405.184450684905,0.03687083333333333,35396,0.143021875,9,raw_line,ok,,800,1200,5.430497422559249,67.7524997974466,30.388833801367873
IMG_00033.tif,18.0,78.41178858933759,22.94151083126955,line,891.0430521515636,340.73596417684445,0.05217395833333333,50087,0.11758333333333333,9,raw_line,ok,,800,1200,1.5088294371214772,66.82822891136728,25.55519731326333
IMG_00034.tif,18.0,62.83216618603222,23.639124514318738,line,714.0018884776389,362.11875905957817,0.034314583333333336,32942,0.11980208333333334,11,raw_line,ok,,800,1200,0.019414030289908624,53.55014163582292,27.158906929468362
IMG_00035.tif,18.0,77.44416019079961,20.602820700993846,line,880.0472748954502,269.05197550938993,0.0615375,59076,0.11838958333333334,9,raw_line,ok,,800,1200,3.0216894936194345,66.00354561715876,20.178898163204245
IMG_00036.tif,18.0,97.25281702449598,21.36231807591059,line,1105.1456480056363,292.33158853365796,0.23712490006656745,216224,0.09806910513380936,36,raw_line,ok,,853,1069,7.219134468927109,82.88592360042271,21.924869140024345
IMG_00037.tif,18.0,86.73449028532546,18.11455625,line,985.6192077877895,192.7833333333334,0.16791132811019685,137356,0.06192949621467262,24,raw_line,ok,,853,959,0.3396670639566475,73.92144058408421,14.458750000000004
IMG_00038.tif,18.0,97.26820871104846,18.729708716525487,line,1105.3205535346417,211.6385813494402,0.2028980421272195,185014,0.056457317320588646,44,raw_line,ok,,853,1069,0.08684595599527256,82.89904151509812,15.872893601208013
IMG_00039.tif,18.0,95.43424671962053,20.9567375,line,1084.4800763593244,279.90000000000003,0.25198358953213057,229773,0.08249100462024199,37,raw_line,ok,,853,1069,0.23852487173117698,81.33600572694932,20.992500000000003
IMG_00040.tif,18.0,41.58262316360334,26.403581112839312,line,472.52980867731065,446.8530609299407,0.08954285354964472,21360,0.04406715714016223,6,raw_line,ok,,513,465,0.17109427695370982,35.4397356507983,33.51397956974555
IMG_00041.tif,18.0,40.70298183540325,17.234949381525965,line,462.5338844932188,165.8222032651637,0.10331806861091027,24434,0.06828109077224273,10,raw_line,ok,,513,461,3.537793357226615,34.690041336991406,12.436665244887276
IMG_00042.tif,18.0,43.68162033643021,16.840013538645117,line,496.382049277616,153.71689007341362,0.13709677419354838,32640,0.11724630376344086,25,raw_line,ok,,512,465,2.513837907044234,37.228653695821194,11.528766755506021
IMG_00043.tif,18.0,41.99544444443393,15.5888375,line,477.2209595958401,115.36666666666667,0.16721188620699817,39716,0.0893318008243551,23,raw_line,ok,,513,463,3.403733429961818,35.79157196968801,8.6525
IMG_00044.tif,18.0,41.88512445855961,13.700756326248833,line,475.96732339272285,57.4944467815734,0.12262216844793977,29188,0.10291053303757478,28,raw_line,ok,,513,464,8.71578822964429,35.69754925445421,4.312083508618005
IMG_00045.tif,18.0,41.48620887761376,16.095612499999998,line,471.4341917910655,130.89999999999998,0.14934708335953384,35626,0.08603827370097886,20,raw_line,ok,,513,465,4.868020843286985,35.35756438432991,9.817499999999997
IMG_00046.tif,18.0,41.25256869884466,14.789714882663052,line,468.77918975959847,90.87248682492118,0.17326948924731184,41252,0.09926915322580646,24,raw_line,ok,,512,465,7.692545723473131,35.158439231969886,6.8154365118690885
IMG_00047.tif,18.0,95.38287927609454,19.41911242914932,line,1083.8963554101654,232.7697296290979,0.22384101893169653,204111,0.07198277800137522,36,raw_line,ok,,853,1069,0.4264199114549285,81.2922266557624,17.457729722182343
IMG_00048.tif,18.0,47.440672422291925,14.73265173383821,line,539.0985502533174,89.12342479197582,0.20540621941118892,49104,0.10379907804800509,26,raw_line,ok,,513,466,25.39292952003069,40.432391268998806,6.684256859398187
IMG_00049.tif,18.0,94.78120066986325,19.82845625,line,1077.0590985211734,245.3166666666666,0.2377291614803637,216775,0.07924817158830826,32,raw_line,ok,,853,1069,2.5983100597342172,80.779432389088,18.398749999999996
IMG_00050.tif,18.0,96.28318874363457,22.491866817938632,line,1094.1271448140292,326.95377219735275,0.19119993595487011,174347,0.0913630097701723,40,raw_line,ok,,853,1069,2.866737628884181,82.05953586105218,24.521532914801455
IMG_00051.tif,18.0,94.63190837626671,19.36518125,line,1075.362595184849,231.11666666666665,0.2446809093969778,223114,0.07285572189499011,40,raw_line,ok,,853,1069,0.9766724525141228,80.65219463886366,17.33375
IMG_00052.tif,18.0,95.13929085747675,20.675618749999998,line,1081.1283051985995,271.2833333333333,0.2257875960814031,205886,0.06459455813795364,31,raw_line,ok,,853,1069,3.24917181415762,81.08462288989496,20.346249999999998
IMG_00053.tif,18.0,95.31924057280398,19.88955462450966,line,1083.173188327318,247.1894137780739,0.1410396586306844,128608,0.07002962087257103,35,raw_line,ok,,853,1069,2.4278201534937125,81.23798912454885,18.539206033355544
IMG_00054.tif,18.0,94.78989588176321,20.31896326131419,line,1077.1579077473093,260.3513643314695,0.2545037215265113,232071,0.0688529012772836,38,raw_line,ok,,853,1069,1.3019969841833188,80.78684308104819,19.52635232486021
IMG_00055.tif,18.0,94.81323845383343,19.741999999999997,line,1077.4231642481072,242.66666666666666,0.1777581353216568,162090,0.07111202743412619,41,raw_line,ok,,853,1069,5.336353529624944,80.80673731860804,18.2
IMG_00056.tif,18.0,71.87905733396823,23.369018234548676,line,816.8074697041845,353.83963937313956,0.05803428708439898,40663,0.07203655918889294,13,raw_line,ok,,644,1088,7.187675158524439,61.26056022781384,26.537972952985466
IMG_00057.tif,18.0,71.8788984274038,23.365534244791803,line,816.8056639477704,353.73285041507444,0.058057122305443916,40679,0.0716355156192912,13,raw_line,ok,,644,1088,7.177455012877768,61.26042479608278,26.529963781130583
IMG_00058.tif,18.0,71.76278384121952,23.363871353397965,line,815.4861800138582,353.6818805639223,0.05825978489221776,40821,0.07128299689440994,11,raw_line,ok,,644,1088,7.397626807727702,61.161463501039364,26.52614104229417
IMG_00059.tif,18.0,72.141678359905,23.37429901658625,line,819.7917995443751,354.00150242409967,0.05856520597369382,41035,0.07173970131530873,12,raw_line,ok,,644,1088,7.461430426174374,61.48438496582813,26.550112681807473
IMG_00060.tif,18.0,71.76047132960699,23.367479348925347,line,815.4599014728067,353.79247046514473,0.05878642217756668,41190,0.07044808412495433,11,raw_line,ok,,644,1088,7.69567019444503,61.1594926104605,26.534435284885856
IMG_00061.tif,18.0,70.45988845863891,22.848443749999998,line,800.6805506663513,337.88333333333327,0.07071782517354767,49550,0.04823797725611984,19,raw_line,ok,,644,1088,6.897064955452748,60.05104129997635,25.341249999999995
IMG_00062.tif,18.0,70.31338397105986,22.855612870030164,line,799.0157269438621,338.10307647602036,0.07036958805261236,49306,0.04823655005480453,19,raw_line,ok,,644,1088,6.074969734737692,59.92617952078965,25.357730735701526
IMG_00063.tif,18.0,70.31340341299496,22.863668749999995,line,799.0159478749428,338.34999999999985,0.0692834878516624,48545,0.04994348282791378,17,raw_line,ok,,644,1088,6.118681995012395,59.92619609062071,25.376249999999988
IMG_00064.tif,18.0,70.26643749048388,22.836111594042354,line,798.4822442100442,337.50533621585765,0.06984009636463281,48935,0.05010618377785897,19,raw_line,ok,,644,1088,5.801168506636742,59.88616831575331,25.312900216189323
IMG_00065.tif,18.0,70.30292815056401,22.846377685372698,line,798.8969108018639,337.8200056819218,0.07053942500913409,49425,0.05237257946656924,20,raw_line,ok,,644,1088,6.079108323283606,59.91726831013979,25.336500426144138
IMG_00066.tif,18.0,75.61105947254366,17.771811400194512,line,859.2165849152689,182.27774406726476,0.11144479166666667,106987,0.07368125,9,raw_line,ok,,800,1200,2.1406199434953805,64.44124386864516,13.670830805044856
IMG_00067.tif,18.0,76.06458603688792,20.866971907232465,line,864.3702958737264,277.14856420635914,0.11056354166666667,106141,0.07113125,8,raw_line,ok,,800,1200,1.105677932952176,64.82777219052947,20.786142315476933
IMG_00068.tif,18.0,75.6422429962315,20.871831573310292,line,859.5709431389944,277.29751948843807,0.11026770833333334,105857,0.07191979166666666,7,raw_line,ok,,800,1200,1.027461328890979,64.46782073542458,20.797313961632856
IMG_00069.tif,18.0,75.28361994504263,20.866673856627546,line,855.4956811936663,277.13942855563363,0.11035104166666666,105937,0.07136875,8,raw_line,ok,,800,1200,0.6598495043735966,64.16217608952498,20.78545714167252
IMG_00070.tif,18.0,75.60850197411733,20.87891328161266,line,859.1875224331516,277.5145833444494,0.11069583333333333,106268,0.07384479166666667,10,raw_line,ok,,800,1200,0.5074647496922751,64.43906418248636,20.813593750833707
IMG_00071.tif,18.0,79.11234285892911,20.019450609015223,line,899.0038961241945,251.17089989318688,0.10563125,101406,0.07696354166666666,8,raw_line,ok,,800,1200,9.460113556952336,67.42529220931459,18.837817491989014
IMG_00072.tif,18.0,78.9130554032287,27.774065134555727,line,896.7392659457807,488.8602340093709,0.10575416666666666,101524,0.074946875,8,raw_line,ok,,800,1200,5.929355875855833,67.25544494593355,36.66451755070282
IMG_00073.tif,18.0,78.8872373585924,20.02312390072421,line,896.4458790749137,251.28349120993758,0.10556979166666666,101347,0.07499895833333334,8,raw_line,ok,,800,1200,8.197792868402757,67.23344093061853,18.846261840745317
IMG_00074.tif,18.0,78.59935470802256,27.783176827160275,line,893.1744853184382,489.1395196064453,0.105321875,101109,0.07445729166666666,9,raw_line,ok,,800,1200,4.463358052993328,66.98808639888286,36.6854639704834
IMG_00075.tif,18.0,78.43644719070784,27.778749502447432,line,891.3232635307709,489.0038161669711,0.10489583333333333,100700,0.07634895833333333,9,raw_line,ok,,800,1200,3.8256540904053224,66.8492447648078,36.67528621252283
IMG_00076.tif,18.0,78.16898422343658,20.24947965614021,line,888.2839116299612,258.2215986556386,0.08232395833333334,79031,0.09535416666666667,18,raw_line,ok,,800,1200,3.983225947317586,66.62129337224708,19.366619899172896
IMG_00077.tif,18.0,78.09538373788646,20.246972069320048,line,887.4475424759826,258.1447377569364,0.08193958333333333,78662,0.09548645833333333,16,raw_line,ok,,800,1200,3.7380993689858713,66.5585656856987,19.36085533177023
IMG_00078.tif,18.0,78.12076429930381,20.25721226384496,line,887.7359579466342,258.4586134511865,0.08240104166666666,79105,0.09737916666666667,13,raw_line,ok,,800,1200,3.3891045560362953,66.58019684599756,19.384396008838987
IMG_00079.tif,18.0,78.07272198869181,20.24226524504181,line,887.1900225987706,258.0004672809751,0.08245520833333334,79157,0.09885104166666667,15,raw_line,ok,,800,1200,3.1583478124380484,66.53925169490779,19.35003504607313
IMG_00080.tif,18.0,77.98590816483014,20.220572586683016,line,886.2035018730699,257.3355582125062,0.08116666666666666,77920,0.09972083333333333,14,raw_line,ok,,800,1200,2.8432187805323665,66.46526264048023,19.300166865937964
IMG_00081.tif,18.0,78.0142397882574,20.708856923088454,line,886.5254521392886,272.30212791075724,0.09476979166666667,90979,0.09774270833333333,14,raw_line,ok,,800,1200,3.6491062213871177,66.48940891044664,20.422659593306793
IMG_00082.tif,18.0,78.0481141296155,20.707242425170676,line,886.9103878365398,272.2526413845418,0.09491875,91122,0.09788229166666666,13,raw_line,ok,,800,1200,3.7731674937259063,66.51827908774048,20.418948103840634
IMG_00083.tif,18.0,78.04453871214635,20.69858628590456,line,886.8697580925722,271.9873191081858,0.09478854166666667,90997,0.09793020833333334,15,raw_line,ok,,800,1200,3.768652135804381,66.5152318569429,20.39904893311393
IMG_00084.tif,18.0,78.04798316920723,20.706161855900273,line,886.9088996500822,272.21952048736466,0.09541354166666667,91597,0.097090625,14,raw_line,ok,,800,1200,3.8143510495190873,66.51816747375617,20.416464036552348
IMG_00085.tif,18.0,78.06659784689833,20.70632244526759,line,887.1204300783902,272.2244427668226,0.09615104166666667,92305,0.096975,13,raw_line,ok,,800,1200,3.9046786526415747,66.53403225587927,20.416833207511697
IMG_00086.tif,18.0,76.50751394283844,23.831507292929906,line,869.403567532255,368.01554920857956,0.051365625,49311,0.06240729166666667,5,raw_line,ok,,800,1200,3.1715022296605153,65.20526756491913,27.601166190643465
IMG_00087.tif,18.0,76.35731869536869,23.81997315307432,line,867.6968033564625,367.66201235476836,0.05169791666666667,49630,0.06337604166666666,5,raw_line,ok,,800,1200,2.491318484159973,65.07726025173469,27.574650926607628
IMG_00088.tif,18.0,76.18528640730872,23.820374463515247,line,865.7418909921447,367.6743130579386,0.05137083333333333,49316,0.062740625,5,raw_line,ok,,800,1200,1.7464482464156188,64.93064182441086,27.575573479345394
IMG_00089.tif,18.0,76.21492639776065,23.830796744358132,line,866.0787090654619,367.9937699420118,0.05123020833333333,49181,0.060753125,5,raw_line,ok,,800,1200,1.6922324206586223,64.95590317990964,27.599532745650883
IMG_00090.tif,18.0,76.17591957282869,23.841396234570905,line,865.6354496912352,368.318658530909,0.050990625,48951,0.060684375,5,raw_line,ok,,800,1200,1.6534757846604704,64.92265872684264,27.623899389818174
IMG_00091.tif,18.0,76.7284076051421,24.23343033246053,line,871.9137227857057,380.33502934744917,0.056745833333333336,54476,0.08982604166666666,5,raw_line,ok,,800,1200,2.0231514437453315,65.39352920892792,28.525127201058687
IMG_00092.tif,18.0,76.77367999850996,24.22195625,line,872.4281818012496,379.9833333333334,0.05714895833333333,54863,0.08983020833333333,5,raw_line,ok,,800,1200,2.2182084506736612,65.43211363509371,28.498750000000005
IMG_00093.tif,18.0,76.65767691421904,24.22805516868763,line,871.1099649343073,380.17027336973575,0.05701770833333333,54737,0.089078125,5,raw_line,ok,,800,1200,2.087061152355089,65.33324737007304,28.51277050273018
IMG_00094.tif,18.0,76.64667423552935,24.22745916751611,line,870.9849344946517,380.15200513459337,0.05731666666666667,55024,0.08781770833333333,5,raw_line,ok,,800,1200,2.037979125644532,65.32387008709888,28.5114003850945
IMG_00095.tif,18.0,76.6275673355291,24.22482658611475,line,870.7678106310125,380.07131298436025,0.05725416666666667,54964,0.08952604166666667,5,raw_line,ok,,800,1200,2.014855299185621,65.30758579732593,28.505348473827016
IMG_00096.tif,18.0,71.45819215858431,23.005674122047946,line,812.0249108930036,342.7026550819294,0.06174166666666667,59272,0.03941875,9,raw_line,ok,,800,1200,2.5279796299031716,60.90186831697527,25.7026991311447
IMG_00097.tif,18.0,72.36090054543077,22.994620004576134,line,822.2829607435315,342.3638315578892,0.06123854166666667,58789,0.04292708333333333,9,raw_line,ok,,800,1200,2.3033175036352986,61.67122205576486,25.677287366841693
IMG_00098.tif,18.0,71.90808301159731,22.994856808934127,line,817.1373069499696,342.3710899290154,0.060842708333333335,58409,0.04248645833333333,9,raw_line,ok,,800,1200,2.440087335665112,61.28529802124771,25.677831744676155
IMG_00099.tif,18.0,72.3786254127383,22.992142351432335,line,822.484379690208,342.28788816650837,0.06120520833333333,58757,0.041403125,9,raw_line,ok,,800,1200,2.151569945581741,61.686328476765595,25.671591612488125
IMG_00100.tif,18.0,72.80683637207075,22.99037064271063,line,827.3504133189858,342.23358291833347,0.061897916666666664,59422,0.04061979166666667,9,raw_line,ok,,800,1200,2.23932476020957,62.051280998923936,25.66751871887501
IMG_00101.tif,18.0,75.44340703294826,24.83421875,line,857.3114435562302,398.75000000000006,0.062853125,60339,0.0585125,5,raw_line,ok,,800,1200,2.442844787516975,64.29835826671726,29.906250000000004
IMG_00102.tif,18.0,75.44060066229106,24.84073286177614,line,857.2795529805803,398.94966626133765,0.06305833333333333,60536,0.059155208333333334,5,raw_line,ok,,800,1200,2.637620780560212,64.29596647354352,29.921224969600324
IMG_00103.tif,18.0,75.44309781034374,24.824974999999995,line,857.3079296629971,398.4666666666665,0.0632,60672,0.05753958333333333,6,raw_line,ok,,800,1200,2.4376203755098516,64.29809472472478,29.884999999999987
IMG_00104.tif,18.0,75.4349784018248,24.827134510695682,line,857.2156636571,398.53285856538497,0.06327604166666667,60745,0.059465625,6,raw_line,ok,,800,1200,2.6277601587024435,64.2911747742825,29.889964392403872
IMG_00105.tif,18.0,75.42175538873356,24.821168749999995,line,857.0654021446996,398.34999999999985,0.063496875,60957,0.061115625,6,raw_line,ok,,800,1200,2.9071981875059123,64.27990516085246,29.876249999999988
IMG_00106.tif,18.0,71.4043042833267,23.315414523843806,line,811.412548674167,352.19661375766464,0.07251324442820606,50808,0.07845896510778225,10,raw_line,ok,,644,1088,0.6027637668072146,60.85594115056253,26.414746031824848
IMG_00107.tif,18.0,71.40358672539786,23.315414523843806,line,811.4043946067939,352.19661375766464,0.07228203781512606,50646,0.07875867738399708,9,raw_line,ok,,644,1088,0.5781835405410618,60.85532959550954,26.414746031824848
IMG_00108.tif,18.0,71.40347554724616,23.313766536349995,line,811.4031312187064,352.1461007310343,0.0721421720862258,50548,0.07820492327365729,9,raw_line,ok,,644,1088,0.5744148908948148,60.85523484140298,26.410957554827572
IMG_00109.tif,18.0,71.40244353458598,23.31647082256567,line,811.3914038021135,352.2289907299822,0.0721435992875411,50549,0.07803651351845085,9,raw_line,ok,,644,1088,0.5369115105508797,60.854355285158505,26.417174304748663
IMG_00110.tif,18.0,71.11904974725032,23.314882963918645,line,808.1710198551173,352.1803207331386,0.0725674780781878,50846,0.07762547953964194,9,raw_line,ok,,644,1088,0.5053256995147422,60.612826489133795,26.413524054985395
IMG_00111.tif,18.0,71.19309611695878,21.325890013304296,line,809.0124558745317,291.21501956488265,0.062422931128973326,43738,0.05943008997077092,13,raw_line,ok,,644,1088,2.9819832422480204,60.67593419058988,21.8411264673662
IMG_00112.tif,18.0,71.18078213968931,21.330987507850622,line,808.8725243146514,291.3712646084482,0.06340199123127511,44424,0.05846102027767629,13,raw_line,ok,,644,1088,2.610131016233936,60.665439323598854,21.852844845633616
IMG_00113.tif,18.0,71.16051619322204,21.324234408717587,line,808.6422294684323,291.16427306414056,0.06295670442089879,44112,0.057904411764705885,12,raw_line,ok,,644,1088,2.17904670389251,60.64816721013242,21.83732047981054
IMG_00114.tif,18.0,71.17504178466318,21.310865555522096,line,808.8072930075361,290.75449978611795,0.06316793021556448,44260,0.058117064760686885,11,raw_line,ok,,644,1088,2.4352548167261716,60.66054697556521,21.806587483958847
IMG_00115.tif,18.0,71.17272094455892,21.30919776110174,line,808.7809198245332,290.703379650628,0.06285251872488126,44039,0.05748624177932042,12,raw_line,ok,,644,1088,2.3857393937473432,60.65856898683998,21.8027534737971
IMG_00116.tif,18.0,71.77767096620444,19.386382613251186,line,815.6553518886869,231.7665168812624,0.08433903452685422,59094,0.07076064121300694,10,raw_line,ok,,644,1088,9.341471602340404,61.17415139165152,17.382488766094678
IMG_00117.tif,18.0,71.04742720532481,19.392387853176277,line,807.3571273332366,231.95058553797017,0.08466158202411399,59320,0.06282112029594447,10,raw_line,ok,,644,1088,8.5971812256217,60.55178454999274,17.396293915347762
IMG_00118.tif,18.0,70.5048497236314,19.381538638442002,line,801.191474132175,231.61804255760921,0.08505977119108513,59599,0.060941496163682864,8,raw_line,ok,,644,1088,6.937311155817179,60.089360559913125,17.371353191820692
IMG_00119.tif,18.0,70.7773407100669,19.371783091961202,line,804.2879626143965,231.31902197582224,0.08541228991596639,59846,0.05730356001096091,7,raw_line,ok,,644,1088,7.943860837787117,60.321597196079736,17.348926648186666
IMG_00120.tif,18.0,70.64971939092162,19.372323649692454,line,802.8377203513821,231.335590795171,0.08666394546949215,60723,0.059166057727438805,10,raw_line,ok,,644,1088,7.091141750180313,60.21282902635366,17.350169309637824
IMG_00121.tif,18.0,72.38174607425796,17.517249673367754,line,822.5198417529314,174.47508577372426,0.09056876826817684,63459,0.08376958120204604,9,raw_line,ok,,644,1088,2.2412498427132164,61.68898813146985,13.085631433029318
IMG_00122.tif,18.0,72.2385062476653,17.51833425131065,line,820.8921164507422,174.508329542089,0.0907757124588966,63604,0.08450458987943003,9,raw_line,ok,,644,1088,1.9158325752965482,61.56690873380566,13.088124715656674
IMG_00123.tif,18.0,72.15785443958382,17.514066068909557,line,819.9756186316343,174.37750402787916,0.09135515619291194,64010,0.08225817500913409,9,raw_line,ok,,644,1088,1.970341893616819,61.49817139737257,13.078312802090936
IMG_00124.tif,18.0,72.33296193533175,17.516722725196107,line,821.9654765378609,174.45893410562783,0.0907928388746803,63616,0.08261354813664597,9,raw_line,ok,,644,1088,2.266387647824871,61.647410740339566,13.084420057922086
IMG_00125.tif,18.0,72.18348367658261,17.516681816396652,line,820.2668599611661,174.45768019606598,0.09222004018998904,64616,0.08358689943368652,9,raw_line,ok,,644,1088,1.7890094269345411,61.52001449708746,13.084326014704947
IMG_00126.tif,18.0,71.97658588491086,20.206230662202934,line,817.9157486921689,256.89595899472596,0.06384727804165144,44736,0.0559134659298502,12,raw_line,ok,,644,1088,7.835595776846759,61.34368115191266,19.267196924604445
IMG_00127.tif,18.0,71.8726256021367,20.280326547807803,line,816.7343818424625,259.1670972508139,0.06430112805991962,45054,0.05500005708805261,11,raw_line,ok,,644,1088,8.229039277773126,61.255078638184685,19.437532293811042
IMG_00128.tif,18.0,71.2193261156715,20.283288395137703,line,809.3105240417217,259.2578818433012,0.06413699990865912,44939,0.054062385823894776,9,raw_line,ok,,644,1088,7.725239333451128,60.69828930312912,19.44434113824759
IMG_00129.tif,18.0,71.37928345429503,20.204950059893136,line,811.1282210715345,256.8567068166479,0.064298273657289,45052,0.0540338417975886,11,raw_line,ok,,644,1088,7.358641203316068,60.834616580365086,19.26425301124859
IMG_00130.tif,18.0,71.98733731285861,20.20741958209231,line,818.037924009757,256.9324009836724,0.06404280462184873,44873,0.05368560467665327,13,raw_line,ok,,644,1088,7.763633422961078,61.352844300731775,19.269930073775427
IMG_00131.tif,18.0,71.39213607943955,23.27058315650683,line,811.2742736299949,350.82247223009443,0.07159412678114724,50164,0.0637259659298502,10,raw_line,ok,,644,1088,3.6345339578040523,60.845570522249616,26.31168541725708
IMG_00132.tif,18.0,71.39075475658416,23.26570039303745,line,811.2585767793655,350.6728089819908,0.0717668181402996,50285,0.0636931402995981,10,raw_line,ok,,644,1088,3.563408063195226,60.84439325845241,26.300460673649308
IMG_00133.tif,18.0,71.3919047100868,23.28018125,line,811.2716444328046,351.1166666666666,0.071995170350749,50445,0.0621075196382901,11,raw_line,ok,,644,1088,3.643609826700896,60.84537333246034,26.333749999999995
IMG_00134.tif,18.0,71.39559192860798,23.279717488423287,line,811.3135446432726,351.10245175243796,0.07239478671903544,50725,0.062462892765801976,11,raw_line,ok,,644,1088,3.890447353633107,60.84851584824544,26.332683881432846
IMG_00135.tif,18.0,71.39815646377622,23.282920986684786,line,811.3426870883661,351.2006432700318,0.07208222963098283,50506,0.06132826772013153,11,raw_line,ok,,644,1088,4.165873767209774,60.85070153162746,26.340048245252383
IMG_00136.tif,18.0,70.75159585326213,21.63508046906126,line,803.9954074234333,300.6921216570502,0.07691901488856412,53895,0.05719794711362806,18,raw_line,ok,,644,1088,5.16710204481886,60.2996555567575,22.551909124278765
IMG_00137.tif,18.0,70.70885883003149,21.989980197918822,line,803.509759432176,311.5702742657111,0.07794231823164048,54612,0.056883962824260136,14,raw_line,ok,,644,1088,4.902163301458749,60.2632319574132,23.36777056992833
IMG_00138.tif,18.0,70.66833458796552,21.98776755887875,line,803.0492566814264,311.50245391199235,0.0784689555169894,54981,0.055256953324808185,14,raw_line,ok,,644,1088,4.678796038603423,60.22869425110698,23.362684043399426
IMG_00139.tif,18.0,70.67285826032996,21.988005978329575,line,803.1006620492041,311.50976178787977,0.07890282471684326,55285,0.05478454968944099,13,raw_line,ok,,644,1088,4.696546118829752,60.2325496536903,23.363232134090982
IMG_00140.tif,18.0,70.63324993142517,21.982168728251082,line,802.6505674025589,311.3308422452439,0.0782891281512605,54855,0.05263375730727073,14,raw_line,ok,,644,1088,4.586427103286411,60.198792555191915,23.349813168393293
IMG_00141.tif,18.0,71.79146739818133,23.312648349337497,line,815.8121295247879,352.11182679961684,0.06477924050054805,45389,0.11271179667519182,7,raw_line,ok,,644,1088,2.2088085154581165,61.18590971435909,26.40838700997126
IMG_00142.tif,18.0,71.99037014580672,23.31045006156311,line,818.072388020531,352.0444463314363,0.06507609837413227,45597,0.112643291012057,7,raw_line,ok,,644,1088,2.206315313409334,61.35542910153982,26.40333347485772
IMG_00143.tif,18.0,71.99756411330448,23.3184991793025,line,818.1541376511873,352.2911625839847,0.06485773657289003,45444,0.11355812705516989,7,raw_line,ok,,644,1088,2.2697551810448715,61.36156032383904,26.421837193798854
IMG_00144.tif,18.0,71.94005726445182,23.305928614368593,line,817.5006507324072,351.90585791168104,0.06605801287906467,46285,0.1135424278407015,7,raw_line,ok,,644,1088,2.030138354755451,61.312548804930536,26.392939343376078
IMG_00145.tif,18.0,71.93300059769821,23.30582291261461,line,817.4204613374798,351.9026180111758,0.06713697707343808,47041,0.11527647743880161,7,raw_line,ok,,644,1088,2.008966984266948,61.30653460031098,26.392696350838182
IMG_00146.tif,18.0,77.2240237732726,18.167962760225674,line,877.5457246962796,194.4203144896758,0.12005520833333333,115253,0.059267708333333335,22,raw_line,ok,,800,1200,6.688106673054722,65.81592935222098,14.581523586725684
IMG_00147.tif,18.0,78.71210729552853,28.067168485980034,line,894.4557647219151,497.84424478099726,0.11441041666666667,109834,0.06606666666666666,16,raw_line,ok,,800,1200,10.453137526113371,67.08418235414364,37.338318358574796
IMG_00148.tif,18.0,75.4316814267789,21.01170218879168,line,857.1781980315784,281.58474141890207,0.1107875,106356,0.057075,15,raw_line,ok,,800,1200,0.20325752434366995,64.28836485236837,21.118855606417654
IMG_00149.tif,18.0,78.91553271695702,28.111446319798016,line,896.767417238148,499.20141976392387,0.1102,105792,0.07298645833333334,16,raw_line,ok,,800,1200,11.013373233341513,67.2575562928611,37.44010648229429
IMG_00150.tif,18.0,79.38173777173269,28.11831979359912,line,902.0652019515079,499.41210095322975,0.10776770833333334,103457,0.07139166666666667,16,raw_line,ok,,800,1200,13.517438933654264,67.65489014636309,37.45590757149223
IMG_00151.tif,18.0,77.48900908306845,19.821956358532624,line,880.5569213985052,245.11743627686204,0.11197916666666667,107500,0.08273854166666667,11,raw_line,ok,,800,1200,5.8533721980276585,66.04176910488789,18.38380772076465
IMG_00152.tif,18.0,76.77732110907907,19.823639833651686,line,872.4695580577167,245.16903704679498,0.11196770833333333,107489,0.08253541666666667,11,raw_line,ok,,800,1200,4.86478182286603,65.43521685432874,18.387677778509623
IMG_00153.tif,18.0,76.90268455823934,19.820916807136896,line,873.8941427072652,245.08557263254855,0.11197291666666667,107494,0.08090520833333334,11,raw_line,ok,,800,1200,5.194085370066585,65.5420607030449,18.38141794744114
IMG_00154.tif,18.0,76.98941789857719,19.81706609039703,line,874.8797488474681,244.96754300067528,0.11193958333333333,107462,0.08053645833333334,11,raw_line,ok,,800,1200,5.385033220714746,65.61598116356011,18.372565725050645
IMG_00155.tif,18.0,76.89320480853934,19.815497018465486,line,873.7864182788562,244.91944884185395,0.11274583333333334,108236,0.07989166666666667,11,raw_line,ok,,800,1200,5.156736152058414,65.53398137091422,18.368958663139047
IMG_00156.tif,18.0,76.1444084742341,28.225587499999993,line,865.2773690253875,502.6999999999998,0.11512916666666667,110524,0.0873,17,raw_line,ok,,800,1200,2.9639057894616485,64.89580267690407,37.702499999999986
IMG_00157.tif,18.0,76.21555857839002,28.20709999999999,line,866.0858929362502,502.13333333333304,0.11527916666666667,110668,0.0856,16,raw_line,ok,,800,1200,2.557529393705039,64.95644197021876,37.659999999999975
IMG_00158.tif,18.0,75.74021512483193,28.208731249999992,line,860.6842627821811,502.18333333333317,0.11543541666666667,110818,0.08740208333333334,15,raw_line,ok,,800,1200,4.548963394858987,64.55131970866358,37.663749999999986
IMG_00159.tif,18.0,76.4106352166637,28.205468749999994,line,868.3026729166331,502.0833333333332,0.11569166666666666,111064,0.09109895833333333,16,raw_line,ok,,800,1200,6.188276168016671,65.12270046874748,37.656249999999986
IMG_00160.tif,18.0,75.87379012088661,28.228849999999998,line,862.2021604646206,502.8,0.11543020833333334,110813,0.09314479166666667,16,raw_line,ok,,800,1200,5.1308991228188745,64.66516203484655,37.71
IMG_00161.tif,18.0,78.63518615655634,19.64783798744549,line,893.5816608699586,239.78047471097298,0.11121979166666666,106771,0.06836145833333333,9,raw_line,ok,,800,1200,10.880022857850925,67.0186245652469,17.983535603322974
IMG_00162.tif,18.0,78.4903624661496,19.64566067412058,line,891.9359371153364,239.71373713779565,0.1106,106176,0.06877291666666667,9,raw_line,ok,,800,1200,10.278466534757541,66.89519528365022,17.978530285334674
IMG_00163.tif,18.0,78.5178312677351,19.657940747512946,line,892.2480825878989,240.09013785480292,0.11029166666666666,105880,0.07081041666666667,9,raw_line,ok,,800,1200,10.39193411191195,66.91860619409242,18.00676033911022
IMG_00164.tif,18.0,78.68041695982014,19.653710535050415,line,894.0956472706835,239.96047617012763,0.110778125,106347,0.07057708333333333,9,raw_line,ok,,800,1200,11.00591363827553,67.05717354530125,17.997035712759573
IMG_00165.tif,18.0,78.95612779512136,19.665235160808557,line,897.228724944561,240.3137214040937,0.11079479166666667,106363,0.06674375,9,raw_line,ok,,800,1200,12.18078347938075,67.29215437084207,18.023529105307027
IMG_00166.tif,18.0,78.13738853593819,22.71491663054981,line,887.9248697265704,333.79054806282943,0.053744791666666666,51595,0.08032916666666666,8,raw_line,ok,,800,1200,7.8017919106723035,66.59436522949278,25.034291104712207
IMG_00167.tif,18.0,77.78250226136709,22.705676506200025,line,883.8920711518988,333.50732586053715,0.05296041666666667,50842,0.08202291666666667,10,raw_line,ok,,800,1200,7.724778824244249,66.2919053363924,25.013049439540286
IMG_00168.tif,18.0,77.43489557123917,22.668465512558587,line,879.9419951277179,332.3667590056272,0.05261875,50514,0.07800625,8,raw_line,ok,,800,1200,6.85806717419726,65.99564963457884,24.92750692542204
IMG_00169.tif,18.0,76.27562579566762,22.65600146234131,line,866.7684749507685,331.98471915222416,0.052435416666666665,50338,0.08089583333333333,8,raw_line,ok,,800,1200,5.436842756969915,65.00763562130763,24.89885393641681
IMG_00170.tif,18.0,76.86589519923383,22.65147847410782,line,873.4760818094754,331.8460834975577,0.052283333333333334,50192,0.0814625,8,raw_line,ok,,800,1200,4.7736771650134795,65.51070613571065,24.888456262316826
IMG_00171.tif,18.0,77.01315836212352,24.051098787859736,line,875.1495268423128,374.7463229995322,0.05348854166666667,51349,0.06193125,6,raw_line,ok,,800,1200,5.475311137263633,65.63621451317346,28.105974224964914
IMG_00172.tif,18.0,77.00323629802234,24.051172223872857,line,875.0367761138903,374.7485739118118,0.053634375,51489,0.06368645833333333,6,raw_line,ok,,800,1200,5.427318653053572,65.62775820854176,28.10614304338588
IMG_00173.tif,18.0,77.05802403720834,24.04476000060731,line,875.6593640591858,374.5520306699559,0.053753125,51603,0.06453125,6,raw_line,ok,,800,1200,5.578533973474744,65.67445230443893,28.091402300246692
IMG_00174.tif,18.0,76.9930050531486,24.04428003392059,line,874.9205119675977,374.5373190473744,0.053658333333333336,51512,0.06481875,6,raw_line,ok,,800,1200,5.350030484457751,65.61903839756982,28.09029892855308
IMG_00175.tif,18.0,77.12899424376255,24.04242107277772,line,876.4658436791199,374.4803393954857,0.05395520833333333,51797,0.06558333333333333,6,raw_line,ok,,800,1200,5.774494970592467,65.73493827593398,28.086025454661428
IMG_00176.tif,18.0,74.87653243605965,22.669106573171753,line,850.8696867734052,332.3864083730806,0.04395104166666667,42193,0.036659375,9,raw_line,ok,,800,1200,0.8115437529476139,63.81522650800539,24.928980627981044
IMG_00177.tif,18.0,74.5262608032843,22.67408785541727,line,846.8893273100489,332.5390913537861,0.044352083333333334,42578,0.03745208333333333,8,raw_line,ok,,800,1200,0.8656963399188555,63.51669954825366,24.940431851533955
IMG_00178.tif,18.0,75.3150646797453,22.670840703277705,line,855.8530077243786,332.43956178628986,0.04478541666666667,42994,0.038405208333333336,9,raw_line,ok,,800,1200,0.8860309301706479,64.18897557932839,24.93296713397174
IMG_00179.tif,18.0,74.91600220657331,22.358688120548113,line,851.3182068928786,322.87166653021035,0.044109375,42345,0.03721354166666667,9,raw_line,ok,,800,1200,0.8697435602136352,63.848865516965894,24.215374989765774
IMG_00180.tif,18.0,74.4797966618645,22.665780968108617,line,846.3613257030057,332.28447411827176,0.045361458333333333,43547,0.03630625,8,raw_line,ok,,800,1200,0.9507405831982965,63.47709942772543,24.921335558870382
IMG_00181.tif,18.0,72.78317882194244,24.79079116868676,line,827.0815775220732,397.4188863965291,0.054510416666666665,52330,0.06255,9,raw_line,ok,,800,1200,1.5572574310654943,62.031118314155485,29.80641647973968
IMG_00182.tif,18.0,72.78967777029752,24.79084922133871,line,827.1554292079264,397.4206657881598,0.054376041666666666,52201,0.061132291666666665,7,raw_line,ok,,800,1200,1.536963544494938,62.03665719059448,29.806549934111985
IMG_00183.tif,18.0,74.20337216961516,24.796040872013222,line,843.2201382910814,397.5797968433171,0.054403125,52227,0.061780208333333336,7,raw_line,ok,,800,1200,1.6810392718001594,63.241510371831104,29.818484763248783
IMG_00184.tif,18.0,74.1819207340435,24.79462525259176,line,842.976371977767,397.5364062097092,0.05472291666666667,52534,0.06373229166666666,8,raw_line,ok,,800,1200,1.0117401275677196,63.223227898332524,29.815230465728188
IMG_00185.tif,18.0,73.7156875461259,24.797591653894283,line,837.6782675696127,397.6273303875643,0.055371875,53157,0.06340416666666666,8,raw_line,ok,,800,1200,0.7874335773651069,62.82587006772095,29.82204977906732
IMG_00186.tif,18.0,76.95131598145288,23.94108456630638,line,874.44677251651,371.3742395802722,0.06669375,64026,0.104078125,11,raw_line,ok,,800,1200,4.471879652869751,65.58350793873825,27.853067968520417
IMG_00187.tif,18.0,76.98368925837417,23.971519797922106,line,874.814650663343,372.3071202428232,0.06635,63696,0.10524375,12,raw_line,ok,,800,1200,13.56255336063569,65.61109879975072,27.92303401821174
IMG_00188.tif,18.0,76.93188625820163,23.95852211982845,line,874.2259802068368,371.9087239794162,0.066209375,63561,0.105659375,12,raw_line,ok,,800,1200,13.100716029608945,65.56694851551275,27.893154298456214
IMG_00189.tif,18.0,76.93713242167902,23.91423795446277,line,874.285595700898,370.55135492606195,0.06600416666666667,63364,0.10578958333333334,13,raw_line,ok,,800,1200,13.985466677785734,65.57141967756735,27.791351619454645
IMG_00190.tif,18.0,76.95733888073943,23.940106538021134,line,874.5152145538572,371.3442617017972,0.06658229166666667,63919,0.10579791666666667,11,raw_line,ok,,800,1200,4.579088889580596,65.58864109153929,27.85081962763479
IMG_00191.tif,18.0,81.0745279729217,23.850169432290777,line,921.3014542377466,368.5875688058475,0.08973333333333333,86144,0.120559375,16,raw_line,ok,,800,1200,1.6848009733818134,69.09760906783099,27.644067660438562
IMG_00192.tif,18.0,81.58850066166308,23.86021081961175,line,927.1420529734442,368.89535079269734,0.090196875,86589,0.12043854166666666,15,raw_line,ok,,800,1200,2.0987562791924326,69.53565397300831,27.6671513094523
IMG_00193.tif,18.0,81.6236722093487,23.859570601741602,line,927.5417296516898,368.87572725644765,0.08987291666666666,86278,0.12044791666666667,17,raw_line,ok,,800,1200,2.1896900531274035,69.56562972387674,27.665679544233573
IMG_00194.tif,18.0,81.59961452952521,23.86319978242733,line,927.2683469264229,368.9869665111825,0.08913333333333333,85568,0.121384375,18,raw_line,ok,,800,1200,2.085992393727153,69.54512601948171,27.67402248833869
IMG_00195.tif,18.0,81.63342030901796,23.84879587755399,line,927.6525035115678,368.5454675112334,0.08920729166666666,85639,0.12139166666666666,18,raw_line,ok,,800,1200,2.2366875573939087,69.57393776336758,27.640910063342506
IMG_00196.tif,18.0,77.2896256813827,20.941811375389477,line,878.2912009248034,279.4424942648116,0.07575625,72726,0.10525833333333333,16,raw_line,ok,,800,1200,1.5784349397346267,65.87184006936026,20.95818706986087
IMG_00197.tif,18.0,62.55546428645314,20.084677493486552,line,710.8575487096948,253.17019137123535,0.06983333333333333,67040,0.07306458333333334,11,raw_line,ok,,800,1200,5.922997872119034,53.31431615322711,18.98776435284265
IMG_00198.tif,18.0,81.72541256982802,20.693866056509588,line,928.6978701116822,271.8426377474203,0.052728125,50619,0.130025,12,raw_line,ok,,800,1200,2.4320087912306576,69.65234025837616,20.388197831056523
IMG_00199.tif,18.0,81.59094778085921,12.99328844277213,line,927.1698611461275,35.80960744129135,0.09190104166666667,88225,0.092440625,7,raw_line,ok,,800,1200,0.9289509762211026,69.53773958595956,2.685720558096851
IMG_00200.tif,18.0,79.4859273413882,21.222891078958767,line,903.249174333957,288.05796410601585,0.059645833333333335,57260,0.087121875,8,raw_line,ok,,800,1200,1.0448472364021228,67.74368807504676,21.604347307951187
IMG_00201.tif,18.0,78.32150738724009,20.31685111162474,line,890.0171294004556,260.2866241111031,0.08620625,82758,0.13564270833333333,17,raw_line,ok,,800,1200,3.6272972299562802,66.75128470503417,19.52149680833273
IMG_00202.tif,18.0,79.71063558964983,22.468375194444604,line,905.8026771551117,326.2337224350837,0.09319270833333333,89465,0.12273854166666667,14,raw_line,ok,,800,1200,1.8338170873461928,67.93520078663337,24.467529182631274
IMG_00203.tif,18.0,78.09153160184897,28.207442858812357,line,887.4037682028293,502.14384241570446,0.086940625,83463,0.13426458333333333,17,raw_line,ok,,800,1200,4.360073769661545,66.55528261521219,37.660788181177836
IMG_00204.tif,18.0,78.5280208787937,21.871743928002896,line,892.3638736226558,307.946174038403,0.06066041666666667,58234,0.12827083333333333,6,raw_line,ok,,800,1200,4.458715865452424,66.92729052169918,23.095963052880226
IMG_00205.tif,18.0,69.2157820254599,21.03557574853746,line,786.5429775620444,282.3164980394624,0.07125833333333334,68408,0.10765520833333334,12,raw_line,ok,,800,1200,0.158059919501369,58.990723317153325,21.173737352959677
IMG_00206.tif,18.0,69.65951009543949,19.95765440047264,line,791.5853419936305,249.2767632328779,0.06288125,60366,0.10711458333333333,10,raw_line,ok,,800,1200,4.412525101634893,59.36890064952229,18.69575724246584
IMG_00207.tif,18.0,78.67289842087081,19.082899742069515,line,894.0102093280774,222.46435991017674,0.071053125,68211,0.09013229166666667,15,raw_line,ok,,800,1200,1.4487796070245906,67.0507656996058,16.684826993263254
IMG_00208.tif,18.0,79.22965824261254,21.455049941030072,line,900.3370254842334,295.1739445526459,0.08487708333333334,81482,0.120890625,12,raw_line,ok,,800,1200,2.234560945848159,67.5252769113175,22.13804584144844
IMG_00209.tif,18.0,77.9229210443739,20.254152868309106,line,885.4877391406125,258.36483887537486,0.04405520833333333,42293,0.08808229166666667,8,raw_line,ok,,800,1200,0.17175482404729792,66.41158043554593,19.377362915653112
IMG_00210.tif,18.0,77.84463415907831,19.67783750000001,line,884.5981154440718,240.70000000000036,0.06833645833333334,65603,0.10129895833333333,9,raw_line,ok,,800,1200,1.7967367423118803,66.34485865830538,18.052500000000027
IMG_00211.tif,18.0,65.18104515171422,22.085852184819043,line,740.6936949058434,314.50887922816986,0.044632291666666664,42847,0.10171354166666667,7,raw_line,ok,,800,1200,2.364462348237339,55.55202711793825,23.588165942112738
IMG_00212.tif,18.0,62.58976447684406,19.89485099044909,line,711.2473236005007,247.35175449652388,0.0477375,45828,0.070825,11,raw_line,ok,,800,1200,0.7166789386424739,53.343549270037556,18.55138158723929
IMG_00213.tif,18.0,62.80715425442598,21.506153528893986,line,713.7176619821134,296.7403380503904,0.05658020833333333,54317,0.08394166666666666,8,raw_line,ok,,800,1200,5.106652689036679,53.52882464865851,22.25552535377928
IMG_00214.tif,18.0,78.08875868233831,20.80978704661735,line,887.3722577538445,275.3957715438268,0.06251458333333333,60014,0.11103020833333334,12,raw_line,ok,,800,1200,1.3036346100247407,66.55291933153833,20.65468286578701
IMG_00215.tif,18.0,72.68056484940001,21.84776921523575,line,825.9155096522729,307.21131694209197,0.05977291666666667,57382,0.08265416666666667,8,raw_line,ok,,800,1200,2.169448040964113,61.94366322392047,23.040848770656897
IMG_00216.tif,18.0,68.85248414064691,20.54942100456191,line,782.4145925073512,267.4152032049628,0.05889791666666667,56542,0.08332708333333333,8,raw_line,ok,,800,1200,1.2985419779653515,58.68109443805134,20.05614024037221
IMG_00217.tif,18.0,77.55985814888432,21.929069898229756,line,881.36202441914,309.70329189976263,0.07311770833333334,70193,0.12623854166666668,17,raw_line,ok,,800,1200,1.2379052601964564,66.10215183143549,23.227746892482198
IMG_00218.tif,18.0,77.45082023806421,20.841680212768072,line,880.1229572507298,276.3733398549601,0.07154270833333333,68681,0.10342395833333333,10,raw_line,ok,,800,1200,2.35763123697012,66.00922179380473,20.728000489122007
IMG_00219.tif,18.0,78.6786511094499,21.887151511720944,line,894.0755807892035,308.41843714087184,0.07791666666666666,74800,0.10970208333333334,19,raw_line,ok,,800,1200,2.8176389539415823,67.05566855919027,23.13138278556539
IMG_00220.tif,18.0,78.57629130128058,22.119293121830864,line,892.9124011509157,315.5338887917507,0.07641041666666666,73354,0.138328125,16,raw_line,ok,,800,1200,1.3023283754644694,66.96843008631868,23.665041659381302
IMG_00221.tif,18.0,78.7611582137965,20.874581124512883,line,895.0131615204149,277.3817969199351,0.09588020833333333,92045,0.12573958333333332,15,raw_line,ok,,800,1200,3.4298201100731585,67.12598711403112,20.80363476899513
IMG_00222.tif,18.0,78.0492818819109,21.100323053659572,line,886.9236577489876,284.3010897673432,0.070784375,67953,0.10903125,18,raw_line,ok,,800,1200,0.3685540025084322,66.51927433117406,21.32258173255074
IMG_00223.tif,18.0,78.08078237868614,20.06308673550503,line,887.2816179396152,252.508405685978,0.07241145833333333,69515,0.08630416666666667,13,raw_line,ok,,800,1200,1.5103402233990835,66.54612134547114,18.93813042644835
IMG_00224.tif,18.0,77.16882796984737,19.557154684018826,line,876.9184996573565,237.00090985498323,0.06899583333333334,66236,0.09158958333333334,11,raw_line,ok,,800,1200,1.3458175852729672,65.76888747430174,17.77506823912374
IMG_00225.tif,18.0,78.02649242427722,22.059040807208756,line,886.664686639514,313.68707455046,0.062925,60408,0.12515625,8,raw_line,ok,,800,1200,3.2420050081364025,66.49985149796355,23.5265305912845
IMG_00226.tif,18.0,80.36066787069379,22.96044221735525,line,913.1894076215203,341.3162365472875,0.05889375,56538,0.139221875,12,raw_line,ok,,800,1200,0.3689870843899712,68.48920557161402,25.59871774104656
IMG_00227.tif,18.0,77.33831196717286,23.141093326943675,line,878.8444541724189,346.85343530861843,0.06479166666666666,62200,0.10197395833333334,16,raw_line,ok,,800,1200,1.9876150176362417,65.91333406293141,26.014007648146382
IMG_00228.tif,18.0,77.63220307651679,20.686885863733764,line,882.184125869509,271.62868547842953,0.06568958333333333,63062,0.123740625,9,raw_line,ok,,800,1200,2.1961991390220703,66.16380944021317,20.372151410882214
IMG_00229.tif,18.0,70.42205389120664,21.533207755794624,line,800.2506124000755,297.5695863845096,0.05735625,55062,0.09772708333333334,7,raw_line,ok,,800,1200,3.3455716264277022,60.01879593000566,22.31771897883822
IMG_00230.tif,18.0,69.36666205860143,20.128219567513536,line,788.2575233931982,254.50481432991683,0.056886458333333334,54611,0.07466666666666667,14,raw_line,ok,,800,1200,0.018644860906676275,59.119314254489865,19.08786107474376
IMG_00231.tif,18.0,77.92726220923736,22.14293719665299,line,885.5370705595154,316.2586113916626,0.068259375,65529,0.12812708333333334,11,raw_line,ok,,800,1200,0.055040279246382356,66.41528029196365,23.719395854374696
IMG_00232.tif,18.0,77.90094949266779,20.929699080938782,line,885.2380624166796,279.07123619735734,0.07541770833333333,72401,0.08926458333333333,10,raw_line,ok,,800,1200,0.5834163992575156,66.39285468125097,20.9303427148018
IMG_00233.tif,18.0,78.49027691830666,20.449260330899694,line,891.9349649807575,264.34514424213626,0.0665,63840,0.09418541666666666,10,raw_line,ok,,800,1200,0.06601630283410032,66.89512237355682,19.82588581816022
IMG_00234.tif,18.0,81.71953381605378,18.768982554863037,line,928.6310660915203,212.84237716055281,0.06488125,62286,0.07390520833333333,12,raw_line,ok,,800,1200,1.075979203552563,69.64732995686403,15.96317828704146
IMG_00235.tif,18.0,81.36062392149174,20.5185068415175,line,924.5525445624062,266.4676426518774,0.06536875,62754,0.07833125,15,raw_line,ok,,800,1200,3.407407773919431,69.34144084218046,19.985073198890802
IMG_00236.tif,18.0,70.3537829051287,21.12452140924913,line,799.4748057400989,285.04280181606526,0.07026666666666667,67456,0.09538020833333333,11,raw_line,ok,,800,1200,1.5595817475450247,59.960610430507415,21.378210136204896
IMG_00237.tif,18.0,63.09569584883746,22.677913858191324,line,716.9965437367894,332.6563634694659,0.047359375,45465,0.09125520833333334,10,raw_line,ok,,800,1200,2.6786876323491526,53.7747407802592,24.94922726020994
IMG_00238.tif,18.0,77.9671839138471,21.841189731712575,line,885.990726293717,307.00964694904445,0.07662708333333333,73562,0.13505416666666667,14,raw_line,ok,,800,1200,4.533091167332827,66.44930447202877,23.02572352117833
IMG_00239.tif,18.0,77.57003395218244,20.794268218542864,line,881.4776585475278,274.9200986526549,0.07518854166666666,72181,0.09344479166666667,6,raw_line,ok,,800,1200,0.855969329199894,66.11082439106458,20.619007398949115
IMG_00240.tif,18.0,76.97780765304732,21.480254754457505,line,874.7478142391742,295.946505883755,0.06967083333333333,66884,0.09239895833333334,18,raw_line,ok,,800,1200,0.8973707188169726,65.60608606793807,22.195987941281622
IMG_00241.tif,18.0,78.00593724022603,21.713754520380107,line,886.4311050025685,303.10358683157415,0.06274375,60234,0.124515625,13,raw_line,ok,,800,1200,0.09230686231474472,66.48233287519264,22.73276901236806
IMG_00242.tif,18.0,63.03205070964204,20.420184415024806,line,716.2733035186596,263.4539284298791,0.05021041666666667,48202,0.05743020833333334,11,raw_line,ok,,800,1200,1.3057747324436662,53.72049776389947,19.759044632240933
IMG_00243.tif,18.0,77.05117002291291,21.51612053518059,line,875.5814775331013,297.0458401587921,0.06565208333333333,63026,0.0895,10,raw_line,ok,,800,1200,0.22859640509562418,65.6686108149826,22.278438011909405
IMG_00244.tif,18.0,78.53908398130343,22.533440443610274,line,892.48959069663,328.22805957426135,0.051438541666666664,49381,0.14908958333333333,10,raw_line,ok,,800,1200,0.12807954410704459,66.93671930224724,24.617104468069602
IMG_00245.tif,18.0,78.94818909433563,23.360686919136487,line,897.1385124356323,353.58427338349384,0.0404625,38844,0.13996875,2,raw_line,ok,,800,1200,0.18501927024967113,67.28538843267242,26.518820503762036
IMG_00246.tif,18.0,78.7243471187524,21.327310497972523,line,894.5948536221865,291.25855932482835,0.057934375,55617,0.120065625,7,raw_line,ok,,800,1200,0.2545086796437941,67.09461402166399,21.844391949362127
IMG_00247.tif,18.0,77.49654153547678,19.65618121707122,line,880.6425174485998,240.0362058872405,0.08936875,85794,0.09398125,16,raw_line,ok,,800,1200,3.6732493007859843,66.04818880864498,18.002715441543035
IMG_00248.tif,18.0,78.01650441973491,21.093340152813187,line,886.5511865878968,284.0870544923583,0.06203229166666667,59551,0.08565208333333334,11,raw_line,ok,,800,1200,1.327828767916017,66.49133899409226,21.30652908692687
IMG_00249.tif,18.0,77.91054770500814,19.805038499121487,line,885.3471330114562,244.59888119912605,0.07247395833333334,69575,0.07304270833333333,9,raw_line,ok,,800,1200,0.22967519495684297,66.40103497585922,18.344916089934454
IMG_00250.tif,18.0,77.82273636224936,21.16354030452389,line,884.3492768437428,286.2387832804258,0.07380104166666666,70849,0.11366041666666667,10,raw_line,ok,,800,1200,2.6311310833279484,66.32619576328071,21.467908746031934
IMG_00251.tif,18.0,81.2419334690623,18.51002509740398,line,923.2037894211626,204.90498382847443,0.048746875,46797,0.06946354166666667,5,raw_line,ok,,800,1200,1.884285878509104,69.24028420658719,15.367873787135581
IMG_00252.png,18.0,42.214348027456694,20.770982714281505,line,479.7085003120079,274.2063667212722,0.041209375,39561,0.05711666666666667,6,raw_line,ok,,800,1200,9.18801973760904,35.97813752340059,20.565477504095416
IMG_00253.png,18.0,41.05436883842751,21.496467314014673,line,466.5269186184944,296.44344257516235,0.031776041666666664,30505,0.048272916666666665,5,raw_line,ok,,800,1200,10.35880336801966,34.989518896387075,22.233258193137175
IMG_00254.png,18.0,45.639454151381564,22.01486669277938,line,518.6301608111542,312.3330787058813,0.057765625,55455,0.056728125,10,raw_line,ok,,800,1200,3.8897532559142296,38.89726206083656,23.424980902941098
IMG_00255.png,18.0,47.628134962096674,26.03256040752862,line,541.2288063874622,435.48077877482365,0.05749270833333334,55193,0.06184479166666667,13,raw_line,ok,,800,1200,17.565953506041836,40.592160479059665,32.66105840811177
IMG_00256.png,18.0,48.89921053951852,22.489439162027598,line,555.6728470399833,326.87936128820223,0.04898645833333334,47027,0.06484583333333334,10,raw_line,ok,,800,1200,10.334491846855258,41.675463527998744,24.515952096615166
IMG_00257.png,18.0,45.39531900210112,22.283022160112914,line,515.8558977511491,320.5524033751085,0.056614583333333336,54350,0.05836770833333333,11,raw_line,ok,,800,1200,0.958623084090219,38.68919233133618,24.041430253133136
IMG_00258.png,18.0,35.80366992320944,22.320439799151956,line,406.85988549101637,321.69930418856575,0.026166666666666668,25120,0.049517708333333334,8,raw_line,ok,,800,1200,12.157785168073275,30.514491411826228,24.127447814142432
IMG_00259.png,18.0,38.883982321816866,19.67566834676496,line,441.8634354751917,240.63351254451996,0.04741041666666666,45514,0.03922083333333334,8,raw_line,ok,,800,1200,4.810227684400019,33.139757660639376,18.047513440838998
IMG_00260.png,18.0,47.97225102174446,23.077229509168994,line,545.1392161561871,344.89592365268953,0.061973958333333336,59495,0.06391458333333333,18,raw_line,ok,,800,1200,7.873576112462388,40.88544121171403,25.867194273951714
IMG_00261.png,18.0,42.03812893843741,22.06327467549608,line,477.7060106640615,313.8168482910675,0.054134375,51969,0.065509375,10,raw_line,ok,,800,1200,7.500325151620871,35.82795079980461,23.536263621830063
IMG_00262.png,18.0,45.26227909505417,22.72387657563367,line,514.3440806256156,334.06518239490185,0.04590729166666667,44071,0.077984375,12,raw_line,ok,,800,1200,1.7726256931301163,38.575806046921166,25.054888679617637
IMG_00263.png,18.0,49.17540495797044,19.23575958620832,line,558.8114199769369,227.1497191174964,0.049976041666666665,47977,0.049225,12,raw_line,ok,,800,1200,13.235454611462915,41.91085649827027,17.03622893381223
IMG_00264.png,18.0,43.37552564281127,21.192019513319167,line,492.90370048649174,287.11170922051093,0.04302291666666667,41302,0.05881145833333333,15,raw_line,ok,,800,1200,8.589037096558826,36.96777753648688,21.53337819153832
IMG_00265.png,18.0,47.17820424209038,21.149270329846647,line,536.1159572964816,285.8013894205869,0.058916666666666666,56560,0.06321145833333333,12,raw_line,ok,,800,1200,7.139804853200161,40.20869679723612,21.435104206544015
IMG_00266.png,18.0,39.528582378840305,19.197790721380933,line,449.1884361231853,225.98592249443473,0.03496041666666667,33562,0.04810520833333334,11,raw_line,ok,,800,1200,1.3323604946163812,33.6891327092389,16.948944187082603
IMG_00267.png,18.0,36.560172035538834,20.930478736954186,line,415.45650040385044,279.0951336997452,0.026527083333333333,25466,0.057044791666666664,8,raw_line,ok,,800,1200,4.510225490561045,31.15923753028878,20.93213502748089
IMG_00268.png,18.0,37.41196267251284,20.398848513621054,line,425.1359394603732,262.7999544404921,0.038459375,36921,0.06094270833333333,13,raw_line,ok,,800,1200,4.206853406459942,31.88519545952799,19.709996583036908
IMG_00269.png,18.0,42.706778742168915,22.71377978682254,line,485.30430388828313,333.75570227808555,0.05804375,55722,0.07206875,15,raw_line,ok,,800,1200,9.233309348763354,36.39782279162123,25.031677670856414
IMG_00270.png,18.0,47.588523012420644,22.518991362442325,line,540.7786705956892,327.7851758603012,0.04815625,46230,0.06424583333333334,12,raw_line,ok,,800,1200,7.126143537069282,40.55840029467669,24.58388818952259
IMG_00271.png,18.0,44.17581179879007,22.0693458172409,line,501.9978613498872,314.0029369269242,0.05676354166666667,54493,0.057508333333333335,12,raw_line,ok,,800,1200,8.69156783075681,37.64983960124154,23.55022026951931
IMG_00272.png,18.0,52.90537388300623,22.03508353430802,line,601.1974304887071,312.9527520094412,0.052572916666666664,50470,0.05494375,15,raw_line,ok,,800,1200,11.50327647647692,45.089807286653034,23.47145640070809
IMG_00273.png,18.0,45.465355801445476,20.555106883478462,line,516.6517704709713,267.58948301849694,0.046734375,44865,0.0567625,15,raw_line,ok,,800,1200,1.6563670942841924,38.74888278532285,20.06921122638727
IMG_00274.png,18.0,37.29510690320622,20.676162499999993,line,423.80803299097977,271.2999999999998,0.033948958333333334,32591,0.05211458333333333,9,raw_line,ok,,800,1200,3.9309309218820188,31.785602474323483,20.347499999999982
IMG_00275.png,18.0,28.4268201274513,19.806103945095998,line,323.0320469028557,244.63153854700377,0.013819791666666666,13267,0.03621666666666667,2,raw_line,ok,,800,1200,1.5487891273640404,24.227403517714176,18.34736539102528
IMG_00276.png,18.0,44.85255857568841,23.982503879640063,line,509.6881656328229,372.64379707709014,0.051905208333333334,49829,0.086665625,11,raw_line,ok,,800,1200,0.7549889777459756,38.22661242246172,27.94828478078176
IMG_00277.png,18.0,47.460443337858386,23.738109621968388,line,539.3232197483908,365.1527853476901,0.04772916666666667,45820,0.079896875,9,raw_line,ok,,800,1200,3.8365859641653914,40.449241481129306,27.386458901076757
IMG_00278.png,18.0,39.081620793997,21.224310846762993,line,444.1093272045114,288.10148189311855,0.033669791666666664,32323,0.051770833333333335,4,raw_line,ok,,800,1200,4.665564160771481,33.30819954033835,21.60761114198389
IMG_00279.png,18.0,52.29339455711869,21.52403572939715,line,594.2431199672578,297.28845147577476,0.06494375,62346,0.08110104166666667,7,raw_line,ok,,800,1200,3.6672870717797252,44.56823399754433,22.296633860683105
IMG_00280.png,18.0,54.1837550297344,24.554764634187755,line,615.7244889742545,390.18435660345614,0.08243541666666666,79138,0.058228125,11,raw_line,ok,,800,1200,5.969372763135709,46.17933667306909,29.26382674525921
IMG_00281.png,18.0,35.524661365012356,19.27542631132759,line,403.6893336933223,228.36555743532847,0.026877083333333333,25802,0.03876145833333333,6,raw_line,ok,,800,1200,3.2565096527357866,30.27670002699917,17.127416807649634
IMG_00282.png,18.0,45.651441988810795,22.435456087958222,line,518.7663862364864,325.22470767688037,0.059958333333333336,57560,0.079525,8,raw_line,ok,,800,1200,0.4414733555748762,38.90747896773647,24.391853075766026
IMG_00283.png,18.0,35.86929407955439,21.860007986841588,line,407.6056145403909,307.5864517039567,0.032340625,31047,0.053348958333333335,11,raw_line,ok,,800,1200,5.6160557173994885,30.570421090529315,23.06898387779675
IMG_00284.png,18.0,37.20495907235179,19.786110950010148,line,422.7836258221795,244.01872643709268,0.03652291666666667,35062,0.049654166666666666,9,raw_line,ok,,800,1200,3.207238056762077,31.70877193666346,18.30140448278195
IMG_00285.png,18.0,47.19658831620984,22.82923542762893,line,536.3248672296573,337.29457249437337,0.056311458333333335,54059,0.07485833333333333,10,raw_line,ok,,800,1200,3.911258212599429,40.2243650422243,25.297092937078002
IMG_00286.png,18.0,52.36676917363735,23.74053200942177,line,595.0769224276972,365.2270347715485,0.06566875,63042,0.040028125,15,raw_line,ok,,800,1200,15.834297530210208,44.630769182077294,27.392027607866137
IMG_00287.png,18.0,45.31190728275812,20.17134829314737,line,514.9080373040696,255.82676760604969,0.049378125,47403,0.03525729166666667,10,raw_line,ok,,800,1200,2.7858997809269113,38.618102797805214,19.187007570453726
IMG_00288.png,18.0,32.79490482289656,21.211542550539136,line,372.6693729874609,287.710116491621,0.020339583333333335,19526,0.04820625,3,raw_line,ok,,800,1200,2.3614489928867215,27.950202974059568,21.578258736871575
IMG_00289.png,18.0,40.29219488091935,20.389219074742982,line,457.86585091953805,262.5047992258386,0.03338854166666667,32053,0.05154895833333333,5,raw_line,ok,,800,1200,2.918459827588542,34.33993881896535,19.687859941937894
IMG_00290.png,18.0,38.943675564754486,19.663237457514036,line,442.541767781301,240.25248911920414,0.03935104166666667,37777,0.040334375,6,raw_line,ok,,800,1200,3.4308821551774997,33.190632583597576,18.01893668394031
IMG_00291.png,18.0,40.03337336548065,20.882818545575194,line,454.9246973350074,277.6342849218451,0.05839375,56058,0.06454583333333333,14,raw_line,ok,,800,1200,1.5956869651433294,34.119352300125556,20.822571369138384
IMG_00292.png,18.0,35.57813266753976,19.13404855939086,line,404.2969621311337,224.03213975144396,0.02918645833333333,28019,0.03648125,8,raw_line,ok,,800,1200,1.8752735893967554,30.322272159835023,16.802410481358297
IMG_00293.png,18.0,32.02944452036676,19.724608223840786,line,363.9709604587132,242.1335854050816,0.02600625,24966,0.04693125,6,raw_line,ok,,800,1200,1.9556788852231626,27.297822034403488,18.16001890538112
IMG_00294.png,18.0,37.61947001526177,20.746906127100672,line,427.49397744615646,273.4683870375685,0.024048958333333332,23087,0.044360416666666666,8,raw_line,ok,,800,1200,16.106474463797067,32.06204830846173,20.510129027817637
IMG_00295.png,18.0,49.60388158916315,24.098125717425166,line,563.6804726041267,376.1877614536449,0.048308333333333335,46376,0.05790104166666667,10,raw_line,ok,,800,1200,12.62720234982185,42.2760354453095,28.214082109023366
IMG_00296.png,18.0,32.70719591333776,19.476367055005092,line,371.6726808333837,234.5246606898113,0.02461875,23634,0.04597916666666667,8,raw_line,ok,,800,1200,5.571730503859174,27.875451062503778,17.589349551735847
IMG_00297.png,18.0,32.790183882929156,19.692953168866957,line,372.6157259423768,241.16331552082633,0.0346875,33300,0.044211458333333335,9,raw_line,ok,,800,1200,2.0417675847691505,27.946179445678258,18.087248664061974
IMG_00298.png,18.0,34.34423872843292,20.640513844840978,line,390.2754400958286,270.20732091466607,0.027938541666666667,26821,0.04219375,6,raw_line,ok,,800,1200,9.705850255690876,29.270658007187144,20.265549068599956
IMG_00299.png,18.0,42.688764501084485,21.232418749999994,line,485.09959660323284,288.3499999999998,0.04194166666666667,40264,0.050047916666666664,8,raw_line,ok,,800,1200,3.4390196441912124,36.38246974524246,21.626249999999985
IMG_00300.png,18.0,39.97632262786124,23.022026827843586,line,454.2763934984232,343.20388744348156,0.052267708333333336,50177,0.05004375,9,raw_line,ok,,800,1200,4.137715890152359,34.07072951238174,25.740291558261116
IMG_00301.png,18.0,31.56983518665045,19.323566779516376,line,358.7481271210279,229.8411273414981,0.015913541666666666,15277,0.041367708333333336,3,raw_line,ok,,800,1200,5.3991619604396135,26.906109534077093,17.238084550612356
IMG_00302.png,18.0,39.766702096129066,21.749772849945717,line,451.8943420014667,304.20759693320207,0.03651041666666666,35050,0.05902604166666667,8,raw_line,ok,,800,1200,4.087790972077242,33.89207565011,22.815569769990155
IMG_00303.png,18.0,42.549924318595714,13.499380445482842,line,483.5218672567695,51.3220059918113,0.04661875,44754,0.057222916666666665,8,raw_line,ok,,800,1200,10.860435136465574,36.26414004425771,3.8491504493858475
IMG_00304.png,18.0,34.78866839847137,15.271032235029963,line,395.32577725535657,105.62550911969235,0.015383333333333334,14768,0.035684375,4,raw_line,ok,,800,1200,15.688558595928546,29.64943329415174,7.921913183976926
IMG_00305.png,18.0,47.27377306281362,14.560046372206669,line,537.2019666228821,83.83283899484043,0.05815208333333333,55826,0.054588541666666664,12,raw_line,ok,,800,1200,3.3783367958282895,40.29014749671615,6.287462924613032
IMG_00306.png,18.0,46.78122999517229,21.651159789438832,line,531.604886308776,301.1849743889298,0.057764583333333334,55454,0.057419791666666664,13,raw_line,ok,,800,1200,9.19204667912921,39.8703664731582,22.588873079169733
IMG_00307.png,18.0,47.3148056259256,22.81812321605771,line,537.6682457491546,336.9539683082823,0.06681875,64146,0.05379791666666667,15,raw_line,ok,,800,1200,23.895144373707858,40.325118431186596,25.271547623121172
IMG_00308.png,18.0,39.83507469243277,21.732420398924667,line,452.67130332309966,303.67572103983656,0.03500104166666667,33601,0.050240625,9,raw_line,ok,,800,1200,1.3650739286811966,33.95034774923247,22.775679077987743
IMG_00309.png,18.0,52.62115703782912,20.131892907752153,line,597.9676936116946,254.6174071341657,0.06238645833333333,59891,0.04419270833333333,8,raw_line,ok,,800,1200,1.4726892813584649,44.84757702087709,19.096305535062427
