image_id,pa_deg,fl_mm,mt_mm,apo_style,fl_px,mt_px,apo_cov,apo_fg_pixels,fasc_cov,n_contours,geometry_path,mt_fail_reason,mt_fail_reason_primary,img_h,img_w
IMG_00001.tif,10.323919802273053,59.1844161910268,10.902067557977196,line,789.1255492136906,145.36090077302927,0.05482708333333333,52634,0.119965625,15,raw_line,ok,,800,1200
IMG_00002.tif,3.7809405035429204,65.59537753751671,19.513893901214143,line,874.6050338335563,260.1852520161886,0.06807291666666666,65350,0.104196875,18,raw_line,ok,,800,1200
IMG_00003.tif,2.476639433125115,58.98494390599103,22.141319987626627,line,786.4659187465471,295.2175998350217,0.053152083333333336,51026,0.10582916666666667,7,raw_line,ok,,800,1200
IMG_00004.tif,0.6207669240696418,58.42079081509803,26.372221497473706,line,778.9438775346405,351.6296199663161,0.05613645833333333,53891,0.09465520833333334,14,raw_line,ok,,800,1200
IMG_00005.tif,4.337349622650066,44.30080914239694,20.477562968820042,line,590.6774552319592,273.0341729176006,0.039620833333333334,38036,0.076134375,6,raw_line,ok,,800,1200
IMG_00006.tif,0.6842898283857912,44.43365894671782,24.595730890368657,line,592.4487859562377,327.94307853824876,0.04973958333333333,47750,0.07698333333333333,4,raw_line,ok,,800,1200
IMG_00007.tif,0.9208001699954309,58.85838457754229,28.342109164310358,line,784.7784610338972,377.89478885747144,0.04415729166666667,42391,0.09816979166666667,12,raw_line,ok,,800,1200
IMG_00008.tif,2.473802560208263,59.885004883326,28.948773185988735,line,798.46673177768,385.98364247984983,0.0497875,47796,0.10084270833333334,21,raw_line,ok,,800,1200
IMG_00009.tif,0.8683159555477289,69.00997371922766,21.14814402773962,line,920.1329829230356,281.97525370319494,0.067709375,65001,0.114809375,14,raw_line,ok,,800,1200
IMG_00010.tif,1.6129985203278636,66.20318038344855,20.896434322875145,line,882.7090717793142,278.61912430500195,0.07465625,71670,0.10223958333333333,10,raw_line,ok,,800,1200
IMG_00011.tif,0.15107918215153404,67.11940964213149,19.07057185419511,line,894.9254618950865,254.27429138926811,0.07816041666666666,75034,0.10845520833333333,8,raw_line,ok,,800,1200
IMG_00012.tif,0.6757194348397491,66.54385534900142,22.216613510852522,line,887.2514046533522,296.2215134780336,0.063246875,60717,0.122659375,15,raw_line,ok,,800,1200
IMG_00013.tif,5.439844993235425,38.30349107067568,20.55025462871988,line,510.7132142756758,274.0033950495984,0.03423020833333333,32861,0.056753125,12,raw_line,ok,,800,1200
IMG_00014.tif,5.530065669108154,49.761862711007375,13.285534707679698,line,663.4915028134317,177.14046276906265,0.04105104166666667,39409,0.05594166666666667,5,raw_line,ok,,800,1200
IMG_00015.tif,11.862712791471509,45.71706520010469,4.71332025541445,line,609.5608693347292,62.84427007219267,0.03114375,29898,0.062197916666666665,8,raw_line,ok,,800,1200
IMG_00016.tif,2.4349251247252632,66.04757027445221,29.465471108907508,line,880.6342703260295,392.8729481187668,0.07329166666666667,70360,0.13533020833333334,24,raw_line,ok,,800,1200
IMG_00017.tif,1.725039527930619,65.41261118258782,23.99090461774311,line,872.168149101171,319.8787282365748,0.09325729166666667,89527,0.10051979166666666,22,raw_line,ok,,800,1200
IMG_00018.tif,2.820094040218482,40.8092898717644,16.421431218171307,line,544.1238649568587,218.9524162422841,0.044965625,43167,0.06239375,3,raw_line,ok,,800,1200
IMG_00019.tif,12.051648835209463,45.961054624658125,3.424103002279058,line,612.8140616621083,45.65470669705411,0.03964270833333333,38057,0.0579875,10,raw_line,ok,,800,1200
IMG_00020.tif,0.834648484671618,66.69504156847758,20.235683308966927,line,889.2672209130344,269.8091107862257,0.08631666666666667,82864,0.123984375,19,raw_line,ok,,800,1200
IMG_00021.tif,1.7498673259956306,66.1823072514141,17.94485502268506,line,882.430763352188,239.2647336358008,0.082725,79416,0.09573645833333333,17,raw_line,ok,,800,1200
IMG_00022.tif,1.5769815975577264,53.14015133549397,20.231602377471997,line,708.5353511399196,269.7546983662933,0.06275416666666667,60244,0.06883333333333333,13,raw_line,ok,,800,1200
IMG_00023.tif,0.5387735426841402,54.44486416559915,18.69761290877899,line,725.9315222079887,249.30150545038654,0.06888229166666666,66127,0.06650104166666666,7,raw_line,ok,,800,1200
IMG_00024.tif,2.4528528998964405,66.38231467012996,30.303978192409428,line,885.0975289350661,404.05304256545907,0.05671770833333333,54449,0.14032708333333332,15,raw_line,ok,,800,1200
IMG_00025.tif,4.268446021495663,66.04658504902487,26.95734082166417,line,880.6211339869983,359.4312109555223,0.064815625,62223,0.09916354166666666,9,raw_line,ok,,800,1200
IMG_00026.tif,4.297587598998935,67.06043834447622,28.320350490686632,line,894.1391779263497,377.6046732091551,0.065015625,62415,0.12627604166666667,19,raw_line,ok,,800,1200
IMG_00027.tif,0.6027373667822307,66.59850486911164,25.101368100528106,line,887.9800649214885,334.68490800704143,0.08043125,77214,0.11675416666666667,30,raw_line,ok,,800,1200
IMG_00028.tif,2.3250087982440215,65.90069387959643,24.19633360285585,line,878.6759183946192,322.61778137141135,0.08850416666666666,84964,0.11488020833333333,19,raw_line,ok,,800,1200
IMG_00029.tif,0.26891106418864297,66.00240788060582,25.608555572434074,line,880.0321050747442,341.4474076324543,0.07805520833333333,74933,0.12444166666666667,14,raw_line,ok,,800,1200
IMG_00030.tif,2.2856325448859582,65.06687619789331,19.212499999999984,line,867.5583493052442,256.16666666666646,0.05825625,55926,0.084634375,12,raw_line,ok,,800,1200
IMG_00031.tif,2.0222554566705924,65.87096334800216,8.730904625635882,line,878.2795113066956,116.41206167514508,0.05240416666666667,50308,0.07628541666666666,15,raw_line,ok,,800,1200
IMG_00032.tif,4.130433087117488,66.75532055129844,30.849031185416333,line,890.0709406839792,411.32041580555114,0.06108020833333333,58637,0.13225208333333333,25,raw_line,ok,,800,1200
IMG_00033.tif,1.1750335846545283,67.0280035147441,25.613852221814568,line,893.7067135299213,341.51802962419424,0.05803125,55710,0.11163541666666667,18,raw_line,ok,,800,1200
IMG_00034.tif,2.1455535520170104,53.13623454207036,3.7334859773850226,line,708.4831272276049,49.7798130318003,0.04520729166666667,43399,0.10841041666666666,15,raw_line,ok,,800,1200
IMG_00035.tif,2.7813108562544926,65.77781949881755,20.067194777777285,line,877.0375933175674,267.56259703703046,0.0830125,79692,0.11164583333333333,17,raw_line,ok,,800,1200
IMG_00036.tif,6.79760780456462,82.04317543786335,14.55652838986549,line,1093.909005838178,194.08704519820654,0.3241418336427751,295571,0.08366224089961474,42,raw_line,ok,,853,1069
IMG_00037.tif,2.8081473574672264,73.70757727365962,15.2632381279956,line,982.7676969821284,203.509841706608,0.14217379132962604,116302,0.05494439670084239,42,raw_line,ok,,853,959
IMG_00038.tif,6.957969420639671,82.67958442104002,14.386736090684712,line,1102.3944589472003,191.82314787579617,0.21734109624645093,198184,0.04547094555396296,66,raw_line,ok,,853,1069
IMG_00039.tif,1.1400487963173038,81.30909896075134,22.280020176199177,line,1084.1213194766847,297.0669356826557,0.3283299903383974,299390,0.07175905871205683,50,raw_line,ok,,853,1069
IMG_00040.tif,4.875903401203716,34.984117169464604,21.883780967308212,line,466.45489559286136,291.78374623077616,0.06488922425538159,15479,0.0469513089773418,8,raw_line,ok,,513,465
IMG_00041.tif,2.360638789817841,34.595146103735445,12.75917767481665,line,461.26861471647265,170.12236899755533,0.0637777862346877,15083,0.06324077245415298,11,raw_line,ok,,513,461
IMG_00042.tif,2.5860921584303753,37.310106909609885,11.857393425965869,line,497.46809212813184,158.09857901287825,0.08484122983870968,20199,0.11066868279569893,27,raw_line,ok,,512,465
IMG_00043.tif,4.649826331670141,35.823735080963566,2.1250000000000004,line,477.6498010795142,28.333333333333343,0.14586201524930636,34645,0.08065881045305849,21,raw_line,ok,,513,463
IMG_00044.tif,4.93843319301763,35.429879697753556,0.9723630431599369,line,472.39839597004743,12.964840575465827,0.09328577670229213,22205,0.08845029239766082,31,raw_line,ok,,513,464
IMG_00045.tif,0.4359714654489153,35.701568594745716,10.065000000000001,line,476.0209145966096,134.20000000000002,0.10734662223060638,25607,0.06147267811104823,28,raw_line,ok,,513,465
IMG_00046.tif,2.0911324839198073,36.26551387328116,6.497493500472788,line,483.54018497708216,86.63324667297051,0.13120799731182795,31238,0.07773857526881721,40,raw_line,ok,,512,465
IMG_00047.tif,0.11715124719444248,81.0686941235404,17.978479248343888,line,1080.9159216472053,239.71305664458518,0.2356992379287542,214924,0.06677801453517383,71,raw_line,ok,,853,1069
IMG_00048.tif,20.66782694033273,38.08388806601142,6.3322768706650265,line,507.78517421348556,84.43035827553369,0.1600155610772281,38253,0.08351529754285571,44,raw_line,ok,,513,466
IMG_00049.tif,2.107605899679328,80.7263487040418,4.0125,line,1076.3513160538907,53.5,0.4132862937938734,376858,0.06277080726473559,34,raw_line,ok,,853,1069
IMG_00050.tif,3.8809940274828136,81.91580454889566,24.83750000000001,line,1092.2107273186089,331.1666666666668,0.19104859643562533,174209,0.08009918221826448,69,raw_line,ok,,853,1069
IMG_00051.tif,0.26105688910001845,80.56149919309858,16.97875,line,1074.1533225746477,226.38333333333335,0.3339054259604302,304474,0.06447721517737978,57,raw_line,ok,,853,1069
IMG_00052.tif,9.911017627322963,80.95773600252069,15.429999999999998,line,1079.4364800336093,205.73333333333332,0.25430083883766863,231886,0.0478605746295746,48,raw_line,ok,,853,1069
IMG_00053.tif,3.213395703410133,80.92399594634193,18.81374999999999,line,1078.9866126178924,250.8499999999999,0.14896853344329208,135838,0.0616379541967655,53,raw_line,ok,,853,1069
IMG_00054.tif,0.9637940261889906,80.82675051784607,15.279999999999985,line,1077.6900069046142,203.73333333333315,0.2890288718516171,263553,0.05491431222220151,53,raw_line,ok,,853,1069
IMG_00055.tif,11.364100123363187,80.53734126084757,16.356066216509834,line,1073.831216811301,218.0808828867978,0.1901888125002056,173425,0.0541894178582826,48,raw_line,ok,,853,1069
IMG_00056.tif,6.0871441929146375,60.79556832817215,26.33082298987724,line,810.607577708962,351.0776398650299,0.041537267080745344,29104,0.06555135641213007,11,raw_line,ok,,644,1088
IMG_00057.tif,6.216661478646189,60.62138183700314,26.30937692515297,line,808.2850911600419,350.79169233537294,0.041634316770186336,29172,0.06487200858604311,11,raw_line,ok,,644,1088
IMG_00058.tif,6.563225484596974,60.63038005437316,26.302598383156347,line,808.4050673916422,350.701311775418,0.04167427840701498,29200,0.06281683869199854,12,raw_line,ok,,644,1088
IMG_00059.tif,6.466493204524955,60.8131774261457,26.25789317989244,line,810.8423656819427,350.1052423985659,0.04201537952137377,29439,0.06440959535988308,12,raw_line,ok,,644,1088
IMG_00060.tif,6.810280053305181,60.82775344052563,26.239389765302423,line,811.0367125403418,349.8585302040323,0.04217950767263427,29554,0.06532443140299599,13,raw_line,ok,,644,1088
IMG_00061.tif,6.785904129517636,60.257688721419676,24.60409100850829,line,803.4358496189291,328.05454678011057,0.04708622579466569,32992,0.05004053251735477,19,raw_line,ok,,644,1088
IMG_00062.tif,6.2536483536319505,59.924986127534495,24.605954217452496,line,798.9998150337933,328.0793895660333,0.04677937751187432,32777,0.050304564760686885,19,raw_line,ok,,644,1088
IMG_00063.tif,6.365874717399228,59.941604921303394,24.602630359473395,line,799.221398950712,328.0350714596453,0.04713332343807088,33025,0.05177315491413957,19,raw_line,ok,,644,1088
IMG_00064.tif,6.296801276394904,59.94156415273751,24.63466841245056,line,799.2208553698335,328.4622454993408,0.047286033978808914,33132,0.05189589422725612,19,raw_line,ok,,644,1088
IMG_00065.tif,6.578334415373194,60.23964454404967,24.641722313000297,line,803.1952605873289,328.55629750667066,0.046952068871026674,32898,0.053374474789915964,20,raw_line,ok,,644,1088
IMG_00066.tif,2.1102241850516377,64.18139849237434,14.180279345632783,line,855.7519798983246,189.0703912751038,0.087846875,84333,0.06686354166666666,13,raw_line,ok,,800,1200
IMG_00067.tif,1.7579774315354046,64.2309456743249,14.151520623084712,line,856.4126089909987,188.6869416411295,0.08894166666666667,85384,0.06476875,13,raw_line,ok,,800,1200
IMG_00068.tif,1.5826655755506662,64.25607130587919,14.127249799440387,line,856.7476174117226,188.36333065920516,0.08920416666666667,85636,0.06564479166666666,13,raw_line,ok,,800,1200
IMG_00069.tif,1.4928837575431544,64.10195423426913,14.100409830560952,line,854.6927231235884,188.00546440747937,0.09050520833333334,86885,0.06500208333333334,12,raw_line,ok,,800,1200
IMG_00070.tif,1.8024601860798555,64.09407713658688,14.174000570450719,line,854.5876951544917,188.98667427267625,0.08845520833333333,84917,0.06792083333333333,13,raw_line,ok,,800,1200
IMG_00071.tif,4.16985951467862,65.23263294015494,15.224945559443148,line,869.768439202066,202.99927412590864,0.08505625,81654,0.06375625,14,raw_line,ok,,800,1200
IMG_00072.tif,1.9929518854739285,64.5644109914853,15.228343576596995,line,860.8588132198041,203.04458102129328,0.08467083333333333,81284,0.060178125,14,raw_line,ok,,800,1200
IMG_00073.tif,1.6013480860455616,64.54393282696911,15.262519752462339,line,860.5857710262549,203.50026336616452,0.08559479166666667,82171,0.059251041666666664,13,raw_line,ok,,800,1200
IMG_00074.tif,0.32151284444839234,65.20804566647033,37.55352323715213,line,869.4406088862711,500.7136431620284,0.084953125,81555,0.05505729166666667,14,raw_line,ok,,800,1200
IMG_00075.tif,0.44716840517063794,65.25195976079313,15.251388892733722,line,870.0261301439084,203.3518519031163,0.08458854166666667,81205,0.055665625,14,raw_line,ok,,800,1200
IMG_00076.tif,3.4496926871025804,66.2857000232252,33.69167861030652,line,883.8093336430027,449.2223814707536,0.050445833333333336,48428,0.088840625,18,raw_line,ok,,800,1200
IMG_00077.tif,3.2345085219836163,66.14042846893001,33.76067971437342,line,881.8723795857335,450.14239619164556,0.05119791666666667,49150,0.08965520833333333,19,raw_line,ok,,800,1200
IMG_00078.tif,2.848669368806551,66.15026990140294,33.68777049941575,line,882.0035986853725,449.17027332554335,0.050594791666666666,48571,0.09159791666666667,19,raw_line,ok,,800,1200
IMG_00079.tif,2.558377257392941,66.07776056822769,33.77282258341837,line,881.0368075763693,450.30430111224496,0.04992708333333333,47930,0.09343125,19,raw_line,ok,,800,1200
IMG_00080.tif,2.390521653452769,65.96537230190529,33.75764304200285,line,879.5382973587372,450.10190722670467,0.049940625,47943,0.09538958333333333,17,raw_line,ok,,800,1200
IMG_00081.tif,0.9781920231687788,66.1112524351406,16.49893064618815,line,881.4833658018747,219.98574194917532,0.07577604166666667,72745,0.09272604166666666,24,raw_line,ok,,800,1200
IMG_00082.tif,1.1291049111080307,66.14114112976601,16.487652007569526,line,881.8818817302135,219.835360100927,0.07575833333333333,72728,0.0940625,23,raw_line,ok,,800,1200
IMG_00083.tif,1.1540207476709865,66.14648836103937,16.497420811336493,line,881.9531781471917,219.9656108178199,0.07597291666666667,72934,0.09369791666666667,24,raw_line,ok,,800,1200
IMG_00084.tif,1.1816015528059962,66.14985220560042,16.485205648025982,line,881.9980294080058,219.8027419736798,0.07672395833333333,73655,0.0931375,24,raw_line,ok,,800,1200
IMG_00085.tif,1.272236405370755,66.1605645181379,16.4840590512501,line,882.1408602418387,219.78745401666802,0.07689375,73818,0.09381770833333333,23,raw_line,ok,,800,1200
IMG_00086.tif,3.9291100388395535,65.23092910610474,29.407361404051624,line,869.7457214147299,392.0981520540217,0.031675,30408,0.05779270833333333,9,raw_line,ok,,800,1200
IMG_00087.tif,3.030365593892501,65.46356124142372,29.388785412998082,line,872.8474832189829,391.85047217330776,0.031713541666666664,30445,0.05793229166666667,8,raw_line,ok,,800,1200
IMG_00088.tif,3.5441253995813415,65.54716694966085,29.372828759156224,line,873.962225995478,391.6377167887497,0.03193541666666667,30658,0.059166666666666666,8,raw_line,ok,,800,1200
IMG_00089.tif,2.678543495061155,65.03540837382884,29.388929737427063,line,867.1387783177179,391.8523964990275,0.031555208333333334,30293,0.05749375,9,raw_line,ok,,800,1200
IMG_00090.tif,3.659958135312616,65.56791251106445,29.39186285963272,line,874.2388334808594,391.89150479510295,0.03165729166666666,30391,0.05727083333333333,8,raw_line,ok,,800,1200
IMG_00091.tif,2.1244740217429805,64.92584298262943,29.07940075166857,line,865.6779064350591,387.72534335558095,0.034011458333333335,32651,0.08345729166666667,9,raw_line,ok,,800,1200
IMG_00092.tif,2.148370484869634,64.58840415398349,29.06245665720563,line,861.1787220531132,387.4994220960751,0.03437083333333334,32996,0.08290729166666666,10,raw_line,ok,,800,1200
IMG_00093.tif,2.248245895220276,64.63306852150934,29.067415600813657,line,861.774246953458,387.5655413441821,0.03470729166666667,33319,0.083059375,11,raw_line,ok,,800,1200
IMG_00094.tif,2.160794906893324,64.61942305942631,29.054930355944784,line,861.5923074590175,387.39907141259715,0.03465833333333333,33272,0.081934375,8,raw_line,ok,,800,1200
IMG_00095.tif,2.1700614852555007,64.5965701551509,29.047549473139412,line,861.2876020686787,387.30065964185883,0.034797916666666664,33406,0.082234375,10,raw_line,ok,,800,1200
IMG_00096.tif,3.6185046276148967,60.74892948304286,26.01903875525248,line,809.9857264405715,346.92051673669977,0.04753125,45630,0.03764270833333333,13,raw_line,ok,,800,1200
IMG_00097.tif,4.087161425710718,60.688864426143546,26.02293313148268,line,809.1848590152473,346.97244175310243,0.046855208333333336,44981,0.038315625,13,raw_line,ok,,800,1200
IMG_00098.tif,3.5329565016260744,60.75582568693855,26.008611680883764,line,810.0776758258473,346.7814890784502,0.04689375,45018,0.03768125,13,raw_line,ok,,800,1200
IMG_00099.tif,3.2032260159140833,60.793826439712674,26.005886865767412,line,810.5843525295023,346.74515821023215,0.04668645833333333,44819,0.03715104166666667,13,raw_line,ok,,800,1200
IMG_00100.tif,2.6356047838273184,61.221709249476135,26.019119162181365,line,816.2894566596818,346.9215888290849,0.04696979166666667,45091,0.036025,13,raw_line,ok,,800,1200
IMG_00101.tif,0.5659735239686654,63.92994318600526,30.202469919721377,line,852.3992424800701,402.6995989296184,0.050083333333333334,48080,0.05045729166666667,6,raw_line,ok,,800,1200
IMG_00102.tif,0.9801794715390031,63.93204506060128,30.168603232018665,line,852.4272674746838,402.2480430935822,0.05031666666666667,48304,0.05217083333333333,6,raw_line,ok,,800,1200
IMG_00103.tif,1.0992732419015283,63.93200799655633,30.19280454566557,line,852.4267732874177,402.57072727554095,0.050172916666666664,48166,0.05114479166666667,6,raw_line,ok,,800,1200
IMG_00104.tif,1.391417412717317,63.93761562150606,30.195419582642444,line,852.5015416200808,402.6055944352326,0.04934895833333333,47375,0.053290625,6,raw_line,ok,,800,1200
IMG_00105.tif,2.2250384999911432,63.92050820428428,30.204312456165518,line,852.2734427237905,402.7241660822069,0.04976354166666667,47773,0.05395625,6,raw_line,ok,,800,1200
IMG_00106.tif,0.2169270881758223,60.5979956499943,27.814449279804204,line,807.9732753332574,370.85932373072274,0.04527082572159299,31720,0.07775535485933503,11,raw_line,ok,,644,1088
IMG_00107.tif,0.2360097437732236,60.598222657926385,27.837272127117597,line,807.9763021056851,371.163628361568,0.044978249451954694,31515,0.07752985705151626,10,raw_line,ok,,644,1088
IMG_00108.tif,0.19517907514986632,60.590675223431816,27.789758913099288,line,807.8756696457576,370.5301188413238,0.045509168341249545,31887,0.07733575767263427,11,raw_line,ok,,644,1088
IMG_00109.tif,0.06212527740905216,60.60390169103638,27.784456565543028,line,808.0520225471518,370.45942087390705,0.04547919711362806,31866,0.077177338326635,11,raw_line,ok,,644,1088
IMG_00110.tif,0.0674907267425624,60.606973916017964,27.79757883339097,line,808.0929855469062,370.6343844452129,0.045076726342710996,31584,0.07812928160394593,11,raw_line,ok,,644,1088
IMG_00111.tif,3.8134490288525456,60.6496564011482,22.301564131256765,line,808.6620853486427,297.35418841675687,0.036312283065400075,25443,0.05330596912678115,15,raw_line,ok,,644,1088
IMG_00112.tif,4.461485644212701,60.67177013774696,22.145398298573657,line,808.9569351699595,295.27197731431545,0.03533465016441359,24758,0.05397818094629156,16,raw_line,ok,,644,1088
IMG_00113.tif,3.811247263507738,60.655817120289704,22.149814415562393,line,808.7442282705294,295.33085887416524,0.03491933458165875,24467,0.05515990363536719,16,raw_line,ok,,644,1088
IMG_00114.tif,3.919525826267602,60.662713960965405,22.102812438477415,line,808.8361861462055,294.7041658463655,0.03537461180124224,24786,0.05536256622214103,13,raw_line,ok,,644,1088
IMG_00115.tif,8.673663113360362,60.6469402642492,4.398050419988449,line,808.6258701899894,58.64067226651266,0.0355002055169894,24874,0.05483592893679211,15,raw_line,ok,,644,1088
IMG_00116.tif,11.019589207544016,61.103061064353234,17.70299028025384,line,814.7074808580431,236.03987040338453,0.07167405005480453,50220,0.054272184417245156,16,raw_line,ok,,644,1088
IMG_00117.tif,10.121227482365015,60.84807308086865,17.686821091176114,line,811.3076410782487,235.8242812156815,0.07347945971867008,51485,0.05327599789915966,13,raw_line,ok,,644,1088
IMG_00118.tif,7.027956594472698,60.09697855039636,17.65954085330812,line,801.2930473386182,235.46054471077494,0.07535194784435513,52797,0.05246249314943369,12,raw_line,ok,,644,1088
IMG_00119.tif,9.044452283536401,60.62931366213737,17.608265613377775,line,808.3908488284983,234.77687484503699,0.07650084490317867,53602,0.04850486390208257,13,raw_line,ok,,644,1088
IMG_00120.tif,9.697245091212494,60.7361228748472,17.69780187172422,line,809.8149716646293,235.97069162298962,0.07488668021556448,52471,0.048737497716477896,13,raw_line,ok,,644,1088
IMG_00121.tif,1.2986648332321238,60.675830885788656,13.350847110308408,line,809.0110784771821,178.0112948041121,0.07377060878699306,51689,0.07316975703324809,11,raw_line,ok,,644,1088
IMG_00122.tif,1.513230921833042,60.711111920460354,13.3433471103084,line,809.4814922728048,177.911294804112,0.07369068551333577,51633,0.07393473693825356,12,raw_line,ok,,644,1088
IMG_00123.tif,1.309142318997715,60.67757346086535,13.347097110308397,line,809.034312811538,177.96129480411196,0.07338954603580562,51422,0.07361647104493972,12,raw_line,ok,,644,1088
IMG_00124.tif,1.1235322641008167,60.6464031506866,13.3433471103084,line,808.6187086758214,177.911294804112,0.07229345542564852,50654,0.07365928708439898,12,raw_line,ok,,644,1088
IMG_00125.tif,1.266694934815007,60.67079661536103,13.350870264888375,line,808.9439548714804,178.011603531845,0.07275158704786262,50975,0.07424729402630617,13,raw_line,ok,,644,1088
IMG_00126.tif,10.153574646895322,59.93395473958596,19.970271267649693,line,799.1193965278128,266.2702835686626,0.06324785348922178,44316,0.04654531649616368,11,raw_line,ok,,644,1088
IMG_00127.tif,10.543462475965299,59.9476769784575,19.957062951196473,line,799.3023597127667,266.09417268261967,0.06243863034344172,43749,0.04459147789550603,11,raw_line,ok,,644,1088
IMG_00128.tif,8.820699657088397,59.899779650651475,19.88747106500777,line,798.663728675353,265.16628086677025,0.06250570880526124,43796,0.044955414230909756,10,raw_line,ok,,644,1088
IMG_00129.tif,10.264141409625097,59.93638218565191,19.965499406077637,line,799.1517624753589,266.20665874770185,0.06258848648154915,43854,0.045750365363536716,10,raw_line,ok,,644,1088
IMG_00130.tif,9.664683844721822,59.9319145945211,19.904128979568892,line,799.0921945936147,265.3883863942519,0.06253996163682865,43820,0.04556911079649251,10,raw_line,ok,,644,1088
IMG_00131.tif,4.3866572231720795,60.71612235860294,26.293226893362498,line,809.5482981147059,350.57635857816666,0.04622990500548045,32392,0.05850240911582024,16,raw_line,ok,,644,1088
IMG_00132.tif,4.436764809771489,60.718777254787746,26.298424387998516,line,809.5836967305033,350.6456585066469,0.04587310467665327,32142,0.05844103945926197,17,raw_line,ok,,644,1088
IMG_00133.tif,4.21829422507642,60.69752578775737,26.223914252921798,line,809.300343836765,349.6521900389573,0.045937328735842164,32187,0.058359688984289365,16,raw_line,ok,,644,1088
IMG_00134.tif,4.412230086290037,60.714660810297346,26.30427295360596,line,809.5288108039647,350.7236393814128,0.04514380480453051,31631,0.05777168204238217,16,raw_line,ok,,644,1088
IMG_00135.tif,4.224948644832978,60.69428247786159,26.233509563225844,line,809.2570997048213,349.7801275096779,0.044795567683595175,31387,0.05789442135549872,16,raw_line,ok,,644,1088
IMG_00136.tif,4.98196522396917,60.387072039370935,22.884828812260675,line,805.1609605249458,305.1310508301423,0.06452805306905371,45213,0.05249531877968579,22,raw_line,ok,,644,1088
IMG_00137.tif,4.777337999891358,60.36251327916372,22.856934780145917,line,804.8335103888496,304.7591304019456,0.06545430672268908,45862,0.050581441815856776,22,raw_line,ok,,644,1088
IMG_00138.tif,4.446516975951804,60.31750358698561,22.85630636832613,line,804.2333811598081,304.75075157768174,0.06519312888198758,45679,0.0490814532334673,23,raw_line,ok,,644,1088
IMG_00139.tif,4.61058755554252,59.927725142103725,22.82665709629131,line,799.0363352280497,304.3554279505508,0.06535725703324809,45794,0.04933692226890756,20,raw_line,ok,,644,1088
IMG_00140.tif,4.491194814991625,59.726369825510005,22.808844870150683,line,796.3515976734668,304.1179316020091,0.06543289870295944,45847,0.04936403909389843,21,raw_line,ok,,644,1088
IMG_00141.tif,0.8494049454804724,60.94808259279508,26.24345238647269,line,812.6411012372678,349.91269848630253,0.048634739221775664,34077,0.11685638929484837,6,raw_line,ok,,644,1088
IMG_00142.tif,1.0261055156927625,61.16376915167638,26.165324878562593,line,815.5169220223518,348.8709983808346,0.04741876370113263,33225,0.11696342939349653,5,raw_line,ok,,644,1088
IMG_00143.tif,1.064876490518941,61.175943254055596,26.170133971607285,line,815.679243387408,348.9351196214305,0.0481666171903544,33749,0.11548627603215199,4,raw_line,ok,,644,1088
IMG_00144.tif,0.9281647878285355,61.14147971588193,26.18224496928006,line,815.2197295450924,349.0965995904008,0.04720896510778224,33078,0.11583879475703325,6,raw_line,ok,,644,1088
IMG_00145.tif,0.9289919411848189,61.15485388823043,26.20934992054633,line,815.3980518430724,349.45799894061776,0.04722466432225064,33089,0.11304005297771283,6,raw_line,ok,,644,1088
IMG_00146.tif,4.401850770861143,64.34330450428419,14.605344807176943,line,857.9107267237893,194.73793076235924,0.088428125,84891,0.048147916666666665,26,raw_line,ok,,800,1200
IMG_00147.tif,3.215870605509397,64.95100378053606,14.810285910768254,line,866.0133837404808,197.4704788102434,0.08739895833333333,83903,0.05421875,21,raw_line,ok,,800,1200
IMG_00148.tif,3.2907618034562334,64.62962542533103,14.857308601485375,line,861.7283390044138,198.097448019805,0.086909375,83433,0.05010833333333333,20,raw_line,ok,,800,1200
IMG_00149.tif,5.10430086516741,64.55149121864956,14.852773738248562,line,860.6865495819941,198.0369831766475,0.08905416666666667,85492,0.057439583333333336,18,raw_line,ok,,800,1200
IMG_00150.tif,5.5943450989331005,64.46272863721302,14.880130079705374,line,859.5030484961736,198.40173439607167,0.09136666666666667,87712,0.05296666666666667,17,raw_line,ok,,800,1200
IMG_00151.tif,1.104827324671695,64.00661710574988,25.74778761894346,line,853.4215614099984,343.3038349192461,0.06458333333333334,62000,0.07046770833333334,18,raw_line,ok,,800,1200
IMG_00152.tif,1.0787264899665865,64.00765221043793,25.735056014377495,line,853.4353628058391,343.1340801916999,0.06508854166666667,62485,0.07196041666666667,17,raw_line,ok,,800,1200
IMG_00153.tif,1.6405384254938842,63.90495824112156,25.748844174428232,line,852.0661098816208,343.3179223257098,0.0650125,62412,0.07038958333333334,18,raw_line,ok,,800,1200
IMG_00154.tif,3.6020930525319774,65.35488233778902,25.753844174428234,line,871.3984311705203,343.38458899237645,0.064959375,62361,0.07185625,17,raw_line,ok,,800,1200
IMG_00155.tif,2.0368527484292462,64.38764946814732,25.755742757261554,line,858.5019929086309,343.4099034301541,0.06550625,62886,0.0715875,18,raw_line,ok,,800,1200
IMG_00156.tif,1.3483599585152604,64.27487298119294,14.71840047728728,line,856.9983064159059,196.24533969716376,0.085128125,81723,0.070765625,26,raw_line,ok,,800,1200
IMG_00157.tif,0.8842129622175889,64.31533727870428,14.718531690590094,line,857.5378303827238,196.24708920786793,0.08465625,81270,0.071971875,25,raw_line,ok,,800,1200
IMG_00158.tif,3.0326551673949496,64.98218773396779,14.70600199497261,line,866.4291697862373,196.0800265996348,0.085140625,81735,0.07414270833333333,23,raw_line,ok,,800,1200
IMG_00159.tif,3.6253964085033488,65.16354243003897,14.714387918761735,line,868.8472324005197,196.19183891682314,0.08528958333333334,81878,0.0758125,24,raw_line,ok,,800,1200
IMG_00160.tif,4.044302888454098,65.36157670467118,14.728023706944134,line,871.4876893956158,196.3736494259218,0.086328125,82875,0.07884479166666666,23,raw_line,ok,,800,1200
IMG_00161.tif,7.8614518202628005,66.23715159684072,23.58625175295934,line,883.1620212912096,314.48335670612454,0.07210208333333333,69218,0.061803125,21,raw_line,ok,,800,1200
IMG_00162.tif,7.690315032377583,66.23180941823885,23.6346849619368,line,883.0907922431848,315.129132825824,0.07170729166666667,68839,0.063246875,20,raw_line,ok,,800,1200
IMG_00163.tif,9.21517243312374,66.56544364015983,23.66729532563585,line,887.5392485354644,315.56393767514464,0.07199895833333333,69119,0.06454166666666666,21,raw_line,ok,,800,1200
IMG_00164.tif,14.047299156657942,66.78916557434023,24.004423130882856,line,890.5222076578698,320.0589750784381,0.07300104166666667,70081,0.06397395833333333,22,raw_line,ok,,800,1200
IMG_00165.tif,12.925040392226947,66.5447406858194,23.93703480825184,line,887.2632091442588,319.1604641100246,0.07205833333333334,69176,0.0620375,21,raw_line,ok,,800,1200
IMG_00166.tif,10.607318783916611,65.87432480817897,27.181167945957224,line,878.3243307757195,362.415572612763,0.018466666666666666,17728,0.0710375,15,raw_line,ok,,800,1200
IMG_00167.tif,10.593277557690305,65.95917918773064,27.295576201722692,line,879.4557225030753,363.9410160229692,0.018820833333333332,18068,0.07196458333333333,16,raw_line,ok,,800,1200
IMG_00168.tif,9.126274801501173,63.904862382113116,27.36687891529792,line,852.0648317615082,364.89171887063895,0.018628125,17883,0.06850625,16,raw_line,ok,,800,1200
IMG_00169.tif,3.0334071382234464,64.06206936417985,27.759717666845983,line,854.1609248557313,370.1295688912798,0.020057291666666668,19255,0.06921041666666666,19,raw_line,ok,,800,1200
IMG_00170.tif,3.4154063618961112,64.03896238946504,10.485185377276684,line,853.8528318595339,139.80247169702247,0.019735416666666665,18946,0.07016354166666666,17,raw_line,ok,,800,1200
IMG_00171.tif,6.757421994574884,65.66770472620833,28.91538473191241,line,875.5693963494444,385.5384630921655,0.026409375,25353,0.06130208333333333,8,raw_line,ok,,800,1200
IMG_00172.tif,6.66769193410237,65.68032141499774,28.934077007958205,line,875.7376188666365,385.78769343944276,0.026309375,25257,0.062659375,8,raw_line,ok,,800,1200
IMG_00173.tif,6.767419518963202,65.68684232342358,28.952754789101014,line,875.8245643123145,386.0367305213469,0.026211458333333333,25163,0.06234270833333334,8,raw_line,ok,,800,1200
IMG_00174.tif,6.828659491874527,65.71561422914219,29.00020677021288,line,876.2081897218959,386.66942360283844,0.02591875,24882,0.062126041666666666,8,raw_line,ok,,800,1200
IMG_00175.tif,6.87715698493929,65.72170834477473,28.974903805881127,line,876.2894445969963,386.3320507450817,0.026101041666666668,25057,0.06177083333333333,8,raw_line,ok,,800,1200
IMG_00176.tif,14.674865888065739,63.317810395663635,3.3696614881839038,line,844.2374719421819,44.92881984245205,0.02245,21552,0.033764583333333334,5,raw_line,ok,,800,1200
IMG_00177.tif,11.29211116160252,63.35482115712341,3.3518032263673674,line,844.7309487616455,44.69070968489823,0.022489583333333334,21590,0.03411145833333333,5,raw_line,ok,,800,1200
IMG_00178.tif,10.558742129692206,63.29200430054108,3.2674755812895215,line,843.8933906738811,43.56634108386029,0.02268125,21774,0.03321458333333333,5,raw_line,ok,,800,1200
IMG_00179.tif,13.021200429237382,63.30303927604747,3.3264484673340333,line,844.040523680633,44.352646231120445,0.022752083333333332,21842,0.03334375,5,raw_line,ok,,800,1200
IMG_00180.tif,11.37837273299425,63.322993757039455,3.3558542258002317,line,844.3065834271928,44.74472301066976,0.022671875,21765,0.03289583333333333,5,raw_line,ok,,800,1200
IMG_00181.tif,1.332956816680536,58.23184071900612,31.247374345952856,line,776.4245429200816,416.6316579460381,0.025769791666666667,24739,0.057713541666666666,8,raw_line,ok,,800,1200
IMG_00182.tif,1.0817806239811034,58.25258196572858,31.22484042170349,line,776.7010928763812,416.33120562271324,0.025966666666666666,24928,0.058726041666666666,8,raw_line,ok,,800,1200
IMG_00183.tif,1.2293960590736788,58.23913788671423,31.239796793453337,line,776.5218384895231,416.5306239127112,0.025702083333333334,24674,0.05855520833333333,7,raw_line,ok,,800,1200
IMG_00184.tif,2.1358665864372313,57.890416398834006,31.007091194503026,line,771.8722186511201,413.4278825933737,0.025402083333333332,24386,0.05751875,8,raw_line,ok,,800,1200
IMG_00185.tif,1.7349635251810867,57.93142558840826,30.97745508394206,line,772.4190078454435,413.0327344525608,0.02498125,23982,0.058532291666666666,8,raw_line,ok,,800,1200
IMG_00186.tif,11.348703482166119,65.22250306266383,30.88978060094407,line,869.6333741688511,411.86374134592097,0.046983333333333335,45104,0.09958958333333333,16,raw_line,ok,,800,1200
IMG_00187.tif,14.12486690962993,65.22546390560184,30.920811201888124,line,869.6728520746913,412.27748269184167,0.046033333333333336,44192,0.099509375,17,raw_line,ok,,800,1200
IMG_00188.tif,13.957174529318689,65.21380846634715,30.916415512789435,line,869.517446217962,412.21887350385913,0.045659375,43833,0.10086354166666667,15,raw_line,ok,,800,1200
IMG_00189.tif,14.246138391647243,65.22351313217585,30.889274023817737,line,869.6468417623447,411.8569869842365,0.045859375,44025,0.100934375,14,raw_line,ok,,800,1200
IMG_00190.tif,14.483845281858379,65.25400171487125,30.852061201888112,line,870.0533561982834,411.36081602517487,0.046819791666666666,44947,0.10044270833333334,14,raw_line,ok,,800,1200
IMG_00191.tif,0.8389506034295966,68.17460599232278,28.106931500770255,line,908.9947465643038,374.75908667693676,0.07703958333333333,73958,0.11302395833333333,23,raw_line,ok,,800,1200
IMG_00192.tif,1.2068284654370416,68.3013075006047,28.1107249725563,line,910.6841000080626,374.8096663007507,0.076859375,73785,0.113340625,24,raw_line,ok,,800,1200
IMG_00193.tif,1.3023399648953156,68.56810724614756,28.091032805819484,line,914.2414299486343,374.54710407759313,0.07702083333333333,73940,0.11380416666666666,25,raw_line,ok,,800,1200
IMG_00194.tif,1.199097516278897,68.54361742432994,28.08157320860247,line,913.9148989910659,374.4209761146996,0.07682083333333334,73748,0.114315625,24,raw_line,ok,,800,1200
IMG_00195.tif,1.170794705844033,68.56409202601431,28.114112713473357,line,914.1878936801909,374.8548361796448,0.077303125,74211,0.11458229166666667,25,raw_line,ok,,800,1200
IMG_00196.tif,1.2021879656654888,65.48286235518513,21.052383043946495,line,873.1048314024686,280.6984405859533,0.067971875,65253,0.09920208333333333,20,raw_line,ok,,800,1200
IMG_00197.tif,0.9812398522800924,53.339563654458765,1.2583087541075286,line,711.1941820594502,16.777450054767048,0.073259375,70329,0.06697604166666667,20,raw_line,ok,,800,1200
IMG_00198.tif,1.2333762241133854,69.60671029739028,20.441506400454276,line,928.0894706318704,272.5534186727237,0.05494270833333333,52745,0.12366145833333334,15,raw_line,ok,,800,1200
IMG_00199.tif,0.18384943917538976,68.90573737665994,2.766239733155093,line,918.7431650221326,36.88319644206791,0.08048333333333334,77264,0.07615520833333334,9,raw_line,ok,,800,1200
IMG_00200.tif,0.37130166173225093,67.01811184341565,21.786485859651282,line,893.5748245788753,290.48647812868376,0.06569479166666667,63067,0.079484375,18,raw_line,ok,,800,1200
IMG_00201.tif,4.416284390719588,66.37503823455366,20.774931678140813,line,885.0005097940489,276.99908904187754,0.08034895833333333,77135,0.13012604166666666,29,raw_line,ok,,800,1200
IMG_00202.tif,1.8331767982835458,67.31398782320979,24.546026272732824,line,897.5198376427973,327.28035030310434,0.07813958333333333,75014,0.11882708333333333,18,raw_line,ok,,800,1200
IMG_00203.tif,2.802300274041826,66.19439728826819,20.857259848368155,line,882.5919638435759,278.0967979782421,0.08056979166666667,77347,0.125590625,19,raw_line,ok,,800,1200
IMG_00204.tif,4.131718652278645,66.78122434536913,22.99158405702264,line,890.4163246049217,306.5544540936352,0.061265625,58815,0.11524166666666667,6,raw_line,ok,,800,1200
IMG_00205.tif,1.0516657343908662,59.15796529350668,21.25142873990689,line,788.772870580089,283.3523831987585,0.076984375,73905,0.09817083333333333,23,raw_line,ok,,800,1200
IMG_00206.tif,2.839553038553443,59.252034098464236,18.751487846554927,line,790.0271213128565,250.0198379540657,0.0696875,66900,0.08984479166666667,10,raw_line,ok,,800,1200
IMG_00207.tif,1.3943787416059195,66.68251033979287,16.77219821576455,line,889.100137863905,223.62930954352737,0.060128125,57723,0.08292395833333334,19,raw_line,ok,,800,1200
IMG_00208.tif,0.9422438481043969,67.24613913480354,22.089676761538144,line,896.6151884640473,294.52902348717527,0.10905520833333333,104693,0.10743854166666666,18,raw_line,ok,,800,1200
IMG_00209.tif,0.9721683440585593,66.11017993936021,25.6722005556777,line,881.4690658581362,342.296007409036,0.09565208333333333,91826,0.08374583333333334,21,raw_line,ok,,800,1200
IMG_00210.tif,0.8264000358054489,65.78101489945104,17.931250000000006,line,877.0801986593472,239.0833333333334,0.105390625,101175,0.08116458333333333,24,raw_line,ok,,800,1200
IMG_00211.tif,4.6077765001335536,55.56240971487738,23.099636949153496,line,740.8321295316985,307.9951593220466,0.05900625,56646,0.09434583333333334,15,raw_line,ok,,800,1200
IMG_00212.tif,1.9865592078535856,52.69073530378935,18.752466258335545,line,702.543137383858,250.03288344447392,0.05696458333333333,54686,0.063359375,22,raw_line,ok,,800,1200
IMG_00213.tif,5.875841797775967,53.20820429062358,21.954234232095477,line,709.4427238749811,292.72312309460636,0.07029479166666666,67483,0.07395,5,raw_line,ok,,800,1200
IMG_00214.tif,0.4167319120587365,66.09287152800242,20.588437111519855,line,881.2382870400323,274.51249482026475,0.087928125,84411,0.10336458333333333,18,raw_line,ok,,800,1200
IMG_00215.tif,0.7010421440930941,61.413006053161844,22.815899770239636,line,818.8400807088246,304.21199693652846,0.08701041666666667,83530,0.07087916666666666,8,raw_line,ok,,800,1200
IMG_00216.tif,0.9798130742866028,58.27562924008064,20.1294929484844,line,777.0083898677419,268.3932393131254,0.059273958333333335,56903,0.07453854166666667,9,raw_line,ok,,800,1200
IMG_00217.tif,1.2559949630951337,65.97162246388932,23.274359794935297,line,879.6216328518576,310.32479726580397,0.06760625,64902,0.119925,22,raw_line,ok,,800,1200
IMG_00218.tif,2.0605644188517194,66.00824091553307,20.659655192041573,line,880.1098788737743,275.462069227221,0.07955833333333333,76376,0.08989583333333333,17,raw_line,ok,,800,1200
IMG_00219.tif,1.8217508725417701,66.75495332546812,23.380722324348067,line,890.066044339575,311.7429643246409,0.06690208333333333,64226,0.102628125,18,raw_line,ok,,800,1200
IMG_00220.tif,2.1043726817311503,66.39111329758882,23.77749999999999,line,885.2148439678509,317.0333333333332,0.06321979166666666,60691,0.1317375,21,raw_line,ok,,800,1200
IMG_00221.tif,4.022422456982184,67.25195773903926,23.955470451293586,line,896.6927698538568,319.4062726839145,0.090328125,86715,0.120434375,15,raw_line,ok,,800,1200
IMG_00222.tif,0.5126531415216959,66.52436471822263,21.280139836228578,line,886.9915295763017,283.73519781638106,0.06594375,63306,0.10653541666666666,25,raw_line,ok,,800,1200
IMG_00223.tif,1.1218084072431793,66.43238991699043,18.966516881386823,line,885.7651988932057,252.88689175182432,0.07879166666666666,75640,0.076178125,15,raw_line,ok,,800,1200
IMG_00224.tif,1.6268010892763929,65.57458605473651,17.701131299849703,line,874.3278140631535,236.01508399799604,0.057520833333333334,55220,0.08870729166666666,13,raw_line,ok,,800,1200
IMG_00225.tif,2.417879431025227,66.0388260050832,23.43504937694149,line,880.5176800677759,312.4673250258865,0.06490729166666667,62311,0.11539375,18,raw_line,ok,,800,1200
IMG_00226.tif,0.9351686996375008,68.58305847799954,25.30716031284954,line,914.4407797066607,337.4288041713272,0.06800104166666666,65281,0.11882708333333333,17,raw_line,ok,,800,1200
IMG_00227.tif,3.604179780484525,65.22917109262255,26.210691458652,line,869.7222812349675,349.47588611536,0.05980208333333333,57410,0.08934166666666667,22,raw_line,ok,,800,1200
IMG_00228.tif,3.2826879657488726,66.06754035636426,20.269648443850553,line,880.9005380848569,270.26197925134073,0.07376666666666666,70816,0.12345208333333334,19,raw_line,ok,,800,1200
IMG_00229.tif,3.2303374274997236,59.64083095753921,22.317279365820866,line,795.2110794338562,297.56372487761155,0.06599583333333334,63356,0.09012083333333333,11,raw_line,ok,,800,1200
IMG_00230.tif,3.528416004664325,59.10997216261073,7.359277204020565,line,788.1329621681431,98.12369605360755,0.06194895833333333,59471,0.06876770833333333,17,raw_line,ok,,800,1200
IMG_00231.tif,0.3625020093196663,66.4753224242984,23.654947537449626,line,886.3376323239786,315.3993004993284,0.0750625,72060,0.12109479166666667,18,raw_line,ok,,800,1200
IMG_00232.tif,2.7053737439696306,66.30923750132982,18.60439886006469,line,884.1231666843976,248.05865146752922,0.095421875,91605,0.08368020833333334,22,raw_line,ok,,800,1200
IMG_00233.tif,0.040768909122236074,66.78187617332517,20.02689044601201,line,890.4250156443358,267.0252059468268,0.06603645833333334,63395,0.08613541666666667,20,raw_line,ok,,800,1200
IMG_00234.tif,0.9076306361858274,68.99484357967215,16.109046039249243,line,919.931247728962,214.78728052332323,0.06220208333333333,59714,0.06645833333333333,16,raw_line,ok,,800,1200
IMG_00235.tif,3.116618804289317,69.0060039728163,20.166903472167363,line,920.080052970884,268.89204629556485,0.064975,62376,0.073553125,20,raw_line,ok,,800,1200
IMG_00236.tif,1.230568774769523,59.40093635031364,21.33960029565407,line,792.0124846708486,284.5280039420543,0.08440416666666667,81028,0.083328125,14,raw_line,ok,,800,1200
IMG_00237.tif,0.9456516110207644,53.09386042499322,24.952112682179894,line,707.9181389999096,332.6948357623986,0.047844791666666664,45931,0.08460833333333333,14,raw_line,ok,,800,1200
IMG_00238.tif,3.7429341577978468,66.65710095525266,22.963501276492742,line,888.7613460700354,306.18001701990323,0.09284166666666667,89128,0.12755104166666667,30,raw_line,ok,,800,1200
IMG_00239.tif,1.486449905627552,65.70210531378977,20.785463032803552,line,876.0280708505303,277.13950710404737,0.08337604166666666,80041,0.08255520833333334,17,raw_line,ok,,800,1200
IMG_00240.tif,1.5074123652007927,65.65361841705898,22.364230023357226,line,875.3815788941198,298.189733644763,0.07274895833333334,69839,0.08228020833333333,28,raw_line,ok,,800,1200
IMG_00241.tif,0.20205127915878052,66.38013297377874,22.678616987754204,line,885.0684396503832,302.3815598367227,0.06445104166666667,61873,0.11321145833333333,17,raw_line,ok,,800,1200
IMG_00242.tif,0.36062151809014154,53.23265107979893,19.68615895316853,line,709.7686810639857,262.4821193755804,0.050479166666666665,48460,0.049759375,13,raw_line,ok,,800,1200
IMG_00243.tif,0.21803550640308456,65.61732186481771,22.26089548914401,line,874.8976248642361,296.81193985525346,0.080515625,77295,0.08153958333333333,13,raw_line,ok,,800,1200
IMG_00244.tif,0.3594411948520042,67.07778887110567,24.02132715647964,line,894.370518281409,320.2843620863952,0.06690416666666667,64228,0.14176666666666668,23,raw_line,ok,,800,1200
IMG_00245.tif,0.006305614046063113,66.89594206926995,26.6432208443341,line,891.9458942569327,355.24294459112133,0.05107916666666667,49036,0.12300520833333334,7,raw_line,ok,,800,1200
IMG_00246.tif,0.1358839021829943,66.50506843320608,22.028750000000002,line,886.7342457760811,293.7166666666667,0.07029166666666667,67480,0.104840625,21,raw_line,ok,,800,1200
IMG_00247.tif,1.126927466475356,66.07467841626824,18.145683796402313,line,880.9957122169099,241.9424506186975,0.087446875,83949,0.08802291666666667,26,raw_line,ok,,800,1200
IMG_00248.tif,1.8347827269586607,66.41653032773641,21.37625,line,885.5537377031521,285.01666666666665,0.0725125,69612,0.07813645833333334,13,raw_line,ok,,800,1200
IMG_00249.tif,1.0695959567196986,66.10077342264967,18.537709168781024,line,881.3436456353289,247.16945558374698,0.08256458333333333,79262,0.06538645833333333,12,raw_line,ok,,800,1200
IMG_00250.tif,2.765059204307416,66.22404029550952,21.168486647603064,line,882.9872039401271,282.24648863470753,0.09271979166666666,89011,0.10520625,14,raw_line,ok,,800,1200
IMG_00251.tif,1.7457980805718876,68.9744395501291,15.397855348368001,line,919.6591940017215,205.30473797824,0.046825,44952,0.0623375,7,raw_line,ok,,800,1200
IMG_00252.png,12.885202927313767,35.93110910148378,20.60025679186585,line,479.0814546864504,274.6700905582113,0.04278645833333333,41075,0.052128125,9,raw_line,ok,,800,1200
IMG_00253.png,9.936969213903119,34.38017326434086,22.494189142810335,line,458.4023101912115,299.9225219041378,0.031135416666666665,29890,0.03944583333333333,7,raw_line,ok,,800,1200
IMG_00254.png,1.7585166225577495,37.61295478911235,23.71827465898225,line,501.5060638548314,316.2436621197633,0.047861458333333336,45947,0.050630208333333336,14,raw_line,ok,,800,1200
IMG_00255.png,15.80436823138433,39.03932133388381,33.09278187909094,line,520.5242844517842,441.2370917212126,0.03928125,37710,0.06186875,15,raw_line,ok,,800,1200
IMG_00256.png,2.8192784566547004,41.07132288705731,26.532169165593213,line,547.6176384940975,353.76225554124284,0.032597916666666664,31294,0.05759375,12,raw_line,ok,,800,1200
IMG_00257.png,2.1941010716947744,38.45737605356731,1.0362499999999975,line,512.7650140475641,13.816666666666634,0.046164583333333335,44318,0.05545520833333333,12,raw_line,ok,,800,1200
IMG_00258.png,10.766583984230133,30.437337764568138,24.464291272485728,line,405.83117019424185,326.19055029980973,0.027841666666666667,26728,0.05026041666666667,13,raw_line,ok,,800,1200
IMG_00259.png,7.628429310301101,33.29769166707009,18.06418312241202,line,443.9692222276012,240.85577496549365,0.05501875,52818,0.03303958333333333,16,raw_line,ok,,800,1200
IMG_00260.png,6.0568166627687745,39.50216342744499,26.1318181832497,line,526.6955123659333,348.4242424433293,0.048070833333333333,46148,0.06054583333333333,21,raw_line,ok,,800,1200
IMG_00261.png,13.274366591047396,36.89847471820451,6.87695519359153,line,491.9796629093935,91.69273591455374,0.04515625,43350,0.059425,12,raw_line,ok,,800,1200
IMG_00262.png,5.470373032785057,38.44853661111911,23.86917535596463,line,512.6471548149215,318.2556714128617,0.041436458333333336,39779,0.07397916666666667,15,raw_line,ok,,800,1200
IMG_00263.png,18.801862578800183,42.91528748957521,17.285115327878014,line,572.2038331943362,230.46820437170686,0.04669583333333333,44828,0.04238229166666667,13,raw_line,ok,,800,1200
IMG_00264.png,10.656033190358187,36.14848955329175,3.6387609265475254,line,481.97986071055675,48.516812353967005,0.036152083333333335,34706,0.054022916666666664,14,raw_line,ok,,800,1200
IMG_00265.png,7.7506731383050465,39.94382587797586,21.37875,line,532.5843450396782,285.05,0.05568229166666667,53455,0.06044583333333333,21,raw_line,ok,,800,1200
IMG_00266.png,0.9092119136039969,33.64141609032586,16.923068196311355,line,448.5522145376782,225.64090928415143,0.030561458333333333,29339,0.046052083333333334,9,raw_line,ok,,800,1200
IMG_00267.png,3.6646172598160365,30.92929046234956,21.11701846380448,line,412.39053949799415,281.56024618405974,0.030782291666666666,29551,0.05505,15,raw_line,ok,,800,1200
IMG_00268.png,8.569571386792028,32.832686553398176,21.95638942326494,line,437.76915404530905,292.7518589768659,0.028040625,26919,0.05440520833333334,18,raw_line,ok,,800,1200
IMG_00269.png,3.268524463329385,34.67249905847284,4.365129867209317,line,462.2999874463045,58.201731562790904,0.048364583333333336,46430,0.067259375,15,raw_line,ok,,800,1200
IMG_00270.png,7.226381843145077,40.49294636018687,24.769444352921532,line,539.9059514691583,330.25925803895376,0.042311458333333336,40619,0.06153541666666667,12,raw_line,ok,,800,1200
IMG_00271.png,5.343737210733934,37.4171547187367,23.78705408203,line,498.8953962498226,317.16072109373334,0.041190625,39543,0.053296875,15,raw_line,ok,,800,1200
IMG_00272.png,12.44565862251335,45.23299407087514,23.77751510580114,line,603.1065876116685,317.0335347440152,0.0427125,41004,0.05121666666666667,16,raw_line,ok,,800,1200
IMG_00273.png,1.0959101790216552,38.80020964006216,20.23925373980031,line,517.3361285341621,269.85671653067084,0.037884375,36369,0.056380208333333334,13,raw_line,ok,,800,1200
IMG_00274.png,5.518206851393904,31.855518592308954,20.92548982933546,line,424.7402478974527,279.00653105780617,0.030642708333333334,29417,0.047436458333333334,16,raw_line,ok,,800,1200
IMG_00275.png,6.189036754704724,23.861756312123905,18.541803586280814,line,318.15675082831876,247.22404781707755,0.008326041666666667,7993,0.03292291666666667,5,raw_line,ok,,800,1200
IMG_00276.png,3.687251253941156,38.55500910928301,28.14104897919201,line,514.0667881237736,375.2139863892268,0.042642708333333335,40937,0.07907395833333333,12,raw_line,ok,,800,1200
IMG_00277.png,0.6583548184060373,39.243723682319626,27.704293805769566,line,523.249649097595,369.39058407692755,0.04253125,40830,0.06755729166666667,10,raw_line,ok,,800,1200
IMG_00278.png,4.927063542131912,33.40734306151341,22.14953043810195,line,445.4312408201788,295.32707250802605,0.026991666666666667,25912,0.050741666666666664,7,raw_line,ok,,800,1200
IMG_00279.png,3.6506289846804236,44.20491674678483,22.34874999999999,line,589.3988899571311,297.9833333333332,0.06307916666666667,60556,0.07525416666666666,9,raw_line,ok,,800,1200
IMG_00280.png,3.446854121606833,45.5104691074678,22.707490594962554,line,606.8062547662373,302.7665412661674,0.06352916666666666,60988,0.052063541666666664,17,raw_line,ok,,800,1200
IMG_00281.png,5.147005720188844,30.316968102498745,17.52432928417616,line,404.22624136664996,233.65772378901548,0.026327083333333334,25274,0.03570729166666667,9,raw_line,ok,,800,1200
IMG_00282.png,1.6668860667717325,38.923724989739604,24.64374999999999,line,518.9829998631948,328.5833333333332,0.050341666666666667,48328,0.07648958333333333,12,raw_line,ok,,800,1200
IMG_00283.png,8.238831566581693,30.560304167902736,23.21685802323066,line,407.47072223870316,309.5581069764088,0.02392604166666667,22969,0.04713958333333333,13,raw_line,ok,,800,1200
IMG_00284.png,2.15057923762469,31.034509902056712,18.707842164687797,line,413.79346536075616,249.43789552917065,0.034003125,32643,0.043165625,11,raw_line,ok,,800,1200
IMG_00285.png,0.5629190868051728,39.07702752306633,25.792423552473352,line,521.0270336408844,343.8989806996447,0.041725,40056,0.07464895833333333,15,raw_line,ok,,800,1200
IMG_00286.png,14.885000176096346,42.53991187267548,27.583524553507402,line,567.1988249690064,367.7803273800987,0.051476041666666666,49417,0.037525,13,raw_line,ok,,800,1200
IMG_00287.png,6.45041378130702,37.293420821687086,19.441314301011694,line,497.24561095582783,259.21752401348925,0.04249375,40794,0.03331354166666667,14,raw_line,ok,,800,1200
IMG_00288.png,0.4262174304346331,27.549915036995674,21.96260199643213,line,367.33220049327565,292.8346932857618,0.020592708333333334,19769,0.04511875,9,raw_line,ok,,800,1200
IMG_00289.png,5.050684728769187,34.44183917906006,19.783535511050985,line,459.22452238746746,263.7804734806798,0.034839583333333334,33446,0.04807291666666667,10,raw_line,ok,,800,1200
IMG_00290.png,7.0366432847866065,33.569410835437274,18.09810465978551,line,447.592144472497,241.30806213047344,0.035554166666666664,34132,0.036223958333333334,7,raw_line,ok,,800,1200
IMG_00291.png,7.600074954654782,33.366590162937534,20.844322406884903,line,444.88786883916714,277.9242987584654,0.05396145833333333,51803,0.056165625,21,raw_line,ok,,800,1200
IMG_00292.png,3.2031874901901745,30.12322392320346,17.324628132183186,line,401.64298564271286,230.9950417624425,0.025059375,24057,0.032201041666666666,10,raw_line,ok,,800,1200
IMG_00293.png,3.07498247972422,27.33113283511324,18.50175561838603,line,364.41510446817654,246.69007491181378,0.02418125,23214,0.04273125,9,raw_line,ok,,800,1200
IMG_00294.png,14.428425705622294,30.387327226776538,3.906485742567382,line,405.1643630236872,52.08647656756509,0.025310416666666665,24298,0.04071770833333333,9,raw_line,ok,,800,1200
IMG_00295.png,13.284551665361768,42.44696249415756,28.419819263156683,line,565.9594999221008,378.93092350875577,0.04173020833333333,40061,0.05410104166666667,12,raw_line,ok,,800,1200
IMG_00296.png,4.27552856802897,27.380817175334403,9.029688486605462,line,365.0775623377921,120.39584648807282,0.022711458333333333,21803,0.043560416666666664,9,raw_line,ok,,800,1200
IMG_00297.png,8.327629031509305,27.933198562728762,18.40379665038535,line,372.4426475030502,245.3839553384713,0.02995625,28758,0.035728125,12,raw_line,ok,,800,1200
IMG_00298.png,6.110728339812255,28.065422548990174,20.620576693672643,line,374.20563398653564,274.9410225823019,0.023194791666666666,22267,0.038215625,7,raw_line,ok,,800,1200
IMG_00299.png,10.22360414290836,36.56849316017989,7.7605895618618685,line,487.57990880239856,103.47452749149159,0.038382291666666665,36847,0.04694270833333333,9,raw_line,ok,,800,1200
IMG_00300.png,3.313759219683214,33.53312239248318,22.382099601303196,line,447.1082985664424,298.42799468404263,0.05741458333333333,55118,0.04178958333333333,12,raw_line,ok,,800,1200
IMG_00301.png,1.7293790000776426,26.869656581759035,17.22594120731232,line,358.26208775678714,229.6792160974976,0.019145833333333334,18380,0.03901770833333333,7,raw_line,ok,,800,1200
IMG_00302.png,2.3756745145870424,33.33989771528772,7.728684444874397,line,444.53196953716963,103.04912593165864,0.0442875,42516,0.05257708333333334,10,raw_line,ok,,800,1200
IMG_00303.png,10.517838249588465,35.98039523014636,3.813238104172232,line,479.7386030686181,50.843174722296425,0.04674166666666667,44872,0.05273958333333333,12,raw_line,ok,,800,1200
IMG_00304.png,27.200501264324778,29.85795597840625,7.0029845095859935,line,398.10607971208333,93.37312679447992,0.013034375,12513,0.034436458333333336,5,raw_line,ok,,800,1200
IMG_00305.png,3.512342830365924,40.05986555155658,6.412247134656834,line,534.1315406874211,85.49662846209112,0.047075,45192,0.048192708333333334,15,raw_line,ok,,800,1200
IMG_00306.png,8.63682145913405,38.86323130659233,22.886796568551812,line,518.1764174212311,305.1572875806908,0.048210416666666665,46282,0.05230833333333333,15,raw_line,ok,,800,1200
IMG_00307.png,27.472208099809308,40.87011396296131,6.945988711666476,line,544.9348528394842,92.61318282221968,0.06128854166666667,58837,0.05078229166666667,18,raw_line,ok,,800,1200
IMG_00308.png,0.32301473693347305,33.84303665617332,22.952551572761735,line,451.24048874897755,306.03402097015646,0.03000625,28806,0.04863958333333333,13,raw_line,ok,,800,1200
IMG_00309.png,2.2569631987130108,44.89526320687903,19.30881440684452,line,598.6035094250537,257.45085875792694,0.05599166666666667,53752,0.043084375,11,raw_line,ok,,800,1200
