image_id,pa_deg,pa_deg_qdc,pa_deg_cxs5,fl_mm,fl_mm_qdc,fl_mm_cxs5,mt_mm,mt_mm_qdc,mt_mm_cxs5
IMG_00001.tif,15.184999382992075,14.090276920822324,18.0,69.51900506035315,69.30002174152202,70.08210502306176,17.312594052514434,17.443087027914615,16.977040687199686
IMG_00002.tif,15.184999382992075,14.090276920822324,18.0,77.64730335888964,77.81210048541365,77.22353931925647,19.330887655063243,18.78791461412151,20.727104046056272
IMG_00003.tif,16.783151381294555,16.309932474020215,18.0,75.47940218342785,77.90950272704863,69.23057221411725,20.34708409770509,19.748505747126437,21.88628557062162
IMG_00004.tif,18.356927962172982,18.49573328079581,18.0,74.57940429376177,76.73791587674307,69.02894593752411,21.162669861682872,20.398752052545156,23.127029942322707
IMG_00005.tif,19.902417449190285,20.642246457208728,18.0,67.98437392273458,74.09154891132938,52.280209666347936,20.683339578166557,20.5416091954023,21.047789133846074
IMG_00006.tif,18.356927962172982,18.49573328079581,18.0,75.34282267503376,83.42924980433229,54.5491529139804,22.289278323405448,21.96032840722496,23.13514953644098
IMG_00007.tif,21.416163570040993,22.744671625056935,18.0,71.74652251495559,72.5618794175276,69.64989047977036,21.83459056860331,20.812545155993433,24.46270734388585
IMG_00008.tif,21.416163570040993,22.744671625056935,18.0,72.49917433740022,73.04677121857712,71.09106807151676,21.94092396407751,20.96032840722496,24.462455395984065
IMG_00009.tif,15.184999382992075,14.090276920822324,18.0,78.24710708223043,77.01779849541522,81.40818630546953,19.48169912211691,18.662422444691636,21.58841057835333
IMG_00010.tif,15.184999382992075,14.090276920822324,18.0,79.5988927051473,80.14019039827289,78.20698435139579,19.72456660837439,19.155730706075538,21.187287500000004
IMG_00011.tif,18.356927962172982,18.49573328079581,18.0,71.71356061610078,69.3288994458793,77.84554648238459,19.210365784366754,18.66968801313629,20.600680053245092
IMG_00012.tif,15.184999382992075,14.090276920822324,18.0,79.0337010990105,79.39187578342528,78.11268048194391,19.760526695850047,19.037504105090314,21.61972764351793
IMG_00013.tif,19.439999999999998,20.0,18.0,62.7062333338634,69.48012522722055,45.28765417951644,19.818979111144433,20.449655172413795,18.19724066788036
IMG_00014.tif,19.439999999999998,20.0,18.0,61.95499762701003,62.68016386336467,60.09028444781237,18.20210949857381,18.137668308702793,18.367815415385007
IMG_00015.tif,19.439999999999998,20.0,18.0,65.4584542897603,69.22899029048725,55.762790287891015,20.072528133098615,20.36426929392447,19.32233657668928
IMG_00016.tif,16.783151381294555,16.309932474020215,18.0,79.78211276891841,80.51343551642032,77.90156856105637,21.509875593553478,20.259178981937605,24.725952594851435
IMG_00017.tif,16.783151381294555,16.309932474020215,18.0,76.94386626720272,76.96337923766278,76.89369005744831,20.50932538002368,19.56295566502463,22.942847504306947
IMG_00018.tif,16.783151381294555,16.309932474020215,18.0,73.86132742896184,83.81230856790727,48.273090214530775,20.463167447522316,20.906141215106732,19.324092045162395
IMG_00019.tif,19.439999999999998,20.0,18.0,57.84117886903304,59.117718195442336,54.55864917255198,17.672613588669954,16.871658456486045,19.732212500000003
IMG_00020.tif,15.184999382992075,14.090276920822324,18.0,78.28001592630817,78.31097689531205,78.20040200601244,19.442640321953256,18.86673234811166,20.923546540403073
IMG_00021.tif,16.783151381294555,16.309932474020215,18.0,67.61873092443754,63.83486922565377,77.34866100702439,17.77156828598391,16.98824302134647,19.785833252194468
IMG_00022.tif,18.356927962172982,18.49573328079581,18.0,71.98794842221123,75.56288668020532,62.79525004451215,20.334015090067382,20.124532019704436,20.87268584242924
IMG_00023.tif,16.783151381294555,16.309932474020215,18.0,74.46370576189008,78.31976866492391,64.54811543980307,20.05224844378395,19.828965517241382,20.626404540607695
IMG_00024.tif,18.356927962172982,18.49573328079581,18.0,76.99861332189701,76.64644653809043,77.90418505168535,21.739518961472882,20.377405582922822,25.242096220601606
IMG_00025.tif,16.783151381294555,16.309932474020215,18.0,79.26719572763815,79.91059577097091,77.6127384733539,21.215897018713093,20.14095238095238,23.980040372954928
IMG_00026.tif,19.902417449190285,20.642246457208728,18.0,76.3014144645211,75.28518155369694,78.91458480664036,21.978083819560887,20.86344827586207,24.84428950335784
IMG_00027.tif,18.356927962172982,18.49573328079581,18.0,75.0096987487122,73.77571652499222,78.18279589542072,20.58563609720948,19.70745484400657,22.843816462588396
IMG_00028.tif,19.133435662587893,19.57421619803874,18.0,72.66880598066336,70.76266401772551,77.57031388536068,20.17766831432488,19.32650246305419,22.36638050330665
IMG_00029.tif,16.783151381294555,16.309932474020215,18.0,78.07111755760661,78.16905872856157,77.81926883229389,20.745832735898297,19.799408866995076,23.179494113078004
IMG_00030.tif,13.566796857094278,11.84277341263094,18.0,82.2921540074245,84.31972333873745,77.07840429833405,20.436076632096746,18.604006568144506,25.147113939402505
IMG_00031.tif,13.566796857094278,11.84277341263094,18.0,82.36025674483193,84.31972333873745,77.32162836050348,19.164886831661985,18.604006568144506,20.60715036642122
IMG_00032.tif,16.783151381294555,16.309932474020215,18.0,81.09671740539088,81.7191150073191,79.49626642900401,21.832780490924456,20.495632183908047,25.27116185182379
IMG_00033.tif,18.356927962172982,18.49573328079581,18.0,74.668537171748,73.21282828712982,78.41178858933759,20.588792671393797,19.576091954022992,23.192880230347296
IMG_00034.tif,16.783151381294555,16.309932474020215,18.0,79.34851370533384,85.7715377406178,62.83216618603222,21.986250753447166,21.290377668308704,23.77563868666035
IMG_00035.tif,16.783151381294555,16.309932474020215,18.0,73.77032250966045,72.34160785588409,77.44416019079961,19.230512959534124,18.656551724137937,20.706413279124316
IMG_00036.tif,13.566796857094278,11.84277341263094,18.0,90.76359036192525,88.24000221536996,97.25281702449598,19.67412447138335,19.071089059786654,21.22478695834629
IMG_00037.tif,13.566796857094278,11.84277341263094,18.0,91.33041438060962,93.11771819544234,86.73449028532546,20.828081653981172,21.329550554064287,19.538590196624593
IMG_00038.tif,15.184999382992075,14.090276920822324,18.0,80.94385780901372,74.5954991248891,97.26820871104846,17.75795623547312,18.27972215331183,16.416272446745005
IMG_00039.tif,16.783151381294555,16.309932474020215,18.0,83.0146742447133,78.18484050447161,95.43424671962052,19.98636345133332,19.80250392789217,20.459145083039132
IMG_00040.tif,19.439999999999998,20.0,18.0,60.17671662811217,67.40775297542116,41.58262316360334,20.247388748927108,19.745048606802,21.5391205429631
IMG_00041.tif,13.566796857094278,11.84277341263094,18.0,78.4415920146314,93.11771819544234,40.70298183540325,19.819610545435104,20.799033182637473,17.301095192629013
IMG_00042.tif,19.439999999999998,20.0,18.0,62.17982975756826,69.37357786578862,43.68162033643021,18.47328338921471,20.413429069526934,13.484337354126144
IMG_00043.tif,19.439999999999998,20.0,18.0,60.29230658674473,67.40775297542116,41.99544444443393,18.70980849689744,19.745048606802,16.047762499999997
IMG_00044.tif,13.566796857094278,11.84277341263094,18.0,75.76039575120487,88.93411236501136,41.88512445855961,17.268608655727725,19.15378896669917,12.421002141801148
IMG_00045.tif,13.566796857094278,11.84277341263094,18.0,76.11474403556575,89.58139659699152,41.48620887761376,18.36886054831132,19.23090978932128,16.1521625
IMG_00046.tif,19.439999999999998,20.0,18.0,57.634581129983374,64.00536374209287,41.25256869884466,17.55157329055278,18.58823626747038,14.885868492764672
IMG_00047.tif,13.566796857094278,11.84277341263094,18.0,93.75196329802496,93.11771819544234,95.38287927609454,20.987113416614957,21.577084263623583,19.47004552430706
IMG_00048.tif,19.439999999999998,20.0,18.0,70.09158103599938,78.90026771910784,47.440672422291925,21.147118606151935,23.65250361965547,14.704699999999995
IMG_00049.tif,19.439999999999998,20.0,18.0,69.10349328828019,59.117718195442336,94.78120066986324,17.643157007938477,16.876844455470106,19.613675
IMG_00050.tif,15.184999382992075,14.090276920822324,18.0,84.93021538774113,80.51517019378257,96.28318874363455,20.128815495348547,19.214973951872985,22.47869374999999
IMG_00051.tif,14.37811948391138,12.96961039432136,18.0,81.86493434535468,76.9,94.63190837626672,18.47165145218308,18.183798891920947,19.21184375
IMG_00052.tif,19.439999999999998,20.0,18.0,69.20375854081198,59.117718195442336,95.13929085747677,17.973082757938478,16.876844455470106,20.791981250000003
IMG_00053.tif,15.184999382992075,14.090276920822324,18.0,82.85708702046102,78.01069397232764,95.31924057280398,19.110839659017614,18.819290498635574,19.860537499999996
IMG_00054.tif,19.439999999999998,20.0,18.0,73.64754453669386,65.42551901361132,94.7898958817632,19.29670212304639,19.071089059786654,19.87684999999999
IMG_00055.tif,19.439999999999998,20.0,18.0,77.9960186710081,71.4559887554649,94.81323845383343,20.97934530065237,21.12144877201687,20.61393637428651
IMG_00056.tif,15.184999382992075,14.090276920822324,18.0,85.18666726430973,90.361848903887,71.87905733396823,21.47981002677667,20.77065565551879,23.303349838582637
IMG_00057.tif,15.184999382992075,14.090276920822324,18.0,85.1866227704717,90.361848903887,71.8788984274038,21.478729250216695,20.77065565551879,23.299489922297013
IMG_00058.tif,15.184999382992075,14.090276920822324,18.0,85.15411068634009,90.361848903887,71.76278384121952,21.479347630959335,20.77065565551879,23.301698424949308
IMG_00059.tif,15.986861079646813,15.203973721731684,18.0,82.35956045444887,86.3331812689937,72.141678359905,21.4793143666449,20.77065565551879,23.301579623826328
IMG_00060.tif,16.783151381294555,16.309932474020215,18.0,79.94038681243595,83.12146505575832,71.76047132960699,21.478716177017873,20.77065565551879,23.299443232301225
IMG_00061.tif,18.356927962172982,18.49573328079581,18.0,77.05717802412987,79.62279063293191,70.45988845863891,21.579907824505145,21.072003791918476,22.88594676544229
IMG_00062.tif,18.356927962172982,18.49573328079581,18.0,77.01615676760774,79.62279063293191,70.31338397105986,21.586602153146192,21.072003791918476,22.90985508201746
IMG_00063.tif,17.573341339728536,17.407418527400743,18.0,78.60714415735369,81.83248778015987,70.31340341299496,21.569550710565778,21.05614336368691,22.88974103111144
IMG_00064.tif,16.783151381294555,16.309932474020215,18.0,80.57016666176638,84.57717245059845,70.26643749048388,21.56624067852092,21.05614336368691,22.877919488094086
IMG_00065.tif,16.783151381294555,16.309932474020215,18.0,80.5221557507952,84.49629981755179,70.30292815056401,21.555304445723053,21.04028293545535,22.879645472125713
IMG_00066.tif,16.783151381294555,16.309932474020215,18.0,88.21585375303071,93.11771819544234,75.61105947254366,21.525921467087265,22.997098050165203,17.74289596774401
IMG_00067.tif,16.783151381294555,16.309932474020215,18.0,88.3428411910471,93.11771819544234,76.06458603688792,21.525000638064935,22.997098050165203,17.739607292664246
IMG_00068.tif,16.783151381294555,16.309932474020215,18.0,88.2245851396633,93.11771819544234,75.6422429962315,21.516522523129645,22.997098050165203,17.709328310752504
IMG_00069.tif,16.783151381294555,16.309932474020215,18.0,88.12417068533043,93.11771819544234,75.28361994504263,22.420800246928664,22.983602773512033,20.97359375
IMG_00070.tif,16.783151381294555,16.309932474020215,18.0,88.21513765347134,93.11771819544234,75.60850197411733,22.42979940187959,22.997098050165203,20.971031449145155
IMG_00071.tif,19.439999999999998,20.0,18.0,75.65698947654609,74.31324093895269,79.11234285892911,21.07866042629102,22.09291451440272,18.47057848543236
IMG_00072.tif,19.439999999999998,20.0,18.0,75.60118898894997,74.31324093895269,78.9130554032287,21.080981700369957,22.09291451440272,18.478868749999993
IMG_00073.tif,19.439999999999998,20.0,18.0,75.59395993645181,74.31324093895269,78.8872373585924,21.297829164411226,22.09291451440272,19.253323978718814
IMG_00074.tif,19.439999999999998,20.0,18.0,75.51335279429225,74.31324093895269,78.59935470802256,21.300092479044444,22.09291451440272,19.261407245266017
IMG_00075.tif,19.439999999999998,20.0,18.0,75.46773868944413,74.31324093895269,78.43644719070784,21.3001091730923,22.09291451440272,19.261466866865504
IMG_00076.tif,19.439999999999998,20.0,18.0,73.62099861802709,71.85233754925673,78.16898422343658,20.96926832390537,21.256207361906093,20.23142508333209
IMG_00077.tif,19.439999999999998,20.0,18.0,73.60039048207305,71.85233754925673,78.09538373788646,20.96892350900086,21.256207361906093,20.230193601530264
IMG_00078.tif,19.439999999999998,20.0,18.0,73.60749703926992,71.85233754925673,78.12076429930381,20.969248275151585,21.256207361906093,20.23135348064
IMG_00079.tif,19.439999999999998,20.0,18.0,73.59404519229855,71.85233754925673,78.07272198869181,20.972017057318823,21.256207361906093,20.241241988380132
IMG_00080.tif,19.439999999999998,20.0,18.0,73.56973732161728,71.85233754925673,77.98590816483014,20.97001183426178,21.256207361906093,20.23408047746212
IMG_00081.tif,13.566796857094278,11.84277341263094,18.0,84.30985814373474,86.75815417086483,78.0142397882574,19.40607739620982,18.8945339476011,20.72147483548939
IMG_00082.tif,13.566796857094278,11.84277341263094,18.0,84.31934295931501,86.75815417086483,78.0481141296155,19.402420661186778,18.8945339476011,20.70841506754995
IMG_00083.tif,13.566796857094278,11.84277341263094,18.0,84.31834184242365,86.75815417086483,78.04453871214635,19.398746043526742,18.8945339476011,20.69529143304982
IMG_00084.tif,13.566796857094278,11.84277341263094,18.0,84.3193062904007,86.75815417086483,78.04798316920723,19.398276269748965,18.8945339476011,20.693613669557763
IMG_00085.tif,13.566796857094278,11.84277341263094,18.0,84.3245184001542,86.75815417086483,78.06659784689833,19.398269434677083,18.8945339476011,20.693589258586744
IMG_00086.tif,16.783151381294555,16.309932474020215,18.0,79.28673204001115,80.36753907780053,76.50751394283844,21.25220927337478,20.230566336265067,23.8792911116569
IMG_00087.tif,15.986861079646813,15.203973721731684,18.0,81.34486366408544,83.28446448525305,76.35731869536869,21.249737647533745,20.230566336265067,23.870463876510343
IMG_00088.tif,16.783151381294555,16.309932474020215,18.0,79.19650833006283,80.36753907780053,76.18528640730872,21.24801685982355,20.230566336265067,23.8643182061168
IMG_00089.tif,16.783151381294555,16.309932474020215,18.0,79.20480752738936,80.36753907780053,76.21492639776065,21.248837272567798,20.230566336265067,23.867248251631953
IMG_00090.tif,16.783151381294555,16.309932474020215,18.0,79.19388561640841,80.36753907780053,76.17591957282869,21.2486068920559,20.230566336265067,23.86642546408947
IMG_00091.tif,15.184999382992075,14.090276920822324,18.0,85.12869058004054,88.39546729250105,76.7284076051421,21.535261698345664,20.45998603936898,24.300256249999997
IMG_00092.tif,15.184999382992075,14.090276920822324,18.0,85.14136685018354,88.39546729250105,76.77367999850996,21.533434698345665,20.45998603936898,24.29373125
IMG_00093.tif,15.184999382992075,14.090276920822324,18.0,85.10888598658208,88.39546729250105,76.65767691421904,21.533586948345665,20.45998603936898,24.294275
IMG_00094.tif,15.184999382992075,14.090276920822324,18.0,85.04430407589551,88.31004901381569,76.64667423552935,21.523870349155384,20.44649076271581,24.294275
IMG_00095.tif,15.184999382992075,14.090276920822324,18.0,85.03895414389544,88.31004901381569,76.6275673355291,21.523413599155383,20.44649076271581,24.292643749999996
IMG_00096.tif,19.133435662587893,19.57421619803874,18.0,71.96103450254624,72.15658430297589,71.45819215858431,20.722589158161803,19.67725999348504,23.410578438759195
IMG_00097.tif,19.133435662587893,19.57421619803874,18.0,72.17517881256066,72.10295369422228,72.36090054543077,20.709223271784523,19.66376471683187,23.397545270234197
IMG_00098.tif,19.902417449190285,20.642246457208728,18.0,71.13604687478214,70.83581059935402,71.90808301159731,20.62676505346458,19.66376471683187,23.103051633377262
IMG_00099.tif,19.902417449190285,20.642246457208728,18.0,71.26779874710162,70.83581059935402,72.3786254127383,20.621865091200803,19.66376471683187,23.08555176814949
IMG_00100.tif,19.902417449190285,20.642246457208728,18.0,71.3876978157147,70.83581059935402,72.80683637207075,20.61710460695984,19.66376471683187,23.06855003871747
IMG_00101.tif,15.184999382992075,14.090276920822324,18.0,85.81441015093523,89.84757803015239,75.44340703294826,21.77885464566768,20.689405742472896,24.580294682454262
IMG_00102.tif,15.986861079646813,15.203973721731684,18.0,82.95303602183017,85.87453866165094,75.44060066229106,21.774169192733012,20.689405742472896,24.563560921973306
IMG_00103.tif,15.986861079646813,15.203973721731684,18.0,82.95373522328492,85.87453866165094,75.44309781034374,21.77222875512325,20.689405742472896,24.556630787652733
IMG_00104.tif,15.986861079646813,15.203973721731684,18.0,82.95146178889962,85.87453866165094,75.4349784018248,21.77493377179323,20.689405742472896,24.566291561474088
IMG_00105.tif,15.986861079646813,15.203973721731684,18.0,82.89291071561624,85.79836000940395,75.42175538873356,21.76290609001938,20.67591046581972,24.55803769510423
IMG_00106.tif,15.184999382992075,14.090276920822324,18.0,85.48741469762467,90.96417985874056,71.4043042833267,21.49051224350456,20.865818224908168,23.096868291323855
IMG_00107.tif,15.184999382992075,14.090276920822324,18.0,85.4872137814046,90.96417985874056,71.40358672539786,21.49091857675332,20.865818224908168,23.098319481497995
IMG_00108.tif,15.184999382992075,14.090276920822324,18.0,85.48718265152213,90.96417985874056,71.40347554724616,21.490207743504563,20.865818224908168,23.095780791323858
IMG_00109.tif,15.986861079646813,15.203973721731684,18.0,82.53934235963378,86.87035856937459,71.40244353458598,21.48997294411727,20.865818224908168,23.094942222083535
IMG_00110.tif,15.986861079646813,15.203973721731684,18.0,82.4599920991798,86.87035856937459,71.11904974725032,21.49123544943655,20.865818224908168,23.0994511696524
IMG_00111.tif,16.783151381294555,16.309932474020215,18.0,76.69542207583339,78.83521550428462,71.19309611695878,20.391076760557965,19.930052959245995,21.57656653536018
IMG_00112.tif,16.783151381294555,16.309932474020215,18.0,76.69197416219794,78.83521550428462,71.18078213968931,20.39897851656181,19.930052959245995,21.604787092516773
IMG_00113.tif,17.573341339728536,17.407418527400743,18.0,75.07081640118807,76.59148870428596,71.16051619322204,20.39850403765397,19.930052959245995,21.60309252498877
IMG_00114.tif,18.356927962172982,18.49573328079581,18.0,73.83215005580263,74.86546993902353,71.17504178466318,20.42551824372733,19.96177381570912,21.61800391577415
IMG_00115.tif,18.356927962172982,18.49573328079581,18.0,73.83150022057345,74.86546993902353,71.17272094455892,20.422575825003534,19.96177381570912,21.607495277474893
IMG_00116.tif,19.439999999999998,20.0,18.0,75.70687498571671,77.23489877108258,71.77767096620444,24.533733990906235,23.08627817732688,28.255763225824577
IMG_00117.tif,19.439999999999998,20.0,18.0,75.9726217814179,77.88797522767632,71.04742720532481,24.68968328498457,23.308324172568753,28.24174957405382
IMG_00118.tif,19.439999999999998,20.0,18.0,75.82070008654375,77.88797522767632,70.5048497236314,24.683286760586817,23.308324172568753,28.218904844061846
IMG_00119.tif,19.439999999999998,20.0,18.0,75.42678251399819,77.23489877108258,70.7773407100669,24.52315474587851,23.08627817732688,28.217980207868425
IMG_00120.tif,19.439999999999998,20.0,18.0,75.39104854463751,77.23489877108258,70.64971939092162,24.519966315355617,23.08627817732688,28.206592956000954
IMG_00121.tif,16.783151381294555,16.309932474020215,18.0,87.31164600151072,93.11771819544234,72.38174607425796,21.675829473066294,23.29246374433719,17.518769918369703
IMG_00122.tif,16.783151381294555,16.309932474020215,18.0,87.27153885006477,93.11771819544234,72.2385062476653,21.676096654160173,23.29246374433719,17.51972413656213
IMG_00123.tif,18.356927962172982,18.49573328079581,18.0,84.38315029802251,89.13743202074868,72.15785443958382,21.674812494196036,23.29246374433719,17.515137850975925
IMG_00124.tif,18.356927962172982,18.49573328079581,18.0,84.43218039683194,89.13743202074868,72.33296193533175,24.69322639592278,23.29246374433719,28.295187499999997
IMG_00125.tif,18.356927962172982,18.49573328079581,18.0,84.39032648438219,89.13743202074868,72.18348367658261,21.67465432239401,23.29246374433719,17.514572951682972
IMG_00126.tif,16.783151381294555,16.309932474020215,18.0,73.65401464641808,74.30634805367087,71.97658588491086,19.38097721857431,19.041868978278508,20.252969836477796
IMG_00127.tif,16.783151381294555,16.309932474020215,18.0,73.6249057672413,74.30634805367087,71.8726256021367,19.37786106433015,19.041868978278508,20.24184071417724
IMG_00128.tif,16.783151381294555,16.309932474020215,18.0,73.44198191103105,74.30634805367087,71.2193261156715,19.375654081987452,19.041868978278508,20.23395863438188
IMG_00129.tif,16.783151381294555,16.309932474020215,18.0,73.48676996584564,74.30634805367087,71.37928345429503,19.37541955819602,19.041868978278508,20.233121049412475
IMG_00130.tif,16.783151381294555,16.309932474020215,18.0,73.65702504624345,74.30634805367087,71.98733731285861,19.376254196258756,19.041868978278508,20.236101899636544
IMG_00131.tif,15.184999382992075,14.090276920822324,18.0,87.03455520296156,93.11771819544234,71.39213607943955,24.174013815250195,24.54543757463061,23.218924148271988
IMG_00132.tif,15.184999382992075,14.090276920822324,18.0,87.03416843256205,93.11771819544234,71.39075475658416,24.17470430160479,24.54543757463061,23.22139017096698
IMG_00133.tif,15.184999382992075,14.090276920822324,18.0,87.03449041954279,93.11771819544234,71.3919047100868,24.17260552475051,24.54543757463061,23.213894539344533
IMG_00134.tif,15.184999382992075,14.090276920822324,18.0,87.03552284072872,93.11771819544234,71.39559192860798,24.17207075026376,24.54543757463061,23.21198463046329
IMG_00135.tif,15.184999382992075,14.090276920822324,18.0,87.03624091057583,93.11771819544234,71.39815646377622,24.170017174530443,24.54543757463061,23.20465043141573
IMG_00136.tif,19.902417449190285,20.642246457208728,18.0,71.65036466153461,71.99988586475169,70.75159585326213,20.432164852497593,19.97763424394068,21.60095784592965
IMG_00137.tif,19.902417449190285,20.642246457208728,18.0,71.63839829503004,71.99988586475169,70.70885883003149,20.43103568997804,19.97763424394068,21.596925122645533
IMG_00138.tif,19.902417449190285,20.642246457208728,18.0,71.62705150725156,71.99988586475169,70.66833458796552,20.430186272414545,19.97763424394068,21.593891488490193
IMG_00139.tif,19.902417449190285,20.642246457208728,18.0,71.62831813551361,71.99988586475169,70.67285826032996,20.42651927152694,19.97763424394068,21.580795056748737
IMG_00140.tif,19.902417449190285,20.642246457208728,18.0,71.61722780342026,71.99988586475169,70.63324993142517,20.424152807296473,19.97763424394068,21.572343398782788
IMG_00141.tif,18.356927962172982,18.49573328079581,18.0,76.84283083012505,78.80724994254761,71.79146739818133,21.588023396982226,20.88167865313973,23.40433845257722
IMG_00142.tif,18.356927962172982,18.49573328079581,18.0,76.89852359946016,78.80724994254761,71.99037014580672,21.589721905367103,20.88167865313973,23.41040455395178
IMG_00143.tif,18.356927962172982,18.49573328079581,18.0,76.90053791035953,78.80724994254761,71.99756411330448,21.591382001975955,20.88167865313973,23.41633347041196
IMG_00144.tif,18.356927962172982,18.49573328079581,18.0,76.88443599268079,78.80724994254761,71.94005726445182,21.593802747261194,20.88167865313973,23.424978989287823
IMG_00145.tif,18.356927962172982,18.49573328079581,18.0,76.88246012598978,78.80724994254761,71.93300059769821,21.595778720438723,20.88167865313973,23.432036036350425
IMG_00146.tif,15.184999382992075,14.090276920822324,18.0,82.68441435967144,84.80789958771543,77.2240237732726,19.401334919735028,19.893184419935785,18.13657906207593
IMG_00147.tif,15.184999382992075,14.090276920822324,18.0,83.1010777459031,84.80789958771543,78.71210729552853,19.408366296998015,19.893184419935785,18.16169112372946
IMG_00148.tif,15.184999382992075,14.090276920822324,18.0,82.12105734199972,84.72248130903004,75.4316814267789,19.402155479829187,19.87968914328261,18.174211773806093
IMG_00149.tif,14.37811948391138,12.96961039432136,18.0,86.27112855988526,89.13163805435735,78.91553271695702,22.21213783650578,19.87968914328261,28.209863047651066
IMG_00150.tif,19.439999999999998,20.0,18.0,75.5037941888303,73.9957050177016,79.38173777173269,23.72526348945361,21.984952301177348,28.200349402164
IMG_00151.tif,19.439999999999998,20.0,18.0,74.31653079901457,73.08278924410472,77.48900908306845,20.77875530517876,21.674560938154407,18.475255106098523
IMG_00152.tif,19.439999999999998,20.0,18.0,74.11725816629753,73.08278924410472,76.77732110907907,20.775562452350897,21.674560938154407,18.463852060284736
IMG_00153.tif,19.439999999999998,20.0,18.0,74.1237816991498,73.04309725394832,76.90268455823934,20.765845853160613,21.661065661501233,18.463852060284736
IMG_00154.tif,19.439999999999998,20.0,18.0,74.14806703444441,73.04309725394832,76.98941789857719,20.766488832356416,21.661065661501233,18.46614841455546
IMG_00155.tif,19.439999999999998,20.0,18.0,74.1211273692338,73.04309725394832,76.89320480853934,20.76584209947708,21.661065661501233,18.463838654272113
IMG_00156.tif,19.439999999999998,20.0,18.0,67.76714431941971,64.50931937032524,76.1444084742341,18.651018260706252,18.759581181069382,18.371856465486783
IMG_00157.tif,19.439999999999998,20.0,18.0,67.81564458149597,64.54901136048163,76.21555857839002,18.66102250303015,18.773076457722556,18.372883762392533
IMG_00158.tif,19.439999999999998,20.0,18.0,67.68254841449972,64.54901136048163,75.74021512483193,18.652591034765155,18.773076457722556,18.342771375731836
IMG_00159.tif,19.439999999999998,20.0,18.0,67.87026604021261,64.54901136048163,76.4106352166637,18.658367158577136,18.773076457722556,18.36340038934605
IMG_00160.tif,19.439999999999998,20.0,18.0,67.69137118048242,64.50931937032524,75.87379012088661,18.648847442031656,18.759581181069382,18.36410354164893
IMG_00161.tif,19.439999999999998,20.0,18.0,74.69461684541636,73.16217322441749,78.63518615655634,21.143655174040134,21.701551491460748,19.709064643529977
IMG_00162.tif,19.439999999999998,20.0,18.0,74.62548797918988,73.1224812342611,78.4903624661496,21.134857361543,21.688056214807578,19.71234602457693
IMG_00163.tif,19.439999999999998,20.0,18.0,74.63317924363382,73.1224812342611,78.5178312677351,21.13531389802811,21.688056214807578,19.713976512023756
IMG_00164.tif,19.439999999999998,20.0,18.0,74.67870323741764,73.1224812342611,78.68041695982014,21.13532356241243,21.688056214807578,19.714011027682055
IMG_00165.tif,19.439999999999998,20.0,18.0,74.75590227130198,73.1224812342611,78.95612779512136,21.1371440880242,21.688056214807578,19.720512904866936
IMG_00166.tif,15.184999382992075,14.090276920822324,18.0,82.87865533256432,84.72248130903004,78.13738853593819,20.710108079845295,19.87968914328261,22.84547105957791
IMG_00167.tif,15.184999382992075,14.090276920822324,18.0,82.77928717568442,84.72248130903004,77.78250226136709,20.696204848228888,19.87968914328261,22.79581666094788
IMG_00168.tif,15.184999382992075,14.090276920822324,18.0,82.62045614179513,84.63706303034468,77.43489557123917,20.67713481096014,19.86619386662944,22.762411524953365
IMG_00169.tif,15.184999382992075,14.090276920822324,18.0,82.2958606046351,84.63706303034468,76.27562579566762,20.659256361468124,19.86619386662944,22.698559919624746
IMG_00170.tif,15.184999382992075,14.090276920822324,18.0,82.21513139501977,84.2953899156032,76.86589519923383,20.612829359549945,19.812212760016756,22.671557758349575
IMG_00171.tif,15.184999382992075,14.090276920822324,18.0,85.14691963134187,88.31004901381569,77.01315836212352,21.412330222549254,20.44649076271581,23.895917404978107
IMG_00172.tif,15.986861079646813,15.203973721731684,18.0,82.40329866671387,84.50332292120501,77.00323629802234,21.412681110455082,20.44649076271581,23.89717057607036
IMG_00173.tif,16.783151381294555,16.309932474020215,18.0,80.23359692846697,81.4685419417342,77.05802403720834,21.41270667830698,20.44649076271581,23.89726188982712
IMG_00174.tif,16.783151381294555,16.309932474020215,18.0,80.21539161293023,81.4685419417342,76.9930050531486,21.412619624449693,20.44649076271581,23.89695098319396
IMG_00175.tif,15.986861079646813,15.203973721731684,18.0,82.43851089152112,84.50332292120501,77.12899424376255,21.412213724237336,20.44649076271581,23.8955013395784
IMG_00176.tif,19.902417449190285,20.642246457208728,18.0,71.53477113631578,70.23519729752651,74.87653243605965,20.19580500571098,19.50182139699381,21.980334285269414
IMG_00177.tif,19.902417449190285,20.642246457208728,18.0,71.43669507913869,70.23519729752651,74.5262608032843,20.199571037337158,19.50182139699381,21.993784398220058
IMG_00178.tif,19.902417449190285,20.642246457208728,18.0,71.65756016454777,70.23519729752651,75.3150646797453,20.194946543234018,19.50182139699381,21.977268347851695
IMG_00179.tif,19.902417449190285,20.642246457208728,18.0,71.54582267205961,70.23519729752651,74.91600220657331,20.201323704305445,19.50182139699381,22.000043923106787
IMG_00180.tif,19.902417449190285,20.642246457208728,18.0,71.42368511954115,70.23519729752651,74.4797966618645,20.204313960884456,19.50182139699381,22.010723410888968
IMG_00181.tif,16.783151381294555,16.309932474020215,18.0,79.38345617033161,81.95023069470518,72.78317882194244,21.612047335444775,20.540957699288008,24.366277828419317
IMG_00182.tif,16.783151381294555,16.309932474020215,18.0,79.38527587587103,81.95023069470518,72.78967777029752,21.610506010423936,20.540957699288008,24.360773096202035
IMG_00183.tif,16.783151381294555,16.309932474020215,18.0,79.78111030767998,81.95023069470518,74.20337216961516,21.61511643032702,20.540957699288008,24.37723888157019
IMG_00184.tif,16.783151381294555,16.309932474020215,18.0,79.77510390571992,81.95023069470518,74.1819207340435,21.61321229928025,20.540957699288008,24.37043841354601
IMG_00185.tif,16.783151381294555,16.309932474020215,18.0,79.64455861310299,81.95023069470518,73.7156875461259,21.611647650776554,20.540957699288008,24.36485038317568
IMG_00186.tif,13.566796857094278,11.84277341263094,18.0,88.5911255755253,93.11771819544234,76.95131598145288,21.772957118887074,20.58144352924752,24.83684920653164
IMG_00187.tif,14.37811948391138,12.96961039432136,18.0,88.60019009306325,93.11771819544234,76.98368925837417,21.768431065371463,20.58144352924752,24.820684729690175
IMG_00188.tif,15.184999382992075,14.090276920822324,18.0,85.73917504877843,89.16423180066941,76.93188625820163,21.768726655171687,20.58144352924752,24.82174040754812
IMG_00189.tif,15.184999382992075,14.090276920822324,18.0,85.7406439745521,89.16423180066941,76.93713242167902,21.769469094749944,20.58144352924752,24.82439197747046
IMG_00190.tif,15.184999382992075,14.090276920822324,18.0,85.74630178308902,89.16423180066941,76.95733888073943,21.77569393633415,20.58144352924752,24.84662355455691
IMG_00191.tif,13.566796857094278,11.84277341263094,18.0,89.74562493313657,93.11771819544234,81.0745279729217,21.17157595730563,20.689405742472896,22.411442224018376
IMG_00192.tif,13.566796857094278,11.84277341263094,18.0,89.88953728598415,93.11771819544234,81.58850066166308,21.275378961453125,20.689405742472896,22.78216723883085
IMG_00193.tif,13.566796857094278,11.84277341263094,18.0,89.89938531933612,93.11771819544234,81.6236722093487,21.28825551626171,20.689405742472896,22.828154934575807
IMG_00194.tif,13.566796857094278,11.84277341263094,18.0,89.89264916898554,93.11771819544234,81.59961452952521,21.285994779468293,20.689405742472896,22.82008087459931
IMG_00195.tif,13.566796857094278,11.84277341263094,18.0,89.90211478724352,93.11771819544234,81.63342030901796,21.261620790732128,20.67591046581972,22.767733054792604
IMG_00196.tif,18.356927962172982,18.49573328079581,18.0,72.44951776059429,70.56725356917657,77.2896256813827,19.57084861042295,18.958686371100168,21.14498008296725
IMG_00197.tif,14.37811948391138,12.96961039432136,18.0,78.8687666987054,85.21282874791463,62.55546428645314,19.521959641967207,19.33635467980296,19.999229544675284
IMG_00198.tif,15.184999382992075,14.090276920822324,18.0,78.82402913013438,77.69571334803129,81.72541256982802,18.555918373526964,18.769526551964105,18.00664020040289
IMG_00199.tif,13.566796857094278,11.84277341263094,18.0,82.43642944780463,82.76522787383897,81.59094778085921,19.52393703341997,18.418795863028823,22.365728614425773
IMG_00200.tif,18.356927962172982,18.49573328079581,18.0,73.7175406934621,71.47427921926861,79.4859273413882,19.765910046583915,19.170361625032996,21.297320273429136
IMG_00201.tif,16.783151381294555,16.309932474020215,18.0,74.787614598839,73.41332295890524,78.32150738724009,19.52870358403611,18.86673234811166,21.23091533355612
IMG_00202.tif,15.184999382992075,14.090276920822324,18.0,85.94656680145155,88.37165116159666,79.71063558964983,20.99594581534782,20.456223316912975,22.38380366846599
IMG_00203.tif,15.184999382992075,14.090276920822324,18.0,79.20737492014733,79.64131398837448,78.09153160184897,21.663198175285398,19.07691297208539,28.31364584065685
IMG_00204.tif,13.566796857094278,11.84277341263094,18.0,89.03260294678073,93.11771819544234,78.5280208787937,20.31638477241164,19.681182266009856,21.94976264601623
IMG_00205.tif,16.783151381294555,16.309932474020215,18.0,74.60717169715666,76.70382323614984,69.2157820254599,20.03781722610342,19.512052545155996,21.38978354853965
IMG_00206.tif,15.184999382992075,14.090276920822324,18.0,75.32733023021203,77.53148250484578,69.65951009543949,19.13981657920082,18.743579638752053,20.158711568926215
IMG_00207.tif,15.184999382992075,14.090276920822324,18.0,75.53878680145367,74.31996561612478,78.67289842087081,18.492253754597158,18.23619047619048,19.150702184785757
IMG_00208.tif,15.184999382992075,14.090276920822324,18.0,80.30429757900266,80.7222128764877,79.22965824261254,20.000828726185063,19.24768472906404,21.937484718781977
IMG_00209.tif,15.184999382992075,14.090276920822324,18.0,81.97382691588135,83.54917919924536,77.9229210443739,18.379068686912408,19.694318555008213,14.996997597523194
IMG_00210.tif,13.566796857094278,11.84277341263094,18.0,81.4747168555663,82.8864156819783,77.84463415907831,18.842833250704352,18.43323481116585,19.896086380946205
IMG_00211.tif,15.986861079646813,15.203973721731684,18.0,79.71992662709431,85.37393608974212,65.18104515171422,21.091942804383603,20.60072249589491,22.35508074049738
IMG_00212.tif,22.16018392016079,23.778033222445544,18.0,65.57611496148857,66.73747348329476,62.58976447684406,19.502219266674047,19.270673234811166,20.09762334860716
IMG_00213.tif,15.184999382992075,14.090276920822324,18.0,79.55233358262717,86.06434776581652,62.80715425442598,20.54160337009126,20.09169129720854,21.698520128932536
IMG_00214.tif,16.783151381294555,16.309932474020215,18.0,74.57776342255865,73.21237637708877,78.08875868233831,19.447748511632444,18.827323481116583,21.04312716153037
IMG_00215.tif,15.184999382992075,14.090276920822324,18.0,81.35904584221494,84.73401067275408,72.68056484940001,20.446370086835458,19.88151067323481,21.898865721808544
IMG_00216.tif,18.356927962172982,18.49573328079581,18.0,70.92807315655467,71.73524666274103,68.85248414064691,19.631268344827586,19.23126436781609,20.659849999999995
IMG_00217.tif,16.783151381294555,16.309932474020215,18.0,75.29776050663865,74.41805586798756,77.55985814888432,19.923689185899796,19.06377668308703,22.134892764561197
IMG_00218.tif,14.37811948391138,12.96961039432136,18.0,81.35109774509729,82.86787233116573,77.45082023806421,19.64405024328212,19.0112315270936,21.27129837062403
IMG_00219.tif,19.902417449190285,20.642246457208728,18.0,71.99089279244812,69.39009789139187,78.6786511094499,20.035082614735895,19.27395730706076,21.992261977329107
IMG_00220.tif,16.783151381294555,16.309932474020215,18.0,75.96817922639723,74.95391341949814,78.57629130128058,20.03040237876236,19.168866995073895,22.245779079675557
IMG_00221.tif,15.184999382992075,14.090276920822324,18.0,81.84934230819283,83.05030278934696,78.7611582137965,20.13896239125216,19.615500821018063,21.485006428996986
IMG_00222.tif,19.902417449190285,20.642246457208728,18.0,70.72724571169051,67.87978720104925,78.0492818819109,19.512616070812452,18.86673234811166,21.17345992918592
IMG_00223.tif,15.184999382992075,14.090276920822324,18.0,77.28867972365185,76.98063980224963,78.08078237868614,19.066956611418114,18.656551724137937,20.12228346442428
IMG_00224.tif,18.356927962172982,18.49573328079581,18.0,70.51088060443806,67.92167885122332,77.16882796984737,18.763534021586473,18.341280788177343,19.849328050352803
IMG_00225.tif,16.783151381294555,16.309932474020215,18.0,76.10359861865199,75.35580658313106,78.02649242427722,20.22128577590218,19.24768472906404,22.724831324914547
IMG_00226.tif,19.439999999999998,20.0,18.0,65.44699012016038,59.64722655050849,80.36066787069379,18.792039875228664,17.106469622331694,23.126363382678015
IMG_00227.tif,20.663455848475408,21.69924423399362,18.0,71.81480569282931,69.66677547502906,77.33831196717286,20.674939099920778,19.64177339901478,23.331650902250487
IMG_00228.tif,16.783151381294555,16.309932474020215,18.0,74.93219964928814,73.88219831647699,77.63220307651679,19.493938806973144,18.958686371100168,20.870302213503656
IMG_00229.tif,15.184999382992075,14.090276920822324,18.0,79.58174141320396,83.1438421162029,70.42205389120664,20.194729847747226,19.630279146141216,21.646174509019815
IMG_00230.tif,19.902417449190285,20.642246457208728,18.0,68.8749021934629,68.68366224590903,69.36666205860143,19.43229005594103,19.083481116584565,20.329227328571942
IMG_00231.tif,17.573341339728536,17.407418527400743,18.0,75.295169462525,74.27157783880351,77.92726220923736,20.227087984458183,19.431592775041057,22.27264709438794
IMG_00232.tif,16.783151381294555,16.309932474020215,18.0,74.76631274763065,73.54728734678288,77.90094949266779,19.15691553644197,18.893004926108375,19.83554282015693
IMG_00233.tif,14.37811948391138,12.96961039432136,18.0,80.1413735088459,80.78346662738893,78.49027691830666,19.254131664991984,18.722233169129723,20.621870654352083
IMG_00234.tif,15.184999382992075,14.090276920822324,18.0,74.61825861097896,71.8566515867832,81.71953381605378,18.126612123184476,17.847010258311705,18.84558834714303
IMG_00235.tif,21.416163570040993,22.744671625056935,18.0,70.92407318640547,66.86541456720525,81.36062392149174,19.48586937080548,19.076400939315292,20.538788194637405
IMG_00236.tif,15.184999382992075,14.090276920822324,18.0,80.23610869046497,84.07923538476241,70.3537829051287,20.273587176108375,19.778062397372743,21.54779375
IMG_00237.tif,23.62088952915208,25.806791012711223,18.0,67.62711578681738,69.38933465158735,63.09569584883746,21.268727901678947,20.666403940886703,22.817560943716146
IMG_00238.tif,16.783151381294555,16.309932474020215,18.0,77.29267172663035,77.0303614316016,77.9671839138471,20.54224928816274,19.576091954022992,23.02665386166495
IMG_00239.tif,12.751627058999745,10.710593137499645,18.0,88.76436660732958,93.11771819544234,77.57003395218244,20.055303827467604,19.733727422003287,20.88221458437585
IMG_00240.tif,18.356927962172982,18.49573328079581,18.0,72.80801619704741,71.18643063082521,76.97780765304732,19.879424658967825,19.103185550082102,21.875468081816827
IMG_00241.tif,15.184999382992075,14.090276920822324,18.0,79.54259951401977,80.14019039827289,78.00593724022603,19.88047667057014,19.155730706075538,21.74410915069912
IMG_00242.tif,17.573341339728536,17.407418527400743,18.0,71.24556412152226,74.43970822614236,63.03205070964204,19.744221363108345,19.467717569786537,20.45523111736443
IMG_00243.tif,19.902417449190285,20.642246457208728,18.0,71.32472898556357,69.09777969326105,77.05117002291291,19.873646865851278,19.19513957307061,21.618379904430142
IMG_00244.tif,15.184999382992075,14.090276920822324,18.0,80.47012780096297,81.22108928638612,78.53908398130343,20.09887113399776,19.32650246305419,22.084962002138365
IMG_00245.tif,13.566796857094278,11.84277341263094,18.0,89.15025004713246,93.11771819544234,78.94818909433563,20.803373231186935,19.76,23.486332968524763
IMG_00246.tif,19.902417449190285,20.642246457208728,18.0,71.51259310219302,68.70802209575326,78.7243471187524,19.769179402957153,19.090049261083745,21.51551405348877
IMG_00247.tif,16.783151381294555,16.309932474020215,18.0,72.00058363963984,69.8632666801477,77.49654153547678,18.644171459354826,18.170509031198687,19.862160560327755
IMG_00248.tif,15.184999382992075,14.090276920822324,18.0,82.23949093773368,83.88176347251097,78.01650441973491,18.9148175079621,19.746863711001645,16.775270128717555
IMG_00249.tif,16.783151381294555,16.309932474020215,18.0,74.43140998963429,73.07841198921113,77.91054770500814,19.137154728404873,18.80105090311987,20.00142170770917
IMG_00250.tif,15.184999382992075,14.090276920822324,18.0,80.62874148275468,81.71996569628453,77.82273636224936,19.962799652118733,19.405320197044336,21.396318250881468
IMG_00251.tif,21.416163570040993,22.744671625056935,18.0,67.02917666447547,61.5019934626917,81.2419334690623,17.756738970605316,17.441760372423392,18.566683937358835
IMG_00252.png,15.184999382992075,14.090276920822324,18.0,68.17219227264302,78.26690947910436,42.214348027456694,19.40982173729695,18.85977011494253,20.82424019477975
IMG_00253.png,19.439999999999998,20.0,18.0,59.50644218408222,66.68224848517016,41.05436883842751,20.063519551516,19.498377080116654,21.516743049400027
IMG_00254.png,18.356927962172982,18.49573328079581,18.0,66.12688765561363,74.09422290725942,45.63945415138157,20.419839645549324,19.7817856188185,22.060550000000006
IMG_00255.png,21.416163570040993,22.744671625056935,18.0,64.24415937874261,70.70594665188268,47.628134962096674,21.864360235486377,20.246901897888268,26.02353881788151
IMG_00256.png,19.439999999999998,20.0,18.0,61.34282880144167,66.18201368107844,48.89921053951852,20.351696267642346,19.328297246725477,22.983293750000005
IMG_00257.png,22.895190975257947,24.79887635452493,18.0,59.4580577848821,64.92690064485248,45.39531900210112,19.829326925070998,18.8864367816092,22.25390157968705
IMG_00258.png,28.421590770919536,32.47443162627713,18.0,57.14343811697168,65.44223685899033,35.80366992320944,21.082692408683492,20.572387194832334,22.394905815729334
IMG_00259.png,19.902417449190285,20.642246457208728,18.0,58.67423970149301,66.37045090470039,38.883982321816866,18.79793623275862,18.45977011494253,19.667506249999995
IMG_00260.png,18.356927962172982,18.49573328079581,18.0,64.91460679734271,71.50330071007537,47.97225102174446,20.257872486550834,19.1771344560278,23.03691313646721
IMG_00261.png,16.783151381294555,16.309932474020215,18.0,67.44184229313565,77.32106415329608,42.03812893843741,20.330448046083617,19.633103448275865,22.123619869017833
IMG_00262.png,21.416163570040993,22.744671625056935,18.0,60.80728161590054,66.85256037400747,45.26227909505417,20.107660673186462,19.072483293237102,22.769545364484813
IMG_00263.png,19.439999999999998,20.0,18.0,56.333870488950204,59.117718195442336,49.17540495797044,17.40737698275862,16.8864367816092,18.74693749999999
IMG_00264.png,19.439999999999998,20.0,18.0,56.29108075129387,61.31379662681488,43.37552564281127,18.65748451144674,17.673103448275864,21.18875010245756
IMG_00265.png,22.895190975257947,24.79887635452493,18.0,59.067457486123544,63.69105596991422,47.17820424209038,19.218774383921414,18.467832130446407,21.14976875
IMG_00266.png,19.439999999999998,20.0,18.0,55.32687781385259,61.47065937191292,39.528582378840305,18.118373374783648,17.7264367816092,19.126210328660807
IMG_00267.png,21.416163570040993,22.744671625056935,18.0,59.130002914302004,67.90715936715435,36.560172035538834,19.847918448000996,19.39389946817636,21.01539582469291
IMG_00268.png,15.184999382992075,14.090276920822324,18.0,74.43107992770129,88.82740330471903,37.41196267251284,20.78335896654771,20.528227826385315,21.439410469822445
IMG_00269.png,18.356927962172982,18.49573328079581,18.0,68.46698250433059,78.48483952294902,42.706778742168915,21.369356384284774,20.806436781609197,22.81686393402197
IMG_00270.png,22.895190975257947,24.79887635452493,18.0,62.56856115114688,68.3941315384293,47.58852301242064,20.74500587810746,20.06085538626036,22.50425
IMG_00271.png,18.356927962172982,18.49573328079581,18.0,62.882997516583586,70.1580141846144,44.17581179879007,19.76025920527966,18.86318096765571,22.06703181631268
IMG_00272.png,15.184999382992075,14.090276920822324,18.0,71.18122357298716,78.2884984524242,52.90537388300623,19.71384550246272,18.86318096765571,21.90126859196647
IMG_00273.png,21.416163570040993,22.744671625056935,18.0,58.666568345119686,63.80037322321522,45.46535580144547,18.809624757176323,18.14225073509757,20.525729385378835
IMG_00274.png,18.356927962172982,18.49573328079581,18.0,62.59376778556522,72.43213590648261,37.29510690320622,19.803043300611996,19.39389946817636,20.855127441160768
IMG_00275.png,19.439999999999998,20.0,18.0,50.99014908934602,59.76477701897174,28.4268201274513,17.92561187471935,17.146436781609196,19.92920497128832
IMG_00276.png,18.356927962172982,18.49573328079581,18.0,65.11732213281579,72.99806351614309,44.85255857568841,20.794484555838665,19.52597166533013,24.056374845717748
IMG_00277.png,15.184999382992075,14.090276920822324,18.0,72.6241455348531,82.41002972257327,47.460443337858386,20.705468592288536,19.514343758353384,23.768361022407504
IMG_00278.png,22.895190975257947,24.79887635452493,18.0,58.28540508206322,65.7535434163112,39.081620793997,19.74198148654755,19.166436781609196,21.221953584960463
IMG_00279.png,15.184999382992075,14.090276920822324,18.0,67.17078162042239,72.9564321450405,52.29339455711869,19.004985125040676,18.020765139818153,21.535836515612885
IMG_00280.png,16.783151381294555,16.309932474020215,18.0,65.28855245114075,69.60708478168766,54.1837550297344,19.0717520193249,18.12026762738034,21.51842617003949
IMG_00281.png,16.783151381294555,16.309932474020215,18.0,55.53425038249554,63.3157572226279,35.524661365012356,17.576983482758624,16.8864367816092,19.352675
IMG_00282.png,18.356927962172982,18.49573328079581,18.0,63.690791350591276,70.70609388017257,45.651441988810795,19.965604257962553,18.991087944399897,22.47150334998081
IMG_00283.png,19.439999999999998,20.0,18.0,53.37683371867413,60.18532135610958,35.86929407955439,18.571454773084337,17.28942185623606,21.868110844979903
IMG_00284.png,19.902417449190285,20.642246457208728,18.0,59.66229758454916,68.39570700595925,37.20495907235179,19.242878603720662,19.005839766683824,19.852407041815383
IMG_00285.png,16.783151381294555,16.309932474020215,18.0,67.21221467078433,74.99606936422998,47.19658831620984,20.215149558340016,19.1771344560278,22.88433125
IMG_00286.png,18.356927962172982,18.49573328079581,18.0,67.14955248555023,72.89841266240524,52.36676917363735,20.69483407873401,19.50271585137664,23.760280949081537
IMG_00287.png,13.566796857094278,11.84277341263094,18.0,71.66114287223036,81.9080678236918,45.31190728275812,18.832716456719,18.31666933974873,20.159694757499697
IMG_00288.png,24.33701483017331,26.801409486351815,18.0,57.42504468480468,67.00343240888006,32.79490482289656,20.40057733399829,20.043461574997625,21.318874999999995
IMG_00289.png,22.895190975257947,24.79887635452493,18.0,57.71742061428678,64.49389728837411,40.29219488091935,19.202484812790544,18.73977011494253,20.392322607256865
IMG_00290.png,22.895190975257947,24.79887635452493,18.0,56.687968334553176,63.58852663391934,38.943675564754486,18.78216932323474,18.433103448275865,19.6797672874147
IMG_00291.png,16.783151381294555,16.309932474020215,18.0,64.28612960419174,73.71775703035718,40.03337336548065,19.495765072419506,18.9264367816092,20.959752105931717
IMG_00292.png,25.73963603486407,28.749494492866763,18.0,54.797331698000534,62.27146465429083,35.57813266753976,18.744777265346755,18.5730039457883,19.186480087068492
IMG_00293.png,16.783151381294555,16.309932474020215,18.0,67.66301966192783,81.52052110586826,32.02944452036676,20.27748605540136,20.456684715493495,19.816689500878734
IMG_00294.png,19.439999999999998,20.0,18.0,54.09857817509386,60.50712023725079,37.61947001526177,18.366020648670805,17.398833475824073,20.853073378848123
IMG_00295.png,22.895190975257947,24.79887635452493,18.0,61.995884451691566,66.81499667600818,49.60388158916315,20.823582453717798,19.52597166533013,24.160295909571794
IMG_00296.png,19.439999999999998,20.0,18.0,51.95308795061932,59.437601520673255,32.70719591333776,17.75352194938624,17.03519711218771,19.60064295932531
IMG_00297.png,13.566796857094278,11.84277341263094,18.0,74.59474247912162,90.85207082208537,32.790183882929156,19.472666276147052,19.38230455020424,19.705024999999996
IMG_00298.png,18.356927962172982,18.49573328079581,18.0,54.94943270516905,62.962563696122,34.34423872843292,18.16421085879168,17.18395744276622,20.6848625
IMG_00299.png,19.439999999999998,20.0,18.0,55.84466998455155,60.9608554503443,42.688764501084485,18.59706347519192,17.553103448275863,21.28153211583321
IMG_00300.png,15.184999382992075,14.090276920822324,18.0,65.54036131881061,75.48193192084648,39.97632262786124,18.71907413932989,18.41977011494253,19.488713059183095
IMG_00301.png,22.895190975257947,24.79887635452493,18.0,55.79773086276026,65.21969029235852,31.56983518665045,19.05160134717401,18.985610335328204,19.221292520491797
IMG_00302.png,19.439999999999998,20.0,18.0,53.699433687634624,59.117718195442336,39.766702096129066,18.28629273515483,16.8864367816092,21.88592232998646
IMG_00303.png,18.356927962172982,18.49573328079581,18.0,62.746312871358334,70.60046397521046,42.549924318595714,17.44717318942959,18.966436781609197,13.540495380967752
IMG_00304.png,18.356927962172982,18.49573328079581,18.0,66.29274730995724,78.54433355331284,34.78866839847137,18.391324921258523,20.820321079129855,12.145334801017954
IMG_00305.png,19.439999999999998,20.0,18.0,56.18455993313529,59.64986593826039,47.27377306281362,16.44309418879454,17.107367014167338,14.73496406640734
IMG_00306.png,21.416163570040993,22.744671625056935,18.0,60.4909063902911,65.82244721061508,46.78122999517229,19.589836363344475,18.75852980486501,21.72748179943452
IMG_00307.png,18.356927962172982,18.49573328079581,18.0,65.85012873733278,73.05830994732446,47.3148056259256,17.491126836644245,19.540031552851023,12.222514709255387
IMG_00308.png,19.902417449190285,20.642246457208728,18.0,60.649554678817545,68.74407467352273,39.83507469243277,19.845092176985773,19.09977011494253,21.76163462223983
IMG_00309.png,19.902417449190285,20.642246457208728,18.0,63.12857972455839,67.21479965828645,52.62115703782912,19.086587005802823,18.68743180648482,20.112986089763396
