filename,img_h,img_w,pa_deg,fl_px,mt_px
image_0000.tif,800,1200,2.4701293253592382,534.7692878451096,795.0000000000001
image_0001.tif,800,1200,8.070116789727793,593.4300403164922,795.0000000000001
image_0002.tif,800,1200,10.068489775545771,625.9746610978029,795.0000000000001
image_0003.tif,800,1200,8.637274546094972,721.658797581242,795.0000000000001
image_0004.tif,800,1200,9.278655378238938,618.9289683227473,795.0000000000001
image_0005.tif,800,1200,10.592655155276868,629.070696410223,795.0000000000001
image_0006.tif,800,1200,0.9159475482294965,568.0393213306309,795.0000000000001
image_0007.tif,800,1200,2.7018126069404786,609.8674008379533,795.0000000000001
image_0008.tif,800,1200,3.4012784167202312,590.2169676708332,795.0000000000001
image_0009.tif,800,1200,4.854472032811316,570.9362983165806,795.0000000000001
image_0010.tif,800,1200,4.179498133209337,535.3914900251659,795.0000000000001
image_0011.tif,800,1200,0.14879379949419952,535.0319561568499,795.0000000000001
image_0012.tif,800,1200,4.5559876939144095,566.0306614687207,795.0000000000001
image_0013.tif,800,1200,7.047390768036593,509.4159009631686,795.0000000000001
image_0014.tif,800,1200,11.727427667748591,619.622605864471,795.0000000000001
image_0015.tif,800,1200,13.317891946625632,692.4486428799863,795.0000000000001
image_0016.tif,800,1200,10.794373530824956,693.7289054400611,795.0000000000001
image_0017.tif,800,1200,8.20799460756453,678.3469439558443,795.0000000000001
image_0018.tif,800,1200,8.957352742708169,674.5912302472059,795.0000000000001
image_0019.tif,800,1200,9.767770323045138,651.3228799756134,795.0000000000001
image_0020.tif,800,1200,13.055748369588482,657.9057539721941,795.0000000000001
image_0021.tif,800,1200,16.07176582806448,652.9274020102937,795.0000000000001
image_0022.tif,800,1200,13.74605119143402,695.9707335947867,795.0000000000001
image_0023.tif,800,1200,12.723026560300038,712.1672054827591,795.0000000000001
image_0024.tif,800,1200,7.515405145110549,662.1309074798899,795.0000000000001
image_0025.tif,800,1200,10.584062241650898,671.785301627976,795.0000000000001
image_0026.tif,800,1200,11.255148301483189,645.984501612656,795.0000000000001
image_0027.tif,800,1200,2.5892236944873446,685.3900018791786,795.0000000000001
image_0028.tif,800,1200,2.79751953300962,714.8050621733453,795.0000000000001
image_0029.tif,800,1200,5.019425896240256,703.0300737955217,795.0000000000001
image_0030.tif,800,1200,9.909073271566848,652.9902255805055,795.0000000000001
image_0031.tif,800,1200,8.044201691469546,690.1015186833041,795.0000000000001
image_0032.tif,800,1200,11.743661085356237,673.7460758633769,795.0000000000001
image_0033.tif,800,1200,8.20970374776556,708.1351463350787,795.0000000000001
image_0034.tif,800,1200,10.817057111251172,723.5025997927821,795.0000000000001
image_0035.tif,800,1200,6.255215543045168,703.9087718269753,795.0000000000001
image_0036.tif,800,1200,10.414863795962804,674.7255677222304,795.0000000000001
image_0037.tif,800,1200,2.5568973069133563,690.8664012225389,795.0000000000001
image_0038.tif,800,1200,7.3094436275953285,713.2658979090003,795.0000000000001
image_0039.tif,800,1200,2.360678735967527,684.6763954694778,795.0000000000001
image_0040.tif,800,1200,8.43300359721503,693.4696843055744,795.0000000000001
image_0041.tif,800,1200,8.635846391579861,673.9793737158035,795.0000000000001
image_0042.tif,800,1200,11.586809190811119,602.2761057540497,795.0000000000001
image_0043.tif,800,1200,3.955287223699827,627.7623750901472,795.0000000000001
image_0044.tif,800,1200,1.6128704964528993,702.4545094351538,795.0000000000001
image_0045.tif,800,1200,1.6414084784466365,656.5842433439188,795.0000000000001
image_0046.tif,800,1200,4.390955914123018,608.825578518208,795.0000000000001
image_0047.tif,800,1200,3.886428876428653,566.4010369082196,795.0000000000001
image_0048.tif,800,1200,11.934695584126615,631.7384453323853,795.0000000000001
image_0049.tif,800,1200,4.086812576576335,610.1610861303496,795.0000000000001
image_0050.tif,800,1200,5.5826534121851985,717.0640794493963,795.0000000000001
image_0051.tif,800,1200,3.572541089432434,624.4592007270546,795.0000000000001
image_0052.tif,800,1200,5.962894946023255,718.0012795462673,795.0000000000001
image_0053.tif,800,1200,5.047525320986125,715.406718700234,795.0000000000001
image_0054.tif,800,1200,5.253686868368959,715.1895109117406,795.0000000000001
image_0055.tif,800,1200,0.39350644703063153,706.1687834272502,795.0000000000001
image_0056.tif,800,1200,3.901132446591191,712.1191594934678,795.0000000000001
image_0057.tif,800,1200,3.6167090999603033,692.3249975247475,795.0000000000001
image_0058.tif,800,1200,11.008425303701415,733.0792175491681,795.0000000000001
image_0059.tif,800,1200,3.542631717741001,716.3001566127557,795.0000000000001
image_0060.tif,800,1200,6.571251364454469,639.4427837102869,795.0000000000001
image_0061.tif,800,1200,1.1246847624975373,641.5058429355636,795.0000000000001
image_0062.tif,800,1200,7.495635234970308,653.4988675775264,795.0000000000001
image_0063.tif,800,1200,7.330888162224987,653.7752891655937,795.0000000000001
image_0064.tif,800,1200,8.907904058246563,660.4536703975093,795.0000000000001
image_0065.tif,800,1200,10.255740300765751,624.1882516314578,795.0000000000001
image_0066.tif,800,1200,3.773950330625496,673.8785423194141,795.0000000000001
image_0067.tif,800,1200,6.533397077677726,656.6796342487057,795.0000000000001
image_0068.tif,800,1200,8.31650441170906,686.2482438426474,795.0000000000001
image_0069.tif,800,1200,7.920753599629194,722.1140013803965,795.0000000000001
image_0070.tif,800,1200,6.6237745098379435,726.9273083330609,795.0000000000001
image_0071.tif,800,1200,12.815182532140824,676.6047326718112,795.0000000000001
image_0072.tif,800,1200,9.392004271703172,712.0453357039767,795.0000000000001
image_0073.tif,800,1200,9.290685545267536,729.6366821595187,795.0000000000001
image_0074.tif,800,1200,1.2179014146432792,624.9005177274378,795.0000000000001
image_0075.tif,800,1200,4.770714361191576,708.2976396109016,795.0000000000001
image_0076.tif,800,1200,5.933653736557915,629.2872995028149,795.0000000000001
image_0077.tif,800,1200,2.293263647569148,626.3012445773244,795.0000000000001
image_0078.tif,800,1200,5.134871489704846,631.8571942329929,795.0000000000001
image_0079.tif,800,1200,4.809527810208266,656.7567646442992,795.0000000000001
image_0080.tif,800,1200,1.5529856266535091,682.2164558732013,795.0000000000001
image_0081.tif,800,1200,5.433428196949961,695.895221961619,795.0000000000001
image_0082.tif,800,1200,1.9817331927475317,647.4083911591077,795.0000000000001
image_0083.tif,800,1200,4.346553302045237,706.3992889560254,795.0000000000001
image_0084.tif,800,1200,3.542926919280035,687.6270852955396,795.0000000000001
image_0085.tif,800,1200,6.33830989332635,651.103051436149,795.0000000000001
image_0087.tif,800,1200,2.452584317398106,678.8600534343244,795.0000000000001
image_0088.tif,800,1200,5.943611703711952,678.4591184653443,795.0000000000001
image_0089.tif,800,1200,6.48967457513811,710.7492042472115,795.0000000000001
image_0090.tif,800,1200,7.0106465260845425,716.9547351509385,795.0000000000001
image_0091.tif,800,1200,8.214016701198624,725.7703516860315,795.0000000000001
image_0092.tif,800,1200,10.835979371235014,713.3586717203577,795.0000000000001
image_0093.tif,800,1200,8.040769461250706,701.0911805213366,795.0000000000001
image_0094.tif,800,1200,7.451251222819224,700.4892428596974,795.0000000000001
image_0095.tif,800,1200,9.028827909629541,697.6227784341152,795.0000000000001
image_0096.tif,800,1200,8.864479192595809,718.5425707121319,795.0000000000001
image_0097.tif,800,1200,11.40048274546342,692.5741616947383,795.0000000000001
image_0098.tif,800,1200,6.405963078367307,707.4456938995127,795.0000000000001
image_0099.tif,800,1200,7.845482342760969,691.1153191115786,795.0000000000001
image_0100.tif,800,1200,6.852886046697989,698.348916965449,795.0000000000001
image_0101.tif,800,1200,2.5975503646631353,708.4074692439586,795.0000000000001
image_0102.tif,800,1200,6.837328893741329,706.1815804845121,795.0000000000001
image_0103.tif,800,1200,7.1071871212240785,706.9991108375056,795.0000000000001
image_0104.tif,800,1200,8.192329506128305,720.2663757847527,795.0000000000001
image_0105.tif,800,1200,8.711697466314133,692.3790463891444,795.0000000000001
image_0106.tif,800,1200,7.767934742761019,686.3268357093646,795.0000000000001
image_0107.tif,800,1200,8.39269327549011,713.7972921567851,795.0000000000001
image_0108.tif,800,1200,6.684295888003334,702.7838543542994,795.0000000000001
image_0109.tif,800,1200,9.556293669844337,690.5782027385026,795.0000000000001
image_0110.tif,800,1200,4.577835249084387,714.4766337082765,795.0000000000001
image_0111.tif,800,1200,2.171406038001976,661.7236554085275,795.0000000000001
image_0112.tif,800,1200,6.061577494596918,673.0648301594568,795.0000000000001
image_0113.tif,800,1200,6.578679381039677,665.2372023550338,795.0000000000001
image_0114.tif,800,1200,6.973141915792581,619.3775582929323,795.0000000000001
image_0115.tif,800,1200,8.768926194193,665.9902062638569,795.0000000000001
image_0116.tif,800,1200,5.939095410410943,615.3642110112708,795.0000000000001
image_0117.tif,800,1200,8.56081604177521,701.5470731545195,795.0000000000001
image_0118.tif,800,1200,6.023296369704553,696.7889407052221,795.0000000000001
image_0119.tif,800,1200,4.348635833208789,700.8850013132512,795.0000000000001
image_0120.tif,800,1200,8.797370753528652,696.870594289953,795.0000000000001
image_0121.tif,800,1200,4.420260540766208,726.4182560742918,795.0000000000001
image_0122.tif,800,1200,2.6787465500905228,693.6510292348719,795.0000000000001
image_0123.tif,800,1200,8.685369968894378,726.6500982643884,795.0000000000001
image_0124.tif,800,1200,9.703363728678653,727.934223718057,795.0000000000001
image_0125.tif,800,1200,5.761915919977694,706.3650861623053,795.0000000000001
image_0126.tif,800,1200,4.630072469504142,708.1007308737346,795.0000000000001
image_0127.tif,800,1200,6.757947745005765,709.5359882382664,795.0000000000001
image_0128.tif,800,1200,4.231220373326096,725.6678688109057,795.0000000000001
image_0129.tif,800,1200,4.542953525007221,716.8895168125146,795.0000000000001
image_0130.tif,800,1200,9.7641324703149,727.0968823840636,795.0000000000001
image_0131.tif,800,1200,6.157013297358704,549.755538824051,795.0000000000001
image_0132.tif,800,1200,7.156824677029533,712.6245431334539,795.0000000000001
image_0133.tif,800,1200,4.373115605701843,705.1767942846063,795.0000000000001
image_0134.tif,800,1200,4.417088725707941,697.5006136230775,795.0000000000001
image_0135.tif,800,1200,8.39886258676006,682.3001740756914,795.0000000000001
image_0136.tif,800,1200,3.955769974065703,715.918067779959,795.0000000000001
image_0137.tif,800,1200,11.382477551953741,725.1438201105017,795.0000000000001
image_0138.tif,800,1200,6.210793199957578,713.0871632942963,795.0000000000001
image_0139.tif,800,1200,9.52432210119132,691.4620915671571,795.0000000000001
image_0140.tif,800,1200,6.085802853589428,702.9023278527302,795.0000000000001
image_0141.tif,800,1200,9.834223197256689,725.1346571611305,795.0000000000001
image_0142.tif,800,1200,6.791055553772253,700.0567783566426,795.0000000000001
image_0143.tif,800,1200,8.50527627113891,726.76238689525,795.0000000000001
image_0144.tif,800,1200,10.789682034936606,615.9232892841098,795.0000000000001
image_0145.tif,800,1200,9.039960601957032,686.4581954774012,795.0000000000001
image_0146.tif,800,1200,8.558913701148208,704.3949260449041,795.0000000000001
image_0147.tif,800,1200,14.119221392920164,706.0081703573426,795.0000000000001
image_0148.tif,800,1200,14.335012213578306,706.4840234903592,795.0000000000001
image_0149.tif,800,1200,10.472541153620957,650.0600917227343,795.0000000000001
image_0150.tif,800,1200,6.96740971520145,712.4316663316978,795.0000000000001
image_0151.tif,800,1200,6.919623279139756,617.6961037905437,795.0000000000001
image_0152.tif,800,1200,4.644230466096133,692.7043500794041,795.0000000000001
image_0153.tif,800,1200,9.439599411572427,702.1345234533845,795.0000000000001
image_0154.tif,800,1200,10.024834528194479,724.3856430059277,795.0000000000001
image_0155.tif,800,1200,8.302242614685326,718.1795108250263,795.0000000000001
image_0156.tif,800,1200,8.36325196394344,701.1647318984042,795.0000000000001
image_0157.tif,800,1200,9.797304911126787,710.7288514702727,795.0000000000001
image_0158.tif,800,1200,8.784105299444548,697.1321392159439,795.0000000000001
image_0159.tif,800,1200,5.697289376215991,700.1896074872966,795.0000000000001
image_0160.tif,800,1200,9.250022897415079,685.881195442059,795.0000000000001
image_0161.tif,800,1200,10.472940139533915,662.9924639357004,795.0000000000001
image_0162.tif,800,1200,8.615718935156508,726.5262142795893,795.0000000000001
image_0163.tif,800,1200,10.814979469886488,697.8885987663193,795.0000000000001
image_0164.tif,800,1200,9.309981619714534,691.4912578872647,795.0000000000001
image_0165.tif,800,1200,7.268306221209201,679.1454344249587,795.0000000000001
image_0166.tif,800,1200,7.015472372762304,683.2748012043851,795.0000000000001
image_0167.tif,800,1200,8.72503438631793,664.2677358379387,795.0000000000001
image_0168.tif,800,1200,6.784413383413863,695.48723713605,795.0000000000001
image_0169.tif,800,1200,7.981001774356523,668.0555626258927,795.0000000000001
image_0170.tif,800,1200,8.244876724225037,695.8012511543761,795.0000000000001
image_0171.tif,800,1200,10.145487569478888,662.1969623449326,795.0000000000001
image_0172.tif,800,1200,6.968859097951167,691.1456802990099,795.0000000000001
image_0173.tif,800,1200,10.460515990053295,676.3395448365559,795.0000000000001
image_0174.tif,800,1200,8.213179394771515,684.1785775127648,795.0000000000001
image_0175.tif,800,1200,9.485291189993346,631.8027881729356,795.0000000000001
image_0176.tif,800,1200,4.628170287841186,685.0732233344024,795.0000000000001
image_0177.tif,800,1200,1.7675456020048728,707.8173510698625,795.0000000000001
image_0178.tif,800,1200,6.961630652454431,693.9678561421317,795.0000000000001
image_0179.tif,800,1200,5.928826586115089,700.9190579939288,795.0000000000001
image_0180.tif,800,1200,6.479793732958865,709.66447141155,795.0000000000001
image_0181.tif,800,1200,11.024588809663319,718.9035986263248,795.0000000000001
image_0182.tif,800,1200,15.224775343047067,690.7981107069841,795.0000000000001
image_0183.tif,800,1200,11.810990487054907,730.6012370105476,795.0000000000001
image_0184.tif,800,1200,4.444594213447003,702.3791859649001,795.0000000000001
image_0185.tif,800,1200,6.820051628742448,687.4267422924604,795.0000000000001
image_0186.tif,800,1200,2.0069455326477907,700.7639106953018,795.0000000000001
image_0187.tif,800,1200,4.9843026311428105,719.137092480757,795.0000000000001
image_0188.tif,800,1200,6.352787855974686,662.7856287100315,795.0000000000001
image_0189.tif,800,1200,12.549359612040604,595.2655417210171,795.0000000000001
image_0190.tif,800,1200,5.901488246429778,600.7941534557253,795.0000000000001
image_0191.tif,800,1200,8.637011607981679,625.6086136539623,795.0000000000001
image_0192.tif,800,1200,10.636286072310442,719.0225079467878,795.0000000000001
image_0193.tif,800,1200,10.083593362548667,703.5898665194595,795.0000000000001
image_0194.tif,800,1200,10.843143796463814,671.3551505351111,795.0000000000001
image_0195.tif,800,1200,1.7473068967265988,617.0009053358272,795.0000000000001
image_0196.tif,800,1200,6.293025775471733,673.2994227327622,795.0000000000001
image_0197.tif,800,1200,9.56188138966391,580.7459009617362,795.0000000000001
image_0198.tif,800,1200,10.081584685294985,714.9010744324345,795.0000000000001
image_0199.tif,800,1200,9.956348686687392,650.1398054014496,795.0000000000001
image_0200.tif,800,1200,10.42549939743494,732.9355687312504,795.0000000000001
image_0201.tif,800,1200,0.32118882765983864,683.9444064848678,795.0000000000001
image_0202.tif,800,1200,3.2211952427002877,720.8811740051949,795.0000000000001
image_0203.tif,800,1200,2.4842091763831724,718.0534875615017,795.0000000000001
image_0204.tif,800,1200,3.4314152724366522,722.1787334009122,795.0000000000001
image_0205.tif,800,1200,0.05839073083177482,715.0230682430304,795.0000000000001
image_0206.tif,800,1200,1.3043031860549765,714.2283390421583,795.0000000000001
image_0207.tif,800,1200,2.700908604494551,715.2993773307835,795.0000000000001
image_0208.tif,800,1200,1.6266862368103148,715.8594337569712,795.0000000000001
image_0209.tif,800,1200,2.244146534855304,717.2304021860275,795.0000000000001
image_0210.tif,800,1200,0.8474904473663116,623.7542477414752,795.0000000000001
image_0211.tif,800,1200,4.32229512180831,697.3076687612981,795.0000000000001
image_0212.tif,800,1200,2.2233263826308303,695.1739686899087,795.0000000000001
image_0213.tif,800,1200,3.5838574663816303,706.8801925733507,795.0000000000001
image_0214.tif,800,1200,4.860344916381621,642.3214603175456,795.0000000000001
image_0215.tif,800,1200,8.081365081847594,684.7626809461981,795.0000000000001
image_0216.tif,800,1200,2.3738304642074866,622.330959060519,795.0000000000001
image_0217.tif,800,1200,3.602946261989217,686.4963169534203,795.0000000000001
image_0218.tif,800,1200,4.465277566420568,691.4524538346482,795.0000000000001
image_0219.tif,800,1200,8.721695152412934,635.6152380017691,795.0000000000001
image_0220.tif,800,1200,5.160216563903589,669.1337399739487,795.0000000000001
image_0221.tif,800,1200,1.844662429574612,668.3314066307516,795.0000000000001
image_0222.tif,800,1200,3.601911177830914,608.5238452918318,795.0000000000001
image_0223.tif,800,1200,6.542396804349323,715.334840340643,795.0000000000001
image_0224.tif,800,1200,7.931196661510825,711.8278201407543,795.0000000000001
image_0225.tif,800,1200,3.6688736449497226,668.6542273654131,795.0000000000001
image_0226.tif,800,1200,0.4070826862999297,662.9761610518294,795.0000000000001
image_0227.tif,800,1200,9.888949688633176,710.3895879768708,795.0000000000001
image_0228.tif,800,1200,5.278670126166389,676.9321314866932,795.0000000000001
image_0229.tif,800,1200,4.49994779033176,717.4293346220675,795.0000000000001
image_0230.tif,800,1200,7.76836078732552,668.0004566341316,795.0000000000001
image_0232.tif,800,1200,3.2677618430738846,649.6581615729556,795.0000000000001
image_0233.tif,800,1200,8.171443484577736,645.0253929998432,795.0000000000001
image_0234.tif,800,1200,3.498645662146087,667.6921204083638,795.0000000000001
image_0235.tif,800,1200,1.0817738170509017,672.8611707224152,795.0000000000001
image_0236.tif,800,1200,7.402268513264687,671.6228409835683,795.0000000000001
image_0237.tif,800,1200,3.671861526353325,678.8285011483049,795.0000000000001
image_0238.tif,800,1200,7.67151140434936,682.9796670170083,795.0000000000001
image_0239.tif,800,1200,6.216126301200774,657.1145382044444,795.0000000000001
image_0240.tif,800,1200,10.457956221759133,663.8722729180697,795.0000000000001
image_0241.tif,800,1200,11.032921091417705,670.3283360445882,795.0000000000001
image_0242.tif,800,1200,10.410710620596422,664.8560489704639,795.0000000000001
image_0243.tif,800,1200,9.966873896388165,705.7337889786049,795.0000000000001
image_0244.tif,800,1200,13.05303374056166,620.6795944248092,795.0000000000001
image_0245.tif,800,1200,11.519164459472648,658.0940407875455,795.0000000000001
image_0246.tif,800,1200,13.001281726799078,667.8294869343208,795.0000000000001
image_0247.tif,800,1200,7.125098415083414,690.5014271505233,795.0000000000001
image_0248.tif,800,1200,10.392377730118097,696.6722154377622,795.0000000000001
image_0249.tif,800,1200,9.11804896511731,720.6300092130723,795.0000000000001
image_0250.tif,800,1200,5.3326008958487705,710.2456241288291,795.0000000000001
image_0251.tif,800,1200,4.469443457399102,711.5492361916731,795.0000000000001
image_0252.tif,800,1200,3.6566542495245073,715.540297752081,795.0000000000001
image_0253.tif,800,1200,1.6592494038662267,709.7602125255094,795.0000000000001
image_0254.tif,800,1200,4.267588564778237,670.8809512197007,795.0000000000001
image_0255.tif,800,1200,3.3831319261143165,699.4341636212025,795.0000000000001
image_0256.tif,800,1200,10.008850431284479,698.9061835983614,795.0000000000001
image_0257.tif,800,1200,10.602007238807229,697.1764939525784,795.0000000000001
image_0258.tif,800,1200,4.601861738852563,679.7674169812746,795.0000000000001
image_0259.tif,800,1200,6.801697164608766,697.7887085760137,795.0000000000001
image_0260.tif,800,1200,2.9173075170868947,688.6410575556633,795.0000000000001
image_0261.tif,800,1200,1.3558021676685428,713.8060659274139,795.0000000000001
image_0262.tif,800,1200,11.738857754775552,716.8819061501981,795.0000000000001
image_0263.tif,800,1200,3.5191607865520496,664.2850770746584,795.0000000000001
image_0264.tif,800,1200,2.45895722619611,666.888385086751,795.0000000000001
image_0265.tif,800,1200,4.446226700304183,608.672620427112,795.0000000000001
image_0266.tif,800,1200,7.809136503123243,686.2959681762866,795.0000000000001
image_0267.tif,800,1200,9.51185070156072,700.6268674388106,795.0000000000001
image_0268.tif,800,1200,5.89757639878774,703.1792959164864,795.0000000000001
image_0269.tif,800,1200,2.933836374617698,654.2188949596311,795.0000000000001
image_0270.tif,800,1200,0.94559077037988,644.8063302486792,795.0000000000001
image_0271.tif,800,1200,0.2397574309254651,638.8521308906663,795.0000000000001
image_0272.tif,800,1200,3.030757135624227,669.6214247537832,795.0000000000001
image_0273.tif,800,1200,7.286418473392672,705.2866596004035,795.0000000000001
image_0274.tif,800,1200,0.9003198663736782,643.5433852518063,795.0000000000001
image_0275.tif,800,1200,3.2010077983623546,705.040949772573,795.0000000000001
image_0276.tif,800,1200,4.814321754854063,710.1500481103492,795.0000000000001
image_0277.tif,800,1200,3.365960944392024,701.6690751025229,795.0000000000001
image_0278.tif,800,1200,3.958884835390926,713.9050729942909,795.0000000000001
image_0279.tif,800,1200,2.3542342213079905,717.9569666290829,795.0000000000001
image_0280.tif,800,1200,3.1964897978495515,723.1280804250047,795.0000000000001
image_0281.tif,800,1200,6.363355200145348,724.7742345122349,795.0000000000001
image_0282.tif,800,1200,3.1305817908303766,721.0480060087107,795.0000000000001
image_0283.tif,800,1200,2.8533522279704355,702.7036418249832,795.0000000000001
image_0284.tif,800,1200,4.391376934087305,712.1269372703321,795.0000000000001
image_0285.tif,800,1200,7.46427738986614,682.6927096032255,795.0000000000001
image_0286.tif,800,1200,4.688563811816144,679.9687484430094,795.0000000000001
image_0287.tif,800,1200,4.2060563153333135,688.5235299477404,795.0000000000001
image_0288.tif,800,1200,4.263284428902978,679.0540229135784,795.0000000000001
image_0289.tif,800,1200,3.339410614637103,688.8464216642112,795.0000000000001
image_0290.tif,800,1200,0.9002156057508728,702.3431861994691,795.0000000000001
image_0291.tif,800,1200,3.110964996864226,687.8762826933789,795.0000000000001
image_0292.tif,800,1200,4.977132172727266,627.645372865542,795.0000000000001
image_0293.tif,800,1200,2.6018896218643874,701.7738350091981,795.0000000000001
image_0294.tif,800,1200,5.112725163608701,688.7854098325465,795.0000000000001
image_0295.tif,800,1200,4.93745312423647,702.256320819916,795.0000000000001
image_0296.tif,800,1200,7.700741676344393,702.7520825315403,795.0000000000001
image_0297.tif,800,1200,7.862299770010452,706.5895280169104,795.0000000000001
image_0298.tif,800,1200,6.844429770580588,709.3546400611773,795.0000000000001
image_0299.tif,800,1200,2.995659369454621,680.2500136782346,795.0000000000001
image_0300.tif,800,1200,2.5375426968761303,698.4802567330557,795.0000000000001
image_0301.tif,800,1200,3.1282897144237154,717.7442734591007,795.0000000000001
image_0302.tif,800,1200,3.6708559505323706,671.8112895263016,795.0000000000001
image_0303.tif,800,1200,5.186913156567925,715.2203690800208,795.0000000000001
image_0304.tif,800,1200,1.1424043188614235,692.9132704937044,795.0000000000001
image_0305.tif,800,1200,3.98567930713034,700.1718982923774,795.0000000000001
image_0306.tif,800,1200,3.020936251654831,686.0588362910055,795.0000000000001
image_0307.tif,800,1200,0.6246637498582004,682.5512520712554,795.0000000000001
image_0308.tif,800,1200,1.0282618148557106,640.9813903417567,795.0000000000001
image_0309.tif,800,1200,2.903631187437412,679.148367698134,795.0000000000001
image_0310.tif,800,1200,2.198635593520379,628.8384628885932,795.0000000000001
image_0311.tif,800,1200,3.76090506824022,659.7076941966045,795.0000000000001
image_0312.tif,800,1200,7.861697236094358,709.2544153960815,795.0000000000001
image_0313.tif,800,1200,6.62615087156227,705.4285060161646,795.0000000000001
image_0314.tif,800,1200,7.542391973140606,663.0805632377278,795.0000000000001
image_0315.tif,800,1200,6.881918417466864,671.9855265376569,795.0000000000001
image_0316.tif,800,1200,11.380319190637834,659.6647944734328,795.0000000000001
image_0317.tif,800,1200,6.90540073085873,707.2233751215588,795.0000000000001
image_0318.tif,800,1200,7.69331548133831,656.3853627386087,795.0000000000001
image_0319.tif,800,1200,3.887633175494983,688.3543651243581,795.0000000000001
image_0320.tif,800,1200,3.520285943635571,657.3567708744966,795.0000000000001
image_0321.tif,800,1200,7.242208416905498,679.359604619083,795.0000000000001
image_0322.tif,800,1200,12.322497221542392,708.4870463947796,795.0000000000001
image_0323.tif,800,1200,10.135370140616374,717.7270789241604,795.0000000000001
image_0324.tif,800,1200,0.5836477656777674,678.1278059079607,795.0000000000001
image_0325.tif,800,1200,3.296656320571742,723.461756735931,795.0000000000001
image_0326.tif,800,1200,1.5564384741712445,714.5839332086232,795.0000000000001
image_0327.tif,800,1200,1.774463581425266,715.9008115566156,795.0000000000001
image_0328.tif,800,1200,3.3279233033315165,700.1081172862732,795.0000000000001
image_0329.tif,800,1200,1.660773552274975,696.7651794041532,795.0000000000001
image_0330.tif,800,1200,1.5384564377326058,692.9381296590041,795.0000000000001
image_0331.tif,800,1200,8.020263603421554,714.238694232821,795.0000000000001
image_0332.tif,800,1200,8.295122183484295,696.1561201372926,795.0000000000001
image_0333.tif,800,1200,7.127273322796755,731.9335023859294,795.0000000000001
image_0334.tif,800,1200,2.4528564848415613,713.958285097048,795.0000000000001
image_0335.tif,800,1200,2.154496124236516,712.9252582869548,795.0000000000001
image_0336.tif,800,1200,2.3629110183439934,629.2923598405284,795.0000000000001
image_0337.tif,800,1200,0.2085955756514881,712.9188206561645,795.0000000000001
image_0338.tif,800,1200,0.49724303080569143,605.9357311839774,795.0000000000001
image_0339.tif,800,1200,5.832682515062174,581.8218815018122,795.0000000000001
image_0340.tif,800,1200,3.8136285050504193,681.8205242241622,795.0000000000001
image_0341.tif,800,1200,7.3386411562723355,670.0343925192144,795.0000000000001
image_0342.tif,800,1200,1.7147708168344025,621.5361128555795,795.0000000000001
image_0343.tif,800,1200,2.7452274160627197,626.1915931598305,795.0000000000001
image_0344.tif,800,1200,4.3524542080730555,704.248679950936,795.0000000000001
image_0345.tif,800,1200,10.162371857011266,713.4784260938313,795.0000000000001
image_0346.tif,800,1200,9.003766934303389,667.6739548526277,795.0000000000001
image_0347.tif,800,1200,3.307483879357875,668.5378071814648,795.0000000000001
image_0348.tif,800,1200,2.876228422629083,666.2601118014506,795.0000000000001
image_0349.tif,800,1200,4.634909038895131,676.1868558856055,795.0000000000001
image_0350.tif,800,1200,4.684529991996044,717.3635130591354,795.0000000000001
image_0351.tif,800,1200,2.6018558752674608,693.4196554129883,795.0000000000001
image_0352.tif,800,1200,2.29256327007775,691.2503743517849,795.0000000000001
image_0353.tif,800,1200,2.6063999392622463,712.4516728380266,795.0000000000001
image_0354.tif,800,1200,3.9459092435600382,719.7394200482073,795.0000000000001
image_0355.tif,800,1200,4.5738769426261,721.0961356381072,795.0000000000001
image_0356.tif,800,1200,2.9372146744480006,709.5033416462784,795.0000000000001
image_0357.tif,800,1200,0.05805664320911319,685.0290334458157,795.0000000000001
image_0358.tif,800,1200,1.1693808147698803,679.2253129560922,795.0000000000001
image_0359.tif,800,1200,1.3449387501311492,677.038658096827,795.0000000000001
image_0360.tif,800,1200,0.036366872242098225,651.1502978884514,795.0000000000001
image_0361.tif,800,1200,4.802897232416058,702.1883422519672,795.0000000000001
image_0362.tif,800,1200,2.431918419704971,703.1228543797073,795.0000000000001
image_0363.tif,800,1200,4.2025151392005,687.3959413720881,795.0000000000001
image_0364.tif,800,1200,5.849013720122713,684.8890888151789,795.0000000000001
image_0365.tif,800,1200,7.767696070893521,683.4062283144891,795.0000000000001
image_0366.tif,800,1200,4.150853648442194,655.9844901163145,795.0000000000001
image_0367.tif,800,1200,4.800210290406568,679.3577345668803,795.0000000000001
image_0368.tif,800,1200,6.702331204871598,618.8523409650047,795.0000000000001
image_0369.tif,800,1200,6.274158945084281,709.4888660479543,795.0000000000001
image_0370.tif,800,1200,4.62624012712331,698.9919908817524,795.0000000000001
image_0371.tif,800,1200,6.248400808499971,1006.8080618030699,795.0000000000001
image_0372.tif,800,1200,6.649099930731871,981.1286554849601,795.0000000000001
image_0373.tif,800,1200,6.909838138596767,989.8804077552822,795.0000000000001
image_0374.tif,800,1200,6.590421311624772,960.9543451957973,795.0000000000001
image_0375.tif,800,1200,5.385787836619968,1035.6533829301343,795.0000000000001
image_0376.tif,800,1200,4.6262499155519885,977.1128763683691,795.0000000000001
image_0377.tif,800,1200,8.066062731322965,996.4902928952185,795.0000000000001
image_0378.tif,800,1200,6.316902338233348,1025.844281244045,795.0000000000001
image_0379.tif,800,1200,0.3608600363282254,1028.9606967946497,795.0000000000001
image_0380.tif,800,1200,4.410598842336753,1020.7367579624696,795.0000000000001
image_0381.tif,800,1200,2.2047092959121923,1003.1798569860428,795.0000000000001
image_0382.tif,800,1200,3.4462193714957485,1028.3541523862352,795.0000000000001
image_0383.tif,800,1200,3.7399834173039506,1037.543681013458,795.0000000000001
image_0384.tif,800,1200,4.0096940436069985,993.0725479662824,795.0000000000001
image_0385.tif,800,1200,6.176367966774463,965.186537718392,795.0000000000001
image_0386.tif,800,1200,7.154077122491684,1021.6199366894209,795.0000000000001
image_0387.tif,800,1200,7.785622332770623,1055.4003035921087,795.0000000000001
image_0388.tif,800,1200,8.776203905640184,1039.5718128709364,795.0000000000001
image_0389.tif,800,1200,8.885899494454033,988.4701986640916,795.0000000000001
image_0390.tif,800,1200,10.051458396143548,1062.4418141107585,795.0000000000001
image_0391.tif,800,1200,6.593749916820588,1097.9712703726314,795.0000000000001
image_0393.tif,800,1200,4.40320477865368,948.2698597528438,795.0000000000001
image_0394.tif,800,1200,6.207955039036212,1084.9758228131498,795.0000000000001
image_0395.tif,800,1200,5.690098757692687,1087.8867611869446,795.0000000000001
image_0396.tif,800,1200,5.751515031117553,1088.8435483487133,795.0000000000001
image_0397.tif,800,1200,6.507545200353157,1075.0399864067792,795.0000000000001
image_0398.tif,800,1200,6.939943925536741,1079.2848654010395,795.0000000000001
image_0399.tif,800,1200,8.372965832768562,1070.9424382315815,795.0000000000001
image_0400.tif,800,1200,8.442337668299285,1077.2216880158658,795.0000000000001
image_0401.tif,800,1200,8.15139880740569,1078.4519593105308,795.0000000000001
image_0402.tif,800,1200,7.966556328413514,1069.0576714734116,795.0000000000001
image_0403.tif,800,1200,7.53569367959368,1069.3987114921147,795.0000000000001
image_0404.tif,800,1200,9.038139274136597,1079.4722445310279,795.0000000000001
image_0405.tif,800,1200,8.717830685942367,1066.1128642759609,795.0000000000001
image_0406.tif,800,1200,8.669855248817111,1061.6892672417764,795.0000000000001
image_0407.tif,800,1200,8.868923743262073,1066.884866019456,795.0000000000001
image_0408.tif,800,1200,7.736528219064016,1051.4811276142163,795.0000000000001
image_0409.tif,800,1200,6.8435215615013005,1057.254394380925,795.0000000000001
image_0410.tif,800,1200,5.549309963563859,1056.4780567438788,795.0000000000001
image_0411.tif,800,1200,6.4092173602869025,1058.2295570235508,795.0000000000001
image_0412.tif,800,1200,7.194101570224571,1048.4101115822639,795.0000000000001
image_0413.tif,800,1200,7.903047044418394,1066.2970617443975,795.0000000000001
image_0414.tif,800,1200,5.24895907685783,1055.0901816780465,795.0000000000001
image_0415.tif,800,1200,7.315528871920215,1030.5760183249286,795.0000000000001
image_0416.tif,800,1200,8.38747054833167,1039.2835389591964,795.0000000000001
image_0417.tif,800,1200,10.03571618226428,1024.1732311487726,795.0000000000001
image_0418.tif,800,1200,7.507341524004003,1043.9661255005012,795.0000000000001
image_0419.tif,800,1200,6.792395301030389,1051.4538847249025,795.0000000000001
image_0420.tif,800,1200,8.671682124355026,1055.7554352507245,795.0000000000001
image_0421.tif,800,1200,7.075781746327714,1064.6218156433572,795.0000000000001
image_0423.tif,800,1200,8.093906780893226,904.332129983382,795.0000000000001
image_0424.tif,800,1200,8.009448996306295,903.5364337549562,795.0000000000001
image_0425.tif,800,1200,8.043296313010067,900.3376625241474,795.0000000000001
image_0426.tif,800,1200,8.042627085545513,903.7401427115633,795.0000000000001
image_0427.tif,800,1200,10.28763706500349,945.6888679352047,795.0000000000001
image_0428.tif,600,800,6.352996532442175,603.968217176136,215.51885867628934
image_0429.tif,688,1234,2.0090198852398045,990.6511501673442,192.66259921187262
image_0430.tif,688,1234,0.9164794982094584,930.5311676947816,211.8902326714568
image_0431.tif,688,1234,3.697162711811176,926.4577510720464,196.5828182120305
image_0432.tif,688,1234,1.584890926318499,1059.0802097121846,199.4292920602517
image_0433.tif,688,1234,4.34889104783943,918.7293228829851,229.53453155829308
image_0434.tif,688,1234,1.597889799225329,929.5650060409805,181.33286560152507
image_0435.tif,688,1234,0.0875249598632708,923.5356543734383,271.8929226276829
image_0436.tif,688,1234,2.4872602223313702,932.5626584907959,290.73985631713686
image_0437.tif,688,1234,1.350072185695101,926.5050619335818,260.84186409216636
image_0438.tif,600,800,8.224684748211848,600.1289371323579,281.44453343240446
image_0439.tif,688,1234,1.998516505101168,927.563393095593,249.0252110773853
image_0440.tif,688,1234,3.6033743758560632,930.0881403539445,193.5761865103251
image_0441.tif,688,1234,0.5610715804838105,931.772481194934,277.5121867392358
image_0442.tif,600,800,6.237112751368461,593.6417786324223,149.13979809206262
image_0443.tif,600,800,8.14759670566908,600.46972642734,306.6653078691802
image_0444.tif,688,1234,0.0062248954236672205,925.4833211060966,303.3768822847306
image_0445.tif,600,800,8.780849313615452,594.6088077599485,167.59481630001525
image_0446.tif,600,800,8.682795773848921,656.0270288598767,211.5294147418615
image_0447.tif,600,800,3.33448582637087,606.6461671738705,195.5192459660697
image_0448.tif,600,800,1.7394036470818999,619.8298912855109,197.99981234723023
image_0449.tif,600,800,1.5084805411428572,609.5387180919299,185.84430670235486
image_0450.tif,600,800,3.997152865210527,620.0856982338704,210.57338726462217
image_0451.tif,600,800,4.398458070541118,620.4520818788525,212.50348054600246
image_0452.tif,600,800,9.108244553133694,606.030420866968,227.8315856506313
image_0453.tif,600,800,6.818544713234677,607.3578293700288,242.48488885319512
image_0454.tif,600,800,7.112883799416766,601.8157620422502,202.27314231654213
image_0455.tif,512,512,7.653605982867026,386.92618324012636,157.30162089352612
image_0456.tif,652,800,2.3032589781932407,606.3539104395686,128.38263718056945
image_0457.tif,512,512,12.787172303190898,416.5497032679666,152.06556120090622
image_0458.tif,652,800,6.734078410159291,625.9318539624685,283.7961869395888
image_0459.tif,512,512,6.538854129959958,390.1015073529668,102.8709333748468
image_0460.tif,652,800,7.234805615587728,605.6853594753936,123.8056977929453
image_0461.tif,652,800,6.438731484029013,609.1604538934437,118.19823390937263
image_0462.tif,652,800,2.633136592638314,602.3903880947678,114.1866405719739
image_0463.tif,512,512,7.26270002080358,388.8067350268876,145.57174925770025
image_0464.tif,652,800,4.31168633535745,601.3444110450815,124.48669635032002
image_0465.tif,512,512,7.437179914604222,386.024209897693,124.70707098844947
image_0466.tif,652,800,2.094467927018459,606.1886154628428,172.5606287583513
image_0467.tif,652,800,3.4555434794980715,610.8685128722773,139.53290603017214
image_0468.tif,512,512,8.681905227957802,388.9458050795268,207.2362461393749
image_0469.tif,512,512,7.512946333934554,389.4084851034646,156.55000000000007
image_0470.tif,512,512,8.8649630938075,389.9650012441877,181.75701054787223
image_0471.tif,512,512,13.636746739217843,375.80418097512904,156.9644821753933
image_0472.tif,512,512,8.033007593276945,382.4817752566398,203.0410440276802
image_0473.tif,652,800,6.951884450952892,625.2378072581755,122.69521191660267
image_0474.tif,652,800,13.877813680894636,621.9405914430738,131.7166666666668
image_0475.tif,512,512,6.750818116029976,381.0418485185244,125.544824852278
image_0476.tif,652,800,2.6578434168233,615.4054078191798,182.44478633352287
image_0477.tif,652,800,0.956804055271161,589.8900320639159,141.10503278603548
image_0478.tif,512,512,10.715316334965415,401.2426919542445,155.87635078887237
image_0479.tif,512,512,8.09952305557188,408.5688749188139,159.18460501203677
image_0480.tif,512,512,8.472669349797513,401.83877091565114,143.49921231420706
image_0481.tif,512,512,14.14680650468203,401.95499750369504,119.52949035030593
image_0482.tif,512,512,8.29204114933692,415.09572770126226,203.114106178423
image_0483.tif,512,512,6.683989975629354,414.1623216574362,143.38094620800794
image_0484.tif,512,512,8.232461613939796,412.984181910054,143.39369859930457
image_0485.tif,512,512,12.141128145207144,407.14617183387617,149.53874380512232
image_0486.tif,512,512,7.807246499571951,424.78281827757587,150.10000000000005
image_0487.tif,512,512,7.8630065912324305,416.62838905283536,182.57375080129432
image_0488.tif,512,512,8.386044430077671,416.19418974772316,131.48496248350318
image_0489.tif,512,512,11.2199182444563,414.4643501108097,124.68684435023415
image_0490.tif,512,512,10.736592845994743,411.57664137063375,131.2198704441383
image_0492.tif,652,800,9.343783771371607,637.1771395563671,
image_0493.tif,652,800,10.224302220388545,617.4448085920303,140.7914988062913
image_0494.tif,652,800,6.639983557235794,636.3367485331307,133.74938796302072
image_0495.tif,512,512,10.156935466916583,413.7043307222524,152.27269556895348
image_0496.tif,512,512,9.904785368319597,392.08499231848316,156.93333333333337
image_0497.tif,652,800,4.928126820772524,635.531613232847,114.0465590800314
image_0498.tif,512,512,13.675669098564438,414.30195073829793,207.64576811290667
image_0499.tif,512,512,17.62076611100267,411.8390357515195,133.96931363523453
image_0500.tif,652,800,14.07595922528585,637.9846948605108,111.69687633208865
image_0501.tif,652,800,12.704062238553513,638.0753933922634,152.16759748078184
image_0502.tif,652,800,10.60297361542381,594.7108871746743,313.9800641632014
image_0503.tif,512,512,16.754091049177294,409.48501062871844,161.3999999999999
image_0504.tif,512,512,13.344418914988228,407.5613083855394,198.4437109934755
image_0505.tif,652,800,5.582977615159069,631.5713134098946,151.5625579344667
image_0506.tif,512,512,13.013598598512276,432.4780312917559,135.47221147752475
image_0507.tif,512,512,15.771373334173546,430.8527996165236,113.08051463858902
image_0508.tif,652,800,4.769346610724538,640.0643206958714,99.37596428502157
image_0509.tif,652,800,10.170015889794557,670.907403019135,114.83736413407537
image_0510.tif,512,512,13.66428951892423,439.2397080898388,170.10185832468656
image_0511.tif,652,800,9.783847329943486,643.5746337024163,
image_0512.tif,512,512,11.716844436505557,418.32066660869253,115.52669237234458
image_0513.tif,512,512,15.39523014470019,417.53622490684376,115.956023373618
image_0514.tif,512,512,10.138021102245741,414.7291941694913,149.06222406707025
image_0515.tif,512,512,13.9867583006144,440.7388499746612,164.4799128423398
image_0516.tif,652,800,12.469331244886579,672.0192843169658,115.83058286002428
image_0517.tif,512,512,16.131472817052774,414.9085124445845,123.63133457396331
image_0518.tif,512,512,15.070296517501275,410.2659871269997,152.21666666666664
image_0519.tif,652,800,9.593630201598979,638.4988037243302,133.67031529199292
image_0520.tif,512,512,19.606744424105713,440.556859561074,135.00052554018944
image_0521.tif,512,512,11.874242024297155,416.408033055537,167.88333333333335
image_0522.tif,512,512,15.695823577357986,434.71666695818976,130.62704303404772
image_0523.tif,652,800,14.521423116035663,671.5603090551879,111.84005857192324
image_0524.tif,652,800,14.231673370239525,669.4586542549926,97.61764863846243
image_0525.tif,652,800,7.276928480920817,674.2262262367294,123.79528286746431
image_0526.tif,652,800,14.169521799124643,674.6463918883105,288.0924266402505
image_0527.tif,512,512,19.75919009186309,438.37365788106985,110.5185092440859
image_0528.tif,512,512,21.175441828136403,438.26722669909634,125.91600177235621
image_0529.tif,512,512,13.936077525526304,441.4135674391064,164.7934549715386
image_0530.tif,512,512,17.754575392177827,442.1565902540028,207.31386558330897
image_0531.tif,652,800,9.696026665738927,673.6071351022543,169.92933001875272
image_0532.tif,652,800,12.9053332528669,681.8280928144668,123.71161686437058
image_0533.tif,512,512,15.72754432049006,443.16158508709555,206.01558993474592
image_0534.tif,512,512,16.98399533653584,438.83595493947837,204.4732777784975
image_0535.tif,652,800,9.854735449313855,682.3537814849362,146.37719218386746
image_0536.tif,512,512,15.485023567557548,444.5617560783654,186.9939861903897
image_0537.tif,512,512,14.623758222708863,440.75867736143834,153.52566878359315
image_0538.tif,512,512,13.434670862417965,444.89214298700256,141.33026663663426
image_0539.tif,652,800,16.959770800362534,680.0779512352738,317.68741374785304
image_0540.tif,512,512,19.55626517937459,444.57863306403624,152.98278991175007
image_0541.tif,512,512,15.585867750177272,444.8182561764627,180.49999999999991
image_0542.tif,512,512,14.532047675870624,442.6354268552918,158.28333333333342
image_0543.tif,652,800,10.902781018013979,680.677646066128,114.59242271084047
image_0544.tif,512,512,18.590592578001544,439.2918260415624,137.66666666666666
image_0545.tif,652,800,13.947730407883977,682.0955220605466,164.7833333333334
image_0546.tif,652,800,15.814454942450885,645.0852425380419,303.5367295791475
image_0547.tif,512,512,11.910237828938557,419.30291941574,144.26714249448298
image_0548.tif,512,512,16.88068015221134,438.65496638425054,153.143485965046
image_0549.tif,512,512,15.842199727496645,441.0757896004044,143.68333333333328
image_0550.tif,512,512,12.704420412867577,412.54600608370447,169.88401653974904
image_0551.tif,652,800,16.905717234468575,646.5751712632098,141.18634708855112
image_0552.tif,512,512,12.97834703804416,415.7895720885219,172.438637234122
image_0553.tif,512,512,18.37052717694321,414.62752000081207,126.99755923271034
image_0554.tif,512,512,14.303674923893059,422.88325192841023,209.54433925464335
image_0555.tif,512,512,14.973404320593133,418.455048599292,129.41782705753056
image_0556.tif,652,800,10.37022275950519,642.4003988959342,159.57080156549196
image_0557.tif,512,512,15.28256846031797,417.81302852465944,168.41358903450043
image_0558.tif,512,512,12.525115079050098,414.77400640315454,149.878705692748
image_0559.tif,512,512,15.805186895374995,411.63935992986717,159.69707041829508
image_0560.tif,652,800,12.63321355200662,645.2828861939093,
image_0561.tif,652,800,12.670667996102116,647.0831334224206,398.5666666666668
image_0562.tif,512,512,14.521983431330069,418.3267141239792,144.95000000000005
image_0563.tif,512,512,12.220777887389156,420.0753676370282,120.55000000000001
image_0564.tif,512,512,17.031364277885135,422.24690223102937,142.33333333333326
image_0565.tif,512,512,13.707203061191187,419.3313878981628,153.70000000000002
image_0566.tif,512,512,16.690514153757473,416.31539474980127,132.74776836455135
image_0567.tif,512,512,17.890590852065646,419.02155023283547,154.23233991069256
image_0568.tif,512,512,15.357933421504494,417.758554647819,159.29999999999998
image_0569.tif,512,512,14.289796849632658,418.4330123079575,138.68333333333328
image_0570.tif,512,512,17.682278677531784,419.3779804750302,121.20000000000005
image_0571.tif,652,800,5.437934877210116,646.412357307783,135.8211147745558
image_0572.tif,652,800,5.6078165192954845,642.1850203786852,158.59375245473157
image_0573.tif,512,512,14.309155429868119,416.10009258091276,121.59116587904371
image_0574.tif,512,512,16.276723587648963,418.8490726989233,140.59206833158098
image_0575.tif,512,512,18.69128856301412,416.168089414111,135.34999999999994
image_0576.tif,512,512,13.991948484335413,421.92773432228,168.65311609395224
image_0577.tif,652,800,7.1288445312825806,649.2671746543097,143.15722479417477
image_0578.tif,512,512,9.51729684358219,416.6627392726681,386.6858541192003
image_0579.tif,512,512,12.775370708844715,424.2464146093503,128.7284768136966
image_0580.tif,512,512,12.011211622500554,420.79499049653,184.1020651961055
image_0581.tif,512,512,13.883781333136756,419.5267341593951,128.29135204203877
image_0582.tif,512,512,14.464182942167435,420.45861852110846,187.58446586019627
image_0583.tif,512,512,9.977246092628011,419.5991735749109,125.14987124649018
image_0584.tif,652,800,11.192944754580665,649.5591289466519,146.48845848277605
image_0585.tif,512,512,11.867920374628591,422.59705786643417,148.26488838701798
image_0586.tif,652,800,14.122745541771666,657.7295023350405,142.89488854717385
image_0587.tif,652,800,9.301902444033995,684.265837195971,151.95786177997994
image_0588.tif,652,800,5.949384790702933,683.7984210903975,134.5627173243712
image_0589.tif,512,512,14.416963606597337,445.56646279602626,201.24754518884617
image_0590.tif,652,800,9.68244272522588,689.2013186694453,365.21768587266735
image_0591.tif,652,800,15.254138835304582,685.2960244278871,115.82851524690905
image_0592.tif,512,512,14.665097400994037,445.54249319190836,166.6512432599247
image_0593.tif,512,512,17.287047792457724,444.4932422985686,178.64347391588618
image_0594.tif,512,512,15.056410068762501,447.2789029285218,145.14164398803234
image_0595.tif,652,800,11.019309578172097,691.4077503323812,347.80939742566875
image_0596.tif,512,512,15.355625163530034,444.0693069496767,150.85000000000002
image_0597.tif,652,800,12.690814388270951,646.6811585707984,117.1166666666664
image_0598.tif,512,512,17.10004685309387,447.477860575313,152.96550164488679
image_0599.tif,512,512,14.427825208441474,446.053780678287,167.69264180056595
image_0600.tif,512,512,15.771877633879432,446.1802266085232,199.1666666666666
image_0601.tif,512,512,14.192935622436817,445.7035385467383,162.4585928833045
image_0602.tif,512,512,13.693718541165808,447.0420984717306,170.82898049926766
image_0603.tif,652,800,11.541781868331418,687.3633687777697,161.27621002020007
image_0604.tif,512,512,14.908593310776068,447.70555610140764,159.12519343833168
image_0605.tif,512,512,14.537810087472492,448.2937967747141,192.54999999999993
image_0606.tif,512,512,16.322807599035908,448.3561711058453,169.30493811876195
image_0607.tif,652,800,4.760043742735801,678.9079002477408,189.81829819814752
image_0608.tif,652,800,6.617319843163281,686.8584717289207,187.93571110587254
image_0609.tif,512,512,16.799169888853434,442.05722871250805,134.0938073422261
image_0610.tif,512,512,13.621722308396794,447.6277918061676,149.27749727603882
image_0611.tif,512,512,14.471106660035982,447.71351401309084,163.0449425258673
image_0612.tif,652,800,12.822045761918048,689.3676976673581,167.6166666666667
image_0613.tif,512,512,17.441079734470144,447.6501334960715,188.13248162025556
image_0614.tif,512,512,14.247284204186794,447.9768249847152,157.7166666666667
image_0615.tif,512,512,13.699573758766967,443.9573339143901,305.87379742411366
image_0616.tif,512,512,15.443499662967717,447.3758933155657,119.48651026428816
image_0617.tif,512,512,15.806621131383052,446.60277669477085,168.1333333333333
image_0618.tif,652,800,11.192006595098867,692.5435503408859,127.70860751461866
image_0619.tif,512,512,14.242011853840667,446.8100883814054,156.0035334689243
image_0620.tif,652,800,4.96525335157334,692.431917188538,93.79302293818598
image_0621.tif,512,512,12.242723064430225,450.7584440915676,307.05627712795894
image_0622.tif,512,512,13.863663915988617,451.2413633985145,143.36666666666665
image_0623.tif,512,512,15.546772502650573,446.5622484921498,198.53613119327068
image_0624.tif,512,512,15.5108971171444,448.60977902319144,199.20348823874602
image_0625.tif,652,800,9.361258082714913,688.313977459279,157.88730806383506
image_0626.tif,652,800,13.170961017654273,683.4947083414942,127.07511513177771
image_0627.tif,512,512,16.084107321699406,448.6239410655841,167.1285160498087
image_0628.tif,512,512,15.870363296738727,447.4465129778438,121.31947085871013
image_0629.tif,652,800,16.885779338932604,686.0185705111417,329.8456075607377
image_0630.tif,652,800,10.240679748397318,688.0570700473913,134.8833333333333
image_0631.tif,512,512,14.118334186305725,445.8026121597409,167.11666666666667
image_0632.tif,512,512,18.106038114244022,442.8396947908277,160.51603008357668
image_0633.tif,652,800,10.69053977700048,696.8083063716119,336.23515112561796
image_0634.tif,652,800,11.751285947079452,694.3975466996474,385.147232615351
image_0635.tif,652,800,11.574982615070128,688.5277544017194,156.64461508668248
image_0636.tif,512,512,15.32314017462009,448.0267492650532,159.9833333333334
image_0637.tif,512,512,15.419776972881204,448.03315956249764,174.45262542800242
image_0638.tif,512,512,13.620503385532647,450.4258675454563,175.7330308196575
image_0639.tif,512,512,15.032716486707226,445.39171815394127,185.37959382909068
image_0640.tif,512,512,18.51673571000728,449.2578755725319,165.49317038343253
image_0641.tif,512,512,17.405650678251437,445.63789893584465,122.34999999999997
image_0642.tif,652,800,8.301986526873733,687.631441145917,86.67740070799209
image_0643.tif,512,512,13.999219339562249,445.09214946359157,139.6583250997835
image_0644.tif,512,512,17.806556374091546,442.75273778438,112.33333333333337
image_0645.tif,512,512,14.461564925564476,444.35924223503673,163.57310604651767
image_0646.tif,512,512,16.25043310893638,446.6494047904963,138.7386785168814
image_0647.tif,512,512,12.47310555903189,446.5257912217254,153.8610653930691
image_0648.tif,512,512,14.75332994654351,448.9677226948831,156.53333333333333
image_0649.tif,512,512,17.95559560989674,447.72803660980094,194.85455459231284
image_0650.tif,512,512,16.679346823027856,443.88571782220544,197.84840172289776
image_0651.tif,512,512,16.449199639705053,447.3498234766265,159.32317418612172
image_0652.tif,512,512,14.527706333107409,440.69394238230086,169.18333333333325
image_0653.tif,652,800,3.5226568969457652,677.4327852324291,149.9287593368915
image_0654.tif,512,512,15.310625965864913,444.5096525191541,166.18766269497516
image_0655.tif,512,512,16.78497133737474,448.42323427845395,127.29319663578961
image_0656.tif,512,512,16.20002461021148,442.7574571959236,184.75
image_0657.tif,512,512,15.551752103894522,451.83715787767267,149.0282714697438
image_0658.tif,512,512,21.7460664545626,423.5005582058527,154.13719445907677
image_0659.tif,512,512,19.28585570479656,422.7488020754973,166.84952241245063
image_0660.tif,512,512,16.75332080189181,442.1196532501802,161.27619153286608
image_0661.tif,512,512,17.977868255202416,440.9009311494641,142.4369626522538
image_0662.tif,512,512,16.093906561197368,448.4592236670376,117.65000000000002
image_0663.tif,652,800,8.876221934573929,676.1181609311595,138.47527914833537
image_0664.tif,512,512,13.05181423852413,422.3327853858241,178.96918860903625
image_0665.tif,512,512,10.312834102419114,422.7595945694268,130.5923374876643
image_0666.tif,512,512,13.380794313151235,398.7458687066539,136.1129271108408
image_0667.tif,512,512,13.040135755796209,389.692157659204,125.74795431554169
image_0668.tif,512,512,13.16211794600811,390.55101938669924,156.35064983689762
image_0669.tif,512,512,11.355594717535158,370.2122324896708,141.55000000000004
image_0670.tif,512,512,9.000266072306074,371.6049404925244,171.3381584907298
image_0671.tif,512,512,5.741493880567248,303.24863470278933,112.01883331066627
image_0672.tif,512,512,8.782722055711332,300.0395181582994,162.81948370094298
image_0673.tif,512,512,7.549540892759996,302.4943993630957,203.38485480654148
image_0674.tif,512,512,6.049596136294468,307.0907071138007,113.07993474138657
image_0675.tif,512,512,3.8954036708285003,295.8034100381897,166.89158845513552
image_0676.tif,512,512,6.310970034349481,359.9788035073052,115.15874011182564
image_0677.tif,512,512,15.125429675035319,348.2172279784583,134.18474363376419
image_0678.tif,512,512,9.41813494973028,339.0919948250224,173.8161902690725
image_0679.tif,512,512,18.793257527630068,281.5403002453986,114.2569674522921
image_0680.tif,512,512,7.895896140288954,353.40093475869986,114.9833333333333
image_0681.tif,512,512,8.570329723865171,360.85434457101167,126.98333333333339
image_0682.tif,512,512,4.882412588563682,352.54495346496856,137.9199355576501
image_0683.tif,512,512,2.4798808434528894,357.22064784041316,132.35719957935237
image_0684.tif,512,512,3.7485735489097465,350.89798524556215,158.64852967052454
image_0685.tif,512,512,2.1383956476579726,360.2712646457251,143.67733725618498
image_0686.tif,512,512,5.235673000498565,365.70803149685986,132.15671509209787
image_0687.tif,512,512,5.121840855494611,358.9798183572102,143.5429805258935
image_0688.tif,512,512,1.3616206541390454,359.0358970714451,151.17715105780968
image_0689.tif,512,512,7.1831120506169555,298.5564745752537,182.98333333333343
image_0690.tif,512,512,3.234905716297618,338.3684519579253,340.3281151448602
image_0691.tif,800,1200,3.383204014981402,817.4927182131064,229.48333333333323
image_0692.tif,800,1200,4.695686499597656,838.0896430356822,244.614733894664
image_0693.tif,800,1200,3.8098615948210863,834.9471114001648,237.14999999999998
image_0694.tif,800,1200,7.441894097037647,840.0717354612591,235.3499999999999
image_0695.tif,800,1200,4.70812819300173,832.8352394242917,254.13191421726
image_0696.tif,800,1200,0.35806362350945165,738.5625153009821,224.11666666666667
image_0697.tif,800,1200,0.4023078899743524,802.5477210321566,244.9166666666667
image_0698.tif,800,1200,4.760605511580366,836.9523045175308,233.88333333333344
image_0699.tif,800,1200,5.2313078673554685,837.4710510323133,237.79999999999984
image_0700.tif,800,1200,2.9480927418126295,840.1336574203077,228.61666666666656
image_0701.tif,800,1200,5.258078863594353,849.7377002962226,245.90000939328115
image_0702.tif,800,1200,5.560252727159039,850.5664424100894,257.6999999999998
image_0703.tif,800,1200,3.6142136722869482,852.3912572354773,235.78333333333316
image_0704.tif,800,1200,2.549910580436742,839.0495259594508,232.71666666666667
image_0705.tif,800,1200,4.259841927368598,841.6001454850445,241.1333333333333
image_0706.tif,800,1200,3.8367245686284264,841.2299206112048,245.3499999999999
image_0707.tif,800,1200,6.180018424042089,644.4345062290383,243.6666666666666
image_0708.tif,800,1200,1.5973323972179472,770.9840567120948,218.13333333333324
image_0709.tif,800,1200,0.057880385923146704,839.6332305109377,238.0499999999998
image_0710.tif,800,1200,1.643651376929566,710.6899733124291,181.31666666666658
image_0711.tif,800,1200,4.06718845869386,834.3660915944188,181.93333333333317
image_0712.tif,800,1200,5.393766424425081,840.5464505750871,183.0666666666666
image_0713.tif,800,1200,4.660121104491116,826.1473683516608,187.81666666666675
image_0714.tif,800,1200,5.327856467668789,837.196091075924,168.44999999999985
image_0715.tif,800,1200,4.558187480344289,842.1802354161377,183.16666666666654
image_0716.tif,800,1200,2.267699181056435,849.6194634232197,188.33333333333317
image_0717.tif,800,1200,2.574013244514333,847.3745542993984,191.89999999999986
image_0718.tif,800,1200,3.785371349094021,794.2003045911941,189.36666666666665
image_0719.tif,800,1200,0.08676144406479125,842.7743800309413,190.31666666666652
image_0720.tif,800,1200,2.064210916659536,838.5519889289492,198.96666666666655
image_0721.tif,800,1200,1.1185774342985173,841.4930416492623,200.84999999999988
image_0722.tif,800,1200,2.558303968611588,692.4132167926048,189.8166666666667
image_0723.tif,800,1200,1.2158482423925818,747.3887481682054,188.21666666666655
image_0724.tif,800,1200,0.311530977154888,761.1510254253274,186.5333333333333
image_0725.tif,800,1200,5.132433855491314,833.1813308451535,196.04741207269012
image_0726.tif,800,1200,3.1732997922046877,811.0331133238733,198.29999999999987
image_0727.tif,800,1200,2.6012831220814405,792.0436022201902,192.9
image_0728.tif,800,1200,6.095722840813636,840.4150286644985,192.51666666666657
image_0729.tif,800,1200,4.12668912031782,839.1483582133354,240.44999999999993
image_0730.tif,800,1200,4.5168213957361445,841.7160050034479,250.9499999999999
image_0731.tif,800,1200,1.2637774209372594,837.4009251430366,244.79999999999995
image_0732.tif,800,1200,0.2334737705120915,837.6010963325766,220.3833333333333
image_0733.tif,800,1200,0.49073109741942744,836.0795509466554,233.44999999999985
image_0734.tif,800,1200,3.2785322368522714,838.6711454121671,226.86666666666656
image_0735.tif,800,1200,3.494443528444208,840.7243719122149,230.8833333333333
image_0736.tif,800,1200,2.7393851077056013,833.2173895218125,235.04999999999995
image_0737.tif,800,1200,0.849459494813317,832.4616618086178,236.3166666666666
image_0738.tif,800,1200,0.3976659066510706,832.5216361066327,224.78333333333333
image_0739.tif,800,1200,0.5699036382919758,833.3778029067564,240.4666666666665
image_0740.tif,800,1200,0.27136392584509395,848.6441523712924,228.0333333333334
image_0741.tif,800,1200,4.211439432842695,839.0155756068665,247.31666666666652
image_0742.tif,800,1200,2.481441603928346,843.6915671851733,236.53546425731
image_0743.tif,800,1200,0.5432845373842099,843.656922300064,236.98333333333326
image_0744.tif,800,1200,1.631897216384317,838.4583370478447,249.39999999999995
image_0745.tif,800,1200,2.134388597441159,840.568254308917,241.93333333333317
image_0746.tif,800,1200,0.1707783697911509,845.109389087837,231.03333333333327
image_0747.tif,800,1200,2.3481399975728436,834.2570625203637,205.58333333333334
image_0748.tif,800,1200,1.7280944917168881,832.8739243568185,202.0
image_0749.tif,800,1200,3.957499933549343,831.3109067598809,220.46666666666655
image_0750.tif,800,1200,3.8991654740344472,837.3285894725328,215.94999999999985
image_0751.tif,800,1200,3.7545539013256075,838.1766840932241,211.61666666666653
image_0752.tif,800,1200,8.094107124774844,1045.4232421556544,203.3166666666666
image_0753.tif,800,1200,3.545260769905722,1042.7918462753469,620.75
image_0754.tif,800,1200,3.018316960384749,1049.79092479859,210.84999999999982
image_0755.tif,800,1200,1.5078272141386186,1100.655140386947,212.43333333333325
image_0756.tif,800,1200,3.9910950348978815,1123.1553712851885,221.93333333333325
image_0757.tif,800,1200,1.7624389497600532,1108.151178708483,204.64999999999995
image_0758.tif,800,1200,1.1574554448716405,1138.4139215974806,216.64999999999986
image_0759.tif,800,1200,0.39057944612094353,1142.7793014721515,218.81666666666646
image_0760.tif,800,1200,0.42993626800312335,1138.6934584432383,209.53333333333322
image_0761.tif,800,1200,8.205185638471198,1039.4904346755843,216.2666666666665
image_0762.tif,800,1200,6.9256431554622715,1049.518996547452,214.18333333333328
image_0763.tif,800,1200,6.149626762302184,1055.4787684395656,217.85
image_0764.tif,800,1200,7.394362361984939,1087.5476190363563,220.3833333333332
image_0765.tif,800,1200,9.186634967584677,1088.1899208631191,205.84999999999994
image_0766.tif,800,1200,12.77374445879438,1094.386973683198,166.0094308184963
image_0767.tif,800,1200,4.543657948838643,1096.7326965783734,163.15672606062756
image_0768.tif,800,1200,7.327303775784215,1077.1353223449132,174.17060366953308
image_0769.tif,800,1200,5.830235485175649,1071.931464650811,184.8008644454488
image_0770.tif,800,1200,10.6051333355904,1073.7117531436625,186.23511843112146
image_0771.tif,800,1200,11.524860603830465,1073.6189399506293,186.21900769209265
image_0772.tif,800,1200,9.558205761087162,1080.8574863952572,188.40162025555438
image_0773.tif,800,1200,4.434613267524955,1089.2560082157088,189.51906836226337
image_0774.tif,800,1200,7.569326598630575,1087.7505352129701,194.17567678640035
image_0775.tif,800,1200,7.1893904477875195,1090.584826789506,189.98333333333332
image_0776.tif,800,1200,12.645098577199207,1048.939138217854,169.592424892266
image_0777.tif,800,1200,10.08462828229409,1096.22069722393,174.53030855952167
image_0778.tif,800,1200,11.425439191142914,1093.7595620586212,177.2684010511185
image_0779.tif,800,1200,5.830974567748862,1095.5126509507918,181.71365438060215
image_0780.tif,800,1200,5.68057053680457,1090.703478607183,177.20000000000005
image_0781.tif,800,1200,4.945924868597084,1088.4729741045408,172.1790261707964
image_0782.tif,800,1200,4.9455981226275485,1106.6402739254854,176.57476701664086
image_0783.tif,800,1200,1.1840883955535038,1126.7078555449652,183.84064961561398
image_0784.tif,800,1200,3.8973751112881674,1121.0990597816653,184.69817425167935
image_0785.tif,800,1200,4.108927926838049,1099.338350588498,187.9336230551105
image_0786.tif,800,1200,5.6217262334405405,1103.2712038787122,183.16765334736408
image_0787.tif,800,1200,5.517150699551973,1106.515113161569,187.16666666666666
image_0788.tif,800,1200,1.9297663196394979,1086.4866309759295,168.0008801994781
image_0789.tif,800,1200,4.3589595108825065,1083.3574749071959,166.91427355934155
image_0790.tif,800,1200,8.434596101761286,1084.181585891776,181.91666666666666
image_0791.tif,800,1200,7.418812008510283,1087.0184226660185,164.59999999999997
image_0792.tif,800,1200,6.305575226927677,1093.6535518968908,170.21262343850947
image_0793.tif,800,1200,7.285387456722914,1093.5111689590935,166.4166666666667
image_0794.tif,800,1200,4.823516764156142,1093.3711184535227,162.59425077229943
image_0795.tif,800,1200,3.431486897567109,1100.601858980003,167.6916881965918
image_0796.tif,800,1200,4.000739638372729,1071.0522937751234,169.1261684267732
image_0797.tif,800,1200,2.402070226871553,1006.8080618030699,184.02168220041244
image_0798.tif,800,1200,1.9722011742648258,981.1286554849601,167.78371590694724
image_0799.tif,800,1200,1.2863828067811962,989.8804077552822,167.74285951582564
image_0800.tif,800,1200,2.462799976851586,960.9543451957973,180.2043483441189
image_0801.tif,800,1200,2.9261413760076236,1035.6533829301343,185.25639785677257
image_0802.tif,800,1200,3.5374766240818927,977.1128763683691,189.59600622277185
image_0803.tif,800,1200,0.33252473610822264,996.4902928952185,191.61666666666676
image_0804.tif,800,1200,1.8002111394870575,1025.844281244045,182.93269984404265
image_0805.tif,800,1200,8.546528080122425,1028.9606967946497,178.5999999999999
image_0806.tif,800,1200,4.584058693102569,1020.7367579624696,179.67105859550998
image_0807.tif,800,1200,6.851718688171083,1003.1798569860428,177.79636374564248
image_0808.tif,800,1200,5.366369389094033,1028.3541523862352,178.44204026216934
image_0809.tif,800,1200,5.077894632115116,1037.543681013458,178.14358874010534
image_0810.tif,800,1200,0.5036424123800716,993.0725479662824,181.2914646797367
image_0811.tif,800,1200,1.3644881638502833,965.186537718392,183.1333333333333
image_0812.tif,800,1200,2.917775647430588,1021.6199366894209,187.09745116602303
image_0813.tif,800,1200,4.10463952718578,1055.4003035921087,168.67445362260722
image_0814.tif,800,1200,4.267259042334186,1039.5718128709364,186.01666666666657
image_0815.tif,800,1200,3.9711818519508943,988.4701986640916,187.6909710306575
image_0816.tif,800,1200,4.701314432669336,1062.4418141107585,200.62973038610394
image_0817.tif,800,1200,1.1320161562496915,1097.9712703726314,197.86165580601627
image_0819.tif,800,1200,0.6559852315595851,948.2698597528438,179.6833333333333
image_0820.tif,800,1200,1.5825045994097913,1084.9758228131498,186.34999999999982
image_0821.tif,800,1200,0.7760737677136591,1087.8867611869446,188.96061550330205
image_0822.tif,800,1200,0.5178855290740474,1088.8435483487133,200.59557922923173
image_0823.tif,800,1200,1.8443173523283996,1075.0399864067792,184.83105303402138
image_0824.tif,800,1200,2.385063921917748,1079.2848654010395,181.89173929854408
image_0825.tif,800,1200,3.4471408775895123,1070.9424382315815,177.0977639923856
image_0826.tif,800,1200,3.385540814264451,1077.2216880158658,185.02182096354508
image_0827.tif,800,1200,2.859058117147539,1078.4519593105308,180.36666666666665
image_0828.tif,800,1200,2.641349285091289,1069.0576714734116,178.68333333333325
image_0829.tif,800,1200,2.1585324888835835,1069.3987114921147,177.7510539616758
image_0830.tif,800,1200,3.667059360382776,1079.4722445310279,175.94902533688773
image_0831.tif,800,1200,3.474300553982525,1066.1128642759609,176.20885884167373
image_0832.tif,800,1200,1.6896965478015602,1061.6892672417764,137.4933929717239
image_0833.tif,800,1200,2.283018498669433,1066.884866019456,134.2484906126717
image_0834.tif,800,1200,1.4679860141878578,1051.4811276142163,139.31912357843154
image_0835.tif,800,1200,0.7672399576755247,1057.254394380925,139.88333333333324
image_0836.tif,800,1200,0.4730767457681697,1056.4780567438788,142.08333333333323
image_0837.tif,800,1200,0.9077734871105214,1058.2295570235508,150.22475585262953
image_0838.tif,800,1200,1.0045390719924345,1048.4101115822639,138.38704051918873
image_0839.tif,800,1200,0.49209409212293664,1066.2970617443975,136.18952133739546
image_0840.tif,800,1200,2.250895672836932,1055.0901816780465,140.79915829260975
image_0841.tif,800,1200,0.6993751987865338,1030.5760183249286,135.0413281664135
image_0842.tif,800,1200,1.6813678459471282,1039.2835389591964,134.88390026785837
image_0843.tif,800,1200,3.639919574723703,1024.1732311487726,132.52743070172343
image_0844.tif,800,1200,0.23933576547130642,1043.9661255005012,142.9804343799205
image_0845.tif,800,1200,1.1685955277995692,1051.4538847249025,139.6872821765422
image_0846.tif,800,1200,1.018628250417108,1055.7554352507245,139.14706990258136
image_0847.tif,800,1200,0.4514668575920391,1064.6218156433572,139.07085357116492
image_0849.tif,800,1200,1.8776171429718573,904.332129983382,135.77258613223557
image_0850.tif,800,1200,1.770998756294878,903.5364337549562,137.52149268786917
image_0851.tif,800,1200,1.4617468611107869,900.3376625241474,134.33333333333323
image_0852.tif,800,1200,2.5323515836996986,903.7401427115633,227.36666666666656
image_0853.tif,800,1200,3.9685795007908826,945.6888679352047,235.51361915200232
image_0854.tif,800,1200,1.6492603461975293,912.8528074606716,235.5220457220087
image_0855.tif,800,1200,0.3577636424544952,964.9503077875402,232.4354363130393
image_0856.tif,800,1200,1.181287716887983,903.3984662298558,216.858111030093
image_0857.tif,800,1200,3.3661253699021056,898.1132956496783,224.0470986552175
image_0858.tif,800,1200,3.5152941470261183,1027.6104242427282,224.5385715090886
image_0859.tif,800,1200,2.5865688306564962,895.1734621817124,232.34622159697483
image_0860.tif,800,1200,2.507837263116669,896.629644858832,232.59999999999988
image_0861.tif,800,1200,0.3162833332602908,893.8224894682913,231.38673360803537
image_0862.tif,800,1200,0.8710105698704593,905.3011308925246,227.1127425000317
image_0863.tif,800,1200,0.7425215030675965,898.5522140720796,235.19999999999996
image_0864.tif,800,1200,0.8492012419744492,898.673563750365,234.6333333333333
image_0865.tif,800,1200,2.198167030280822,900.4110294116656,234.48205131120835
image_0866.tif,800,1200,5.386945447898032,905.6815205459691,193.45251660670058
image_0867.tif,800,1200,5.207383844215516,910.2564078340456,206.06825927822368
image_0868.tif,800,1200,2.7749657866616024,888.5624090233041,217.7824392152792
image_0869.tif,800,1200,3.589333824797735,901.7906320929976,191.16666666666654
image_0870.tif,800,1200,3.9732237278867872,898.4773993745022,218.3972666682229
image_0871.tif,800,1200,4.004886950591661,890.6037889446711,218.6816779894049
image_0872.tif,800,1200,2.214280315753328,984.9786498170201,194.00616149349148
image_0873.tif,800,1200,4.377407722615452,911.1057908656899,211.80519212547392
image_0874.tif,800,1200,5.878803620763038,931.0697024578297,212.05328179113596
image_0875.tif,800,1200,4.794314730377749,918.922666926746,217.27692169707817
image_0876.tif,800,1200,4.151143812349669,933.44342767418,218.2630975417043
image_0877.tif,800,1200,5.401371263898766,929.3490460083781,198.44999999999982
image_0878.tif,800,1200,2.511495128661597,914.9383097501109,189.56666666666658
image_0879.tif,800,1200,2.96758986280925,913.953986548845,196.39722630453193
image_0880.tif,800,1200,3.212437058860816,906.0041382470226,191.8801018405453
image_0881.tif,800,1200,4.389866410669229,919.5004602858321,189.88333333333324
image_0882.tif,800,1200,3.606195402936735,915.4967280126036,208.17755560657642
image_0883.tif,800,1200,3.2016520703042772,975.1741568528245,195.33333333333317
image_0884.tif,800,1200,2.877120630815882,934.7956027023046,199.99999999999986
image_0885.tif,800,1200,4.694515689876713,919.1160708423768,208.56299587576223
image_0886.tif,800,1200,5.44067043604936,910.8531966682997,210.7421837135204
image_0887.tif,800,1200,5.8886719982702,918.0221743692464,209.89762572173387
image_0888.tif,800,1200,0.4175125489368172,908.2603225668598,242.21666666666658
image_0889.tif,800,1200,0.692984814594241,919.0976393109261,242.64999999999986
image_0890.tif,800,1200,1.01461981191604,904.3887559720937,239.26342286690624
image_0891.tif,800,1200,1.3463584149537375,910.9950677823617,241.5333333333333
image_0892.tif,800,1200,0.28584612852882074,913.2710504051572,230.76666666666657
image_0893.tif,800,1200,0.30466881579095073,917.9810198354035,225.54999999999987
image_0894.tif,800,1200,0.31377186682071834,911.1457897613847,223.87972133377858
image_0895.tif,800,1200,0.5163315138210365,926.3288576280695,236.83458520966215
image_0896.tif,800,1200,0.3840280890301937,923.0865866388751,240.56666666666658
image_0897.tif,800,1200,1.2617479608040485,889.1165835314032,225.54936561882823
image_0898.tif,800,1200,0.613605945659808,903.0704540861334,238.53333333333327
image_0899.tif,800,1200,0.5534774781509464,938.1713777183247,236.6478142963284
image_0900.tif,800,1200,0.8975310254550406,937.8853387798906,238.45543434956303
image_0901.tif,800,1200,0.3307062842677153,901.1969253947932,236.16666666666666
image_0902.tif,800,1200,2.585550267799003,925.3592564886901,231.8166666666666
image_0903.tif,800,1200,1.5944381104231837,888.8826316379186,234.04999999999987
image_0904.tif,800,1200,2.785535522578967,922.4369130465927,232.1333333333332
image_0905.tif,800,1200,1.7180148226534264,941.9084832515908,235.06666666666652
image_0906.tif,800,1200,1.3927933179478682,924.6830596853827,165.91666666666674
image_0907.tif,800,1200,1.9891305695887036,920.9821203615026,164.8500000000001
image_0908.tif,800,1200,1.0597798347354566,958.4652026329184,163.18333333333342
image_0909.tif,800,1200,1.851197302579667,955.6172719048363,143.93333333333334
image_0910.tif,800,1200,1.5514844637845933,953.4921196189973,161.61666666666676
image_0911.tif,800,1200,0.30054027239002856,935.2320608080993,159.1639067304468
image_0912.tif,800,1200,0.012190180392425809,978.198020847623,158.11004697813564
image_0913.tif,800,1200,1.0165050486442553,965.8027020292227,153.8833333333333
image_0914.tif,800,1200,1.6288735252735949,966.436613574221,349.8833333333334
image_0915.tif,800,1200,0.9055372188113697,961.6948164630448,155.49999999999997
image_0916.tif,800,1200,4.704593985796901,946.255391267684,341.40000000000026
image_0918.tif,800,1200,1.8669656719998926,954.0928613531823,152.10000000000008
image_0919.tif,800,1200,3.2812108124696326,920.3268406390639,154.63333333333333
image_0920.tif,800,1200,0.6101969340721922,946.4116737196425,160.1833333333333
image_0921.tif,800,1200,1.0253919376779432,949.0684837771271,160.24999999999997
image_0922.tif,800,1200,0.20593360927600646,901.1438923882964,161.26666666666662
image_0923.tif,800,1200,0.9149475738046471,945.3405080367577,158.79999999999998
image_0924.tif,800,1200,3.381396283339808,949.873392061005,352.1333333333334
image_0925.tif,800,1200,2.3075615478930684,942.2085207583075,158.81666666666675
image_0926.tif,800,1200,6.673943004976613,948.8084341900274,185.7333333333332
image_0927.tif,800,1200,7.179408400691347,946.3680838364725,372.78333333333313
image_0928.tif,800,1200,6.238003704204494,881.8459100946595,181.59999999999982
image_0929.tif,800,1200,7.079274147029535,932.4231171272202,206.0999999999999
image_0930.tif,800,1200,7.006458538503519,941.4295304457212,182.26666666666657
image_0931.tif,800,1200,4.996195896041716,938.4040123984627,181.18333333333328
image_0932.tif,800,1200,8.156954821988414,984.3719168599976,203.64999999999995
image_0933.tif,800,1200,6.81663108846145,977.0764999003428,182.18903458697093
image_0934.tif,800,1200,6.763536886428998,951.2609266450272,180.76666666666657
image_0935.tif,800,1200,5.516858645936331,996.5132555355169,176.58333333333323
image_0936.tif,800,1200,6.586073079545745,999.9783288456597,202.4166666666666
image_0937.tif,800,1200,3.920091906274904,955.4914590237398,185.23333333333326
image_0938.tif,800,1200,4.59363648094211,960.7601321549041,171.44999999999985
image_0939.tif,800,1200,3.7473307730592627,959.0111273120801,182.11666666666665
image_0940.tif,800,1200,5.662362653344456,948.8349407073674,193.79999999999995
image_0941.tif,800,1200,7.157571686967145,1006.1162755534888,381.59999999999985
image_0942.tif,800,1200,7.1967387011535,993.9638447632399,185.5666666666667
image_0943.tif,800,1200,5.13664285245733,948.1197972948851,183.39999999999986
image_0944.tif,800,1200,9.411792028799532,944.2727640991377,795.0000000000001
image_0945.tif,800,1200,10.729980685457027,946.7247630246436,795.0000000000001
image_0946.tif,800,1200,10.44623539093309,1005.0962852130481,795.0000000000001
image_0947.tif,800,1200,8.622622454110399,957.8613147269382,795.0000000000001
image_0948.tif,800,1200,11.038404802246477,986.8508970387788,795.0000000000001
image_0949.tif,800,1200,12.247598671621384,991.9114863268081,795.0000000000001
image_0950.tif,800,1200,11.724430979164238,992.5827285546783,795.0000000000001
image_0951.tif,800,1200,11.881763463710211,1000.0751709200948,795.0000000000001
image_0952.tif,800,1200,11.596216778893076,996.8359404407811,795.0000000000001
image_0953.tif,800,1200,11.994710396006358,995.2878368861557,795.0000000000001
image_0954.tif,800,1200,12.141241209457059,997.3082367480605,795.0000000000001
image_0955.tif,800,1200,10.337814421474151,1007.1534135730324,795.0000000000001
image_0956.tif,800,1200,11.56779350041031,1003.8781476058498,795.0000000000001
image_0957.tif,800,1200,10.975155438743167,994.8746063160443,795.0000000000001
image_0958.tif,800,1200,11.330957005585656,1009.0294653892138,795.0000000000001
image_0959.tif,800,1200,11.551114651927145,1007.1869469461674,795.0000000000001
image_0960.tif,800,1200,10.78576106122713,995.2972693869874,795.0000000000001
image_0961.tif,800,1200,12.077902040402961,1010.6938554874737,795.0000000000001
image_0962.tif,800,1200,11.81398522471187,1010.6548797855362,795.0000000000001
image_0963.tif,800,1200,12.147957741662411,1003.7333952555878,795.0000000000001
image_0964.tif,800,1200,11.447721790029961,1013.7831552821258,795.0000000000001
image_0965.tif,800,1200,11.913302521108596,1006.371075543339,795.0000000000001
image_0966.tif,800,1200,12.249675069511046,1011.7141309418247,795.0000000000001
image_0967.tif,800,1200,11.88004593397401,1009.9110373556973,795.0000000000001
image_0968.tif,800,1200,11.77707830108009,1005.9475217420693,795.0000000000001
image_0969.tif,800,1200,11.504784889291768,1010.4845284238352,795.0000000000001
image_0970.tif,800,1200,12.33801575478249,1004.8940736937789,795.0000000000001
image_0971.tif,800,1200,12.141828361367327,1010.3643025909812,795.0000000000001
image_0972.tif,800,1200,10.770938325493585,956.1387878708224,795.0000000000001
image_0973.tif,800,1200,10.062091293904992,962.2157647658215,795.0000000000001
image_0974.tif,800,1200,12.179834973562983,999.4125729702025,795.0000000000001
image_0975.tif,800,1200,12.049937036951192,1001.1809466832808,795.0000000000001
image_0976.tif,800,1200,10.26136121542386,947.7159070083505,795.0000000000001
image_0977.tif,800,1200,10.603002544077357,962.4744060672638,795.0000000000001
image_0978.tif,800,1200,10.027105263210116,951.3681715342159,795.0000000000001
image_0979.tif,800,1200,10.231295413114331,951.9939907269538,795.0000000000001
image_0980.tif,800,1200,10.331243846730764,967.6885872060634,795.0000000000001
image_0981.tif,800,1200,10.018027987341886,956.172561263098,795.0000000000001
image_0982.tif,800,1200,10.64418394076564,955.1739116242068,795.0000000000001
image_0983.tif,800,1200,10.761850198202579,957.54062222127,795.0000000000001
image_0984.tif,800,1200,10.264935884319137,949.5072898617816,795.0000000000001
image_0985.tif,800,1200,10.082673305199636,944.0434218524815,795.0000000000001
image_0986.tif,800,1200,10.291105558844777,960.2532937024541,795.0000000000001
image_0987.tif,800,1200,10.770875172981597,963.9068905159215,795.0000000000001
image_0988.tif,800,1200,9.905872063707168,957.8588482625889,795.0000000000001
image_0989.tif,800,1200,9.723255017404162,965.4853404314861,795.0000000000001
image_0990.tif,800,1200,2.4837869245066173,967.8010302000317,372.8938954298922
image_0991.tif,800,1200,0.8159577236697988,962.8096843710803,231.02331948809183
image_0992.tif,800,1200,2.8474515866406653,955.6878274462244,257.7927365084035
image_0993.tif,800,1200,4.912512598144601,957.8326704613044,237.71781613505937
image_0994.tif,800,1200,6.711468144862332,953.5243763774295,325.9366718300442
image_0995.tif,652,800,4.071498994537452,646.1260294057201,127.94337341608461
image_0996.tif,600,800,8.262128864689707,644.2541427801049,260.86189784196074
image_0997.tif,688,1074,9.751801399511713,857.9596752517139,473.99367781228966
image_0998.tif,652,800,8.677503593875628,642.1850203786852,101.88280339685683
image_0999.tif,652,800,11.070220445516352,643.3285818917375,267.8638907827785
image_1000.tif,512,512,11.622041964780987,418.8490726989233,148.77553425091105
image_1001.tif,652,800,16.8058847556453,642.8984544916445,123.01116536621419
image_1002.tif,512,512,15.338796711342887,421.92773432228,137.8375320262332
image_1003.tif,652,800,12.016099526332246,649.2671746543097,118.10031080278812
image_1004.tif,512,512,13.945582169281467,416.6627392726681,136.33726866573025
image_1005.tif,512,512,10.198001609090063,424.2464146093503,151.2885056024985
image_1006.tif,512,512,15.083178098978125,420.79499049653,181.26637659723542
image_1007.tif,652,800,4.3032734660562095,648.124870423647,153.40169734885944
image_1008.tif,512,512,12.332885809622667,420.45861852110846,168.30256541785386
image_1009.tif,652,800,0.5851735092877242,650.9821699861351,212.18739107545125
image_1010.tif,512,512,13.330833018891195,420.84843695578206,137.50000000000003
image_1011.tif,652,800,8.25517522976907,653.0090871342422,146.98752138590177
image_1012.tif,652,800,16.467367805853684,657.7295023350405,356.45350028924275
image_1013.tif,512,512,14.887139908094568,444.92790933791713,172.8587819599164
image_1014.tif,512,512,14.226445224522566,443.4994933805143,166.19144179483413
image_1015.tif,512,512,14.010015900782145,445.56646279602626,165.9333333333333
image_1016.tif,512,512,16.42908035173547,447.171499051964,126.12255909398895
image_1017.tif,512,512,13.709124413296673,445.55195540704733,125.20320708673891
image_1018.tif,512,512,17.001423455465265,445.54249319190836,154.43277833991354
image_1019.tif,512,512,15.131982721242174,444.4932422985686,163.38594068489422
image_1020.tif,512,512,16.842760494490765,447.2789029285218,196.64999999999995
image_1021.tif,512,512,13.629245061200182,450.30799283702197,126.06666666666668
image_1022.tif,512,512,16.48114282047124,444.0693069496767,197.5652869446228
image_1023.tif,512,512,13.13348810723904,414.91295370880704,150.17012289508816
image_1024.tif,512,512,13.398564779187069,447.477860575313,190.30632456992726
image_1025.tif,556,660,3.8100713680421183,567.2385083525536,128.18333333333342
image_1026.tif,556,660,6.796298766810634,567.0311118760212,165.86666666666667
image_1027.tif,556,660,6.847161371144985,565.6152246088491,171.86666666666665
image_1028.tif,556,660,2.8215405969964067,569.1499451933571,147.11666666666667
image_1029.tif,556,660,2.1129086357079636,567.639131721817,118.27830520877042
image_1030.tif,556,660,1.4384240338998406,569.4082668077651,138.57493057126706
image_1031.tif,556,660,4.3008160950787975,570.4190584718699,131.16045307398656
image_1032.tif,556,660,3.998919762522844,568.4277341993935,121.0937314149403
image_1033.tif,556,660,7.628920413619746,558.8497995413561,131.28333333333342
image_1034.tif,556,660,7.34079188594192,567.2616399689275,136.51525467819434
image_1035.tif,556,660,5.502733477445002,559.3017681528249,101.95848130475724
image_1036.tif,556,660,5.37704868884375,568.6672185369972,100.20390301606835
image_1037.tif,556,660,5.754233207765573,571.3674126599708,96.4166666666667
image_1038.tif,556,660,7.147252461947313,568.4484996348224,164.3166666666666
image_1039.tif,556,660,5.783652294943106,569.4838670886679,161.95
image_1040.tif,556,660,5.936257190875825,567.8557443191094,163.56666666666658
image_1041.tif,556,660,0.026695034646808224,566.4129443957954,153.41666666666669
image_1042.tif,556,660,0.25825484727037384,568.6892736518523,152.0697488794425
image_1043.tif,556,660,6.313142630807836,566.5845569685009,115.06666666666672
image_1044.tif,556,660,4.5195518512677495,572.5894906843226,113.71666666666668
image_1045.tif,556,660,7.257110146453785,568.6954527140933,113.40595848494621
image_1046.tif,556,660,9.291990298000504,572.3831722295765,138.81666666666672
image_1047.tif,556,660,9.237023996883503,575.9865991414042,137.05000000000007
