image_id,pa_deg_block19,fl_mm_block19,mt_mm_block19,pa_deg_smpcal,fl_mm_smpcal,mt_mm_smpcal,pa_deg,fl_mm,mt_mm
IMG_00001.tif,15.184999382992073,69.51900506035315,17.343054797399642,15.756347215971267,75.74186985717652,21.033289325882002,15.384971124534792,71.69700773924133,18.63463688236847
IMG_00002.tif,15.184999382992073,77.64730335888964,19.46961934957594,17.190253674266838,74.12404504273243,19.870369325882002,15.88683838493824,76.41416294823462,19.609881841283062
IMG_00003.tif,16.783151381294555,75.47940218342785,20.2610938578662,18.994811283171156,67.6590195303053,20.504689325882,17.557232346951366,72.74226825483495,20.34635227167173
IMG_00004.tif,18.356927962172982,74.57940429376177,21.17737086016661,18.578677973758424,72.78448036214562,21.350449325882,18.434540466227887,73.95118091769612,21.237948323166997
IMG_00005.tif,19.902417449190285,67.98437392273458,20.809958620689656,19.075106207417313,65.65736513697517,20.046569325882,19.612858514569744,67.16992084771879,20.542772367506977
IMG_00006.tif,18.356927962172982,75.34282267503376,22.26354537826091,15.756347215971267,75.74186985717652,21.033289325882002,17.44672470100238,75.48248918878373,21.832955759928293
IMG_00007.tif,21.416163570040993,71.74652251495559,21.83066464390891,15.756347215971267,75.74186985717652,21.773329325882,19.43522784611659,73.14489408473291,21.810597282599492
IMG_00008.tif,21.416163570040993,72.49917433740022,22.023151180417862,22.50432252171308,62.904281490112325,21.949529325882,21.797019203126222,69.14096184084946,21.99738353133031
IMG_00009.tif,15.184999382992073,78.24710708223043,19.372857569411277,15.756347215971267,75.74186985717652,20.099429325882,15.384971124534792,77.37027405346156,19.62715768417603
IMG_00010.tif,15.184999382992073,79.5988927051473,19.74842984447499,15.756347215971267,75.74186985717652,20.187529325882,15.384971124534792,78.24893470835754,19.902114662967445
IMG_00011.tif,18.356927962172982,71.71356061610078,19.21696224324811,15.756347215971267,75.74186985717652,19.817509325882,17.44672470100238,73.1234688504773,19.42715372216997
IMG_00012.tif,15.184999382992073,79.0337010990105,19.81173080816483,15.756347215971267,75.74186985717652,20.275629325882,15.384971124534792,77.88156016436861,19.974095289365838
IMG_00013.tif,19.439999999999998,62.7062333338634,20.228400029541024,17.288161862977613,65.1488511418193,18.319809325882,18.686856652042163,63.56114956664797,19.560393283260368
IMG_00014.tif,19.439999999999998,61.95499762701003,18.015739885526138,23.29291369441377,57.33126308343321,19.993709325882,20.78851979304482,60.33669053675814,18.708029189650688
IMG_00015.tif,19.439999999999998,65.4584542897603,22.243391209657457,18.588597003430266,63.38007900338121,19.042229325882,19.14200895120059,64.73102293952762,21.122984550336046
IMG_00016.tif,16.783151381294555,79.78211276891841,21.54462978695505,15.861855331682506,75.74186985717652,22.055249325882002,16.460697763930337,78.36802774980875,21.723346625579484
IMG_00017.tif,16.783151381294555,76.94386626720272,20.5311797262408,15.932035538470492,75.74186985717652,21.033289325882002,16.485260836306132,76.52316752369356,20.706918086115223
IMG_00018.tif,16.783151381294555,73.86132742896184,20.515598548694282,16.975077006142307,71.36639869162181,19.112709325882,16.85032534999127,72.98810237089283,20.024587320709983
IMG_00019.tif,19.439999999999998,57.84117886903304,17.705618199521055,20.21192543499552,59.64845867221247,19.147949325882003,19.71017390224843,58.47372680014584,18.210434093747388
IMG_00020.tif,15.184999382992073,78.28001592630817,19.47855493358469,15.756347215971267,75.74186985717652,19.993709325882,15.384971124534792,77.39166480211209,19.658858970888748
IMG_00021.tif,16.783151381294555,67.61873092443754,17.79464786703483,15.756347215971267,75.74186985717652,19.799889325882003,16.423769923431404,70.46182955089618,18.496482377631338
IMG_00022.tif,18.356927962172982,71.98794842221123,20.38757981762162,17.972558545684105,69.44876672304046,19.870369325882002,18.222398666401876,71.09923482750146,20.206556145512756
IMG_00023.tif,16.783151381294555,74.46370576189008,20.10104313618054,16.85011075309439,75.74186985717652,19.782269325882,16.8065871614245,74.91106319524035,19.98947230257605
IMG_00024.tif,18.356927962172982,76.99861332189701,21.760617491847995,15.756347215971267,75.74186985717652,22.143349325882003,17.44672470100238,76.55875310924485,21.894573633759897
IMG_00025.tif,16.783151381294555,79.26719572763815,21.18876458479175,15.756347215971267,75.74186985717652,21.614749325882002,16.423769923431404,78.03333167297659,21.337859244173337
IMG_00026.tif,19.902417449190285,76.3014144645211,21.87668355056656,15.756347215971267,75.74186985717652,21.984769325882002,18.45129286756363,76.1055738519505,21.914513571926964
IMG_00027.tif,18.356927962172982,75.0096987487122,20.595303848430568,15.756347215971267,75.74186985717652,20.857089325882,17.44672470100238,75.26595863667471,20.68692876553857
IMG_00028.tif,19.133435662587893,72.66880598066336,20.244106990320333,15.756347215971267,75.74186985717652,20.927569325882,17.951454706272074,73.74437833744297,20.483318807766913
IMG_00029.tif,16.783151381294555,78.07111755760661,20.772277601971563,15.756347215971267,75.74186985717652,21.103769325882002,16.423769923431404,77.25588086245608,20.888299705340216
IMG_00030.tif,13.566796857094278,82.2921540074245,17.82250119073995,15.756347215971267,75.74186985717652,19.570829325882002,14.333139482701224,79.99955455483772,18.434416038039668
IMG_00031.tif,13.566796857094278,82.36025674483193,17.714854353003062,15.756347215971267,75.74186985717652,19.447489325882,14.333139482701224,80.04382133415254,18.32127659351069
IMG_00032.tif,16.783151381294555,81.09671740539088,21.83666790199554,15.756347215971267,75.74186985717652,22.178589325882,16.423769923431404,79.22252076351586,21.9563404003558
IMG_00033.tif,18.356927962172982,74.668537171748,20.483913864698543,15.756347215971267,75.74186985717652,21.050909325882,17.44672470100238,75.04420361164799,20.68236227611275
IMG_00034.tif,16.783151381294555,79.34851370533384,21.99923908538647,15.756347215971267,75.74186985717652,21.597129325882,16.423769923431404,78.08618835847878,21.858500669559906
IMG_00035.tif,16.783151381294555,73.77032250966045,17.809633622208608,15.756347215971267,75.74186985717652,19.923229325882,16.423769923431404,74.46036408129108,18.549392118494296
IMG_00036.tif,13.566796857094278,90.76359036192525,18.709078951741382,17.93674837181179,75.74186985717652,22.425269325882002,15.096279887245409,85.5059881852632,20.0097455826906
IMG_00037.tif,13.566796857094278,91.33041438060962,20.280451648926284,15.756347215971267,75.74186985717652,19.377009325882,14.333139482701224,85.87442379740804,19.964246835860784
IMG_00038.tif,15.184999382992073,80.94385780901372,17.55125684963556,25.954501262631,50.82600888962996,17.597389325882002,18.954325040865697,70.4026106872294,17.567403216321814
IMG_00039.tif,16.783151381294555,83.0146742447133,19.977024397439656,20.830469613965317,50.241869857176525,16.690089325882,18.19971276272932,71.54419270907543,18.826597122394475
IMG_00040.tif,19.439999999999998,60.17671662811217,21.624218610001773,15.756347215971267,75.74186985717652,20.962809325882002,18.150721525589944,65.62452025828469,21.39272536055985
IMG_00041.tif,13.566796857094278,78.4415920146314,19.798012963534013,19.79408734182082,57.13232495183347,18.125989325882003,15.746348526748568,70.98334854265212,19.21280469035581
IMG_00042.tif,19.439999999999998,62.17982975756826,18.44912814398661,15.756347215971267,74.70193560111828,18.055509325882,18.150721525589944,66.56256680281076,18.311361557649995
IMG_00043.tif,19.439999999999998,60.29230658674473,18.504879996897436,20.756347215971267,53.400666142506026,17.333089325882,19.900721525589944,57.880232431261184,18.094753262042033
IMG_00044.tif,13.566796857094278,75.76039575120487,18.323811358188962,20.756347215971267,53.400666142506026,17.333089325882,16.083139482701224,67.93449038816027,17.977058646881524
IMG_00045.tif,13.566796857094278,76.11474403556575,18.349981548311323,20.756347215971267,53.400666142506026,17.333089325882,16.083139482701224,68.16481677299484,17.99406927046106
IMG_00046.tif,19.439999999999998,57.634581129983374,17.457911612578673,20.756347215971267,53.400666142506026,17.333089325882,19.900721525589944,56.1527108843663,17.414223812234837
IMG_00047.tif,13.566796857094278,93.75196329802496,20.990495583154548,17.135892770875977,74.02984164545732,19.782269325882,14.815980426917871,86.84922071962629,20.567616393109155
IMG_00048.tif,19.439999999999998,70.09158103599938,21.077083606151938,15.756347215971267,75.74186985717652,18.460769325882,18.150721525589944,72.06918212341138,20.16137360805746
IMG_00049.tif,19.439999999999998,69.10349328828019,16.84978225793848,18.040116682492368,59.25811504302702,17.685489325882003,18.950040838872326,65.65761090244158,17.142279731718713
IMG_00050.tif,15.184999382992073,84.93021538774113,20.130337995348548,16.453435879434362,75.74186985717652,20.945189325882,15.628952156746875,81.71429445204352,20.415535961035257
IMG_00051.tif,14.37811948391138,81.86493434535468,18.45794895218308,15.756347215971267,75.74186985717652,22.072869325882,14.86049919013234,79.72186177449233,19.7231710829777
IMG_00052.tif,19.439999999999998,69.20375854081198,17.974148507938477,15.756347215971267,68.63700036678493,17.350709325882,18.150721525589944,69.00539317990251,17.75594479421871
IMG_00053.tif,15.184999382992073,82.85708702046102,19.098659659017613,16.254315271019415,60.29041154245973,16.716389325882,15.559259943801644,74.95875060316057,18.26486504242015
IMG_00054.tif,19.439999999999998,73.64754453669386,19.02204312304639,15.756347215971267,75.74186985717652,20.804229325882,18.150721525589944,74.38055839886279,19.645808294038854
IMG_00055.tif,19.439999999999998,77.9960186710081,20.951107720000156,22.54944587100352,50.71720994741801,16.804489325882003,20.52830605485123,68.44843561775157,19.4997912820588
IMG_00056.tif,15.184999382992073,85.18666726430975,21.461489525634033,16.98565474627478,75.74186985717652,21.139009325882,15.815228760141022,81.88098817181312,21.34862145572082
IMG_00057.tif,15.184999382992073,85.1866227704717,21.461018573848612,17.031610234100917,75.74186985717652,21.139009325882,15.83131318088017,81.88095925081839,21.3483153370603
IMG_00058.tif,15.184999382992073,85.15411068634012,21.461269909868726,17.030622486478954,75.74186985717652,21.121389325882003,15.830967469212482,81.85982639613286,21.34231170547337
IMG_00059.tif,15.986861079646813,82.35956045444887,21.46233792071373,16.9437081902266,75.74186985717652,21.121389325882003,16.32175756834974,80.04336874540355,21.343005912522624
IMG_00060.tif,16.783151381294555,79.94038681243595,21.460771211363607,16.966691060827486,75.74186985717652,21.121389325882003,16.847390269131083,78.47090587809515,21.341987551445044
IMG_00061.tif,18.356927962172982,77.05717802412987,21.56582066564949,20.816709068368215,63.878288328326214,20.998049325882,19.217851349341313,72.44456663059859,21.367100696730866
IMG_00062.tif,18.356927962172982,77.01615676760774,21.568631815590287,20.907357637189644,63.66845315003212,20.998049325882,19.249578348428813,72.34446050145627,21.368927944192386
IMG_00063.tif,17.573341339728536,78.60714415735369,21.556938398292917,21.012174044093506,63.43201322923777,20.998049325882,18.776932786256275,73.29584833251312,21.361327222949097
IMG_00064.tif,16.783151381294555,80.57016666176638,21.539539698612984,20.63920072956527,64.30429897262069,20.998049325882,18.132768653189306,74.87711297056539,21.35001806815714
IMG_00065.tif,16.783151381294555,80.5221557507952,21.52909641882067,20.914232508421833,63.65274425341556,20.998049325882,18.2290297757891,74.61786172671233,21.343229936292136
IMG_00066.tif,16.783151381294555,88.21585375303071,22.413769346118944,15.756347215971267,75.74186985717652,20.099429325882,16.423769923431404,83.84995938948175,21.60375033903601
IMG_00067.tif,16.783151381294555,88.3428411910471,22.414530596118944,15.756347215971267,75.74186985717652,20.064189325882,16.423769923431404,83.93250122419241,21.591911151536014
IMG_00068.tif,16.783151381294555,88.2245851396633,22.413160346118943,15.756347215971267,75.74186985717652,20.064189325882,16.423769923431404,83.85563479079293,21.591020489036012
IMG_00069.tif,16.783151381294555,88.12417068533043,22.40377970465634,15.756347215971267,75.74186985717652,20.064189325882,16.423769923431404,83.79036539547656,21.584923072085324
IMG_00070.tif,16.783151381294555,88.21513765347134,22.41083021728062,15.756347215971267,75.74186985717652,20.099429325882,16.423769923431404,83.84949392476815,21.6018399052911
IMG_00071.tif,19.439999999999998,75.65698947654609,21.273666758406385,21.979107915020137,58.04002518264994,19.606069325882,20.328687770257048,69.49105197368243,20.69000765702285
IMG_00072.tif,19.439999999999998,75.60118898894997,21.27458019621,22.95063049604392,56.848119338285834,19.606069325882,20.668720673615372,69.03761461121752,20.6906013915952
IMG_00073.tif,19.439999999999998,75.59395993645181,21.273966899000495,23.006571812292556,56.78685658651055,19.606069325882,20.688300134302395,69.01147376397238,20.69020274840902
IMG_00074.tif,19.439999999999998,75.51335279429225,21.274864033967276,23.296778626781325,56.557210823419126,19.641309325882002,20.78987251937346,68.87870310448665,20.70311988613743
IMG_00075.tif,19.439999999999998,75.46773868944413,21.275776849691404,23.896000670842717,56.01045247290631,19.658929325882003,20.99960023479495,68.6576885136559,20.709880216358115
IMG_00076.tif,19.439999999999998,73.62099861802709,20.993266917465764,15.756347215971267,75.74186985717652,19.588449325882,18.150721525589944,74.36330355172939,20.501580760411446
IMG_00077.tif,19.439999999999998,73.60039048207305,21.053905300572385,15.756347215971267,75.74186985717652,19.535589325882,18.150721525589944,74.34990826335927,20.522494709430752
IMG_00078.tif,19.439999999999998,73.60749703926992,21.05860845954805,15.756347215971267,75.74186985717652,19.517969325882,18.150721525589944,74.35452752553724,20.519384762764933
IMG_00079.tif,19.439999999999998,73.59404519229855,21.059985764672938,15.805081032497416,75.74186985717652,19.517969325882,18.167778361374094,74.34578382500584,20.52028001109611
IMG_00080.tif,19.439999999999998,73.56973732161728,21.060450536552672,15.814021101945524,75.74186985717652,19.500349325882002,18.170907385680934,74.32998370906301,20.514415112817936
IMG_00081.tif,13.566796857094278,84.30985814373474,19.404820785962215,15.756347215971267,75.74186985717652,19.747029325882,14.333139482701224,81.31106224343937,19.52459377493414
IMG_00082.tif,13.566796857094278,84.31934295931501,19.40330363039056,15.756347215971267,75.74186985717652,19.738219325882,14.333139482701224,81.31722737356654,19.520524123812564
IMG_00083.tif,13.566796857094278,84.31834184242365,19.402524942272795,15.756347215971267,75.74186985717652,19.729409325882003,14.333139482701224,81.31657664758715,19.516934476536015
IMG_00084.tif,13.566796857094278,84.3193062904007,19.404808692272795,15.756347215971267,75.74186985717652,19.729409325882003,14.333139482701224,81.31720353877225,19.51841891403602
IMG_00085.tif,13.566796857094278,84.3245184001542,19.404656442272795,15.756347215971267,75.74186985717652,19.747029325882,14.333139482701224,81.32059141011202,19.524486951536016
IMG_00086.tif,16.783151381294555,79.28673204001115,21.24176465412352,18.687545482098272,73.3005940580787,21.614749325882002,17.449689316575856,77.19158374633479,21.372309289238988
IMG_00087.tif,15.986861079646813,81.34486366408544,21.24131004283317,17.97228763800735,75.74186985717652,21.597129325882,16.681760375073004,79.38381583166732,21.36584679190026
IMG_00088.tif,16.783151381294555,79.19650833006283,21.241780518613787,17.57999287837667,75.74186985717652,21.597129325882,17.062045905273294,77.98738486455262,21.366152601157662
IMG_00089.tif,16.783151381294555,79.20480752738936,21.23977954392881,18.34591597540966,75.05413862241602,21.597129325882,17.33011898923484,77.75207341064869,21.364851967612427
IMG_00090.tif,16.783151381294555,79.19388561640841,21.244702755930117,20.370915798887175,66.81693672242345,21.597129325882,18.038868927451972,74.86195350351367,21.368052055413276
IMG_00091.tif,15.184999382992073,85.12869058004054,21.51359870579429,15.947316552054705,75.74186985717652,21.808569325882,15.451810392163996,81.84330332703814,21.61683842282499
IMG_00092.tif,15.184999382992073,85.14136685018354,21.5148236448328,15.756347215971267,75.74186985717652,21.808569325882,15.384971124534792,81.8515429026311,21.61763463320002
IMG_00093.tif,15.184999382992073,85.10888598658208,21.51486479608971,15.933463250264658,75.74186985717652,21.808569325882,15.446961736537478,81.83043034129014,21.61766138151701
IMG_00094.tif,15.184999382992073,85.04430407589551,21.503878732738436,15.756347215971267,75.74186985717652,21.808569325882,15.384971124534792,81.78845209934387,21.610520440338682
IMG_00095.tif,15.184999382992073,85.03895414389544,21.503655507216966,16.238893460243613,75.74186985717652,21.790949325882,15.553862310030112,81.78497464354382,21.60420834374973
IMG_00096.tif,19.133435662587893,71.96103450254624,20.628430373653213,15.756347215971267,75.74186985717652,21.103769325882002,17.951454706272074,73.28432687666684,20.79479900693329
IMG_00097.tif,19.133435662587893,72.17517881256066,20.612245099590623,15.756347215971267,75.74186985717652,21.103769325882002,17.951454706272074,73.42352067817622,20.784278578792605
IMG_00098.tif,19.902417449190285,71.13604687478214,20.613029129644183,15.756347215971267,75.74186985717652,21.086149325882,18.45129286756363,72.74808491862018,20.778621198327418
IMG_00099.tif,19.902417449190285,71.26779874710162,20.61032684357226,15.756347215971267,75.74186985717652,21.103769325882002,18.45129286756363,72.83372363562783,20.78303171238067
IMG_00100.tif,19.902417449190285,71.3876978157147,20.61077486352315,15.756347215971267,75.74186985717652,21.103769325882002,18.45129286756363,72.91165803022635,20.78332292534875
IMG_00101.tif,15.184999382992073,85.81441015093523,21.852365211235323,16.786693354271673,75.74186985717652,22.090489325882,15.745592272939934,82.28902104811968,21.93570865136166
IMG_00102.tif,15.986861079646813,82.95303602183017,21.853239396088156,16.713777968993597,75.74186985717652,22.090489325882,16.24128199091819,80.42912786420139,21.936276871516
IMG_00103.tif,15.986861079646813,82.95373522328492,21.852632834252184,16.850888581222534,75.74186985717652,22.090489325882,16.289270705198316,80.42958234514698,21.935882606322618
IMG_00104.tif,15.986861079646813,82.95146178889962,21.85144049013836,16.745164906056516,75.74186985717652,22.090489325882,16.25226741889021,80.42810461279655,21.935107582648634
IMG_00105.tif,15.986861079646813,82.89291071561624,21.842277375050255,16.67717753262962,75.74186985717652,22.090489325882,16.228471838190796,80.39004641516235,21.929151557841365
IMG_00106.tif,15.184999382992073,85.48741469762467,21.548865044020214,15.756347215971267,75.74186985717652,21.227109325882,15.384971124534792,82.07647400346782,21.43625054267184
IMG_00107.tif,15.184999382992073,85.48721378140459,21.548865044020214,15.756347215971267,75.74186985717652,21.227109325882,15.384971124534792,82.07634340792477,21.43625054267184
IMG_00108.tif,15.184999382992073,85.48718265152212,21.548865044020214,15.756347215971267,75.74186985717652,21.227109325882,15.384971124534792,82.07632317350117,21.43625054267184
IMG_00109.tif,15.986861079646813,82.53934235963378,21.548865044020214,15.756347215971267,75.74186985717652,21.227109325882,15.906181227360372,80.16022698377374,21.43625054267184
IMG_00110.tif,15.986861079646813,82.4599920991798,21.548090188354102,15.756347215971267,75.74186985717652,21.227109325882,15.906181227360372,80.10864931447865,21.435746886488865
IMG_00111.tif,16.783151381294555,76.69542207583339,20.363540233780512,15.756347215971267,75.74186985717652,20.222769325882002,16.423769923431404,76.36167879930349,20.314270416016033
IMG_00112.tif,16.783151381294555,76.69197416219794,20.36771423800175,15.756347215971267,75.74186985717652,20.222769325882002,16.423769923431404,76.35943765544044,20.316983518759837
IMG_00113.tif,17.573341339728536,75.07081640118807,20.367186380657117,15.756347215971267,75.74186985717652,20.222769325882002,16.93739339641349,75.30568511078403,20.316640411485828
IMG_00114.tif,18.356927962172982,73.83215005580263,20.38956864731057,15.756347215971267,75.74186985717652,20.205149325882,17.44672470100238,74.5005519862835,20.325021884810567
IMG_00115.tif,18.356927962172982,73.83150022057345,20.38789389731057,15.756347215971267,75.74186985717652,20.222769325882002,17.44672470100238,74.50012959338453,20.330100297310572
IMG_00116.tif,19.439999999999998,75.70687498571671,24.517474262927553,17.407741597219136,69.26076765602548,19.218429325882003,18.728709559026697,73.45073742032477,22.662808534961613
IMG_00117.tif,19.439999999999998,75.9726217814179,24.67293048428139,17.04365049570225,71.60683635039128,19.236049325882,18.601277673495787,74.44459688055858,22.770022078841606
IMG_00118.tif,19.439999999999998,75.82070008654375,24.671579252517407,15.756347215971267,75.74186985717652,19.218429325882003,18.150721525589944,75.79310950626522,22.762976778195018
IMG_00119.tif,19.439999999999998,75.42678251399819,24.508673403345902,18.02397068119989,66.08425998361014,19.183189325882,18.94438973841996,72.15689962836237,22.644753976233538
IMG_00120.tif,19.439999999999998,75.39104854463751,24.50471376965217,16.305117146750906,75.74186985717652,19.165569325882,18.342791001362816,75.51383600402617,22.63601321433261
IMG_00121.tif,16.783151381294555,87.31164600151072,21.674991228552734,16.230419519520268,75.74186985717652,20.469449325882,16.589695229673556,83.26222435099376,21.253051562617976
IMG_00122.tif,16.783151381294555,87.27153885006477,21.669998145922776,16.17750217102983,75.74186985717652,20.469449325882,16.5711741577019,83.23615470255389,21.249806058908504
IMG_00123.tif,18.356927962172982,84.38315029802251,21.670454895922777,16.20485210419567,75.74186985717652,20.469449325882,17.603701411880923,81.35870214372642,21.250102946408504
IMG_00124.tif,18.356927962172982,84.43218039683194,21.670911645922775,15.995673305753911,75.74186985717652,20.487069325882,17.530488832426308,81.39057170795255,21.256566833908504
IMG_00125.tif,18.356927962172982,84.39032648438219,21.671672895922775,16.157099816273664,75.74186985717652,20.487069325882,17.58698811110822,81.36336666486021,21.257061646408506
IMG_00126.tif,16.783151381294555,73.65401464641808,19.265894133799605,24.572395582187223,54.73929471427118,19.306529325882,19.50938685160699,67.03386267016667,19.280116451028444
IMG_00127.tif,16.783151381294555,73.6249057672413,19.26467725854041,24.619458593885945,54.70399281684216,19.306529325882,19.52585890570154,67.00258623460161,19.279325482109968
IMG_00128.tif,16.783151381294555,73.44198191103105,19.26523325442801,24.58363010513724,54.73084026243886,19.306529325882,19.513318934639493,66.89308233402379,19.27968687943691
IMG_00129.tif,16.783151381294555,73.48676996584564,19.264395478762452,24.580025386466303,50.241869857176525,16.690089325882,19.512057283104667,65.35105492781145,18.363388325254295
IMG_00130.tif,16.783151381294555,73.65702504624345,19.264628308322823,24.238601138851873,50.241869857176525,16.690089325882,19.392558796439616,65.46172073007003,18.363539664468536
IMG_00131.tif,15.184999382992073,87.03455520296156,24.168382430238143,16.805038225635357,75.74186985717652,21.121389325882003,15.752012977917223,83.08211533193679,23.101934843713494
IMG_00132.tif,15.184999382992073,87.03416843256205,24.168229584361193,16.969017241116646,75.74186985717652,21.121389325882003,15.809405633335675,83.08186393117712,23.101835493893475
IMG_00133.tif,15.184999382992073,87.03449041954279,24.167735625288095,16.93565112198022,75.74186985717652,21.121389325882003,15.797727491637925,83.0820732227146,23.101514420495963
IMG_00134.tif,15.184999382992073,87.03552284072872,24.169547303439174,16.940793688042568,75.74186985717652,21.103769325882002,15.799527389759747,83.08274429648546,23.096525011294162
IMG_00135.tif,15.184999382992073,87.03624091057583,24.163023880086982,17.08750616167796,75.74186985717652,21.103769325882002,15.850876755532134,83.08321104188607,23.09228478611524
IMG_00136.tif,19.902417449190285,71.65036466153461,20.54334190563729,15.756347215971267,75.74186985717652,20.434209325882,18.45129286756363,73.08239148000928,20.50514550272294
IMG_00137.tif,19.902417449190285,71.63839829503004,20.541667155637292,15.756347215971267,75.74186985717652,20.434209325882,18.45129286756363,73.07461334178132,20.50405691522294
IMG_00138.tif,19.902417449190285,71.62705150725156,20.540905905637292,15.756347215971267,75.74186985717652,20.434209325882,18.45129286756363,73.06723792972531,20.503562102722938
IMG_00139.tif,19.902417449190285,71.62831813551361,20.539189440316385,15.756347215971267,75.74186985717652,20.434209325882,18.45129286756363,73.06806123809564,20.50244640026435
IMG_00140.tif,19.902417449190285,71.61722780342026,20.53874530117046,15.756347215971267,75.74186985717652,20.434209325882,18.45129286756363,73.06085252223495,20.5021577098195
IMG_00141.tif,18.356927962172982,76.84283083012505,21.559637469950644,15.756347215971267,75.74186985717652,21.279969325882,17.44672470100238,76.45749448959307,21.46175361952662
IMG_00142.tif,18.356927962172982,76.89852359946016,21.56637857247216,15.756347215971267,75.74186985717652,21.279969325882,17.44672470100238,76.49369478966089,21.466135336165603
IMG_00143.tif,18.356927962172982,76.90053791035953,21.568239474355327,15.756347215971267,75.74186985717652,21.279969325882,17.44672470100238,76.49500409174549,21.46734492238966
IMG_00144.tif,18.356927962172982,76.88443599268079,21.56827444932653,15.756347215971267,75.74186985717652,21.279969325882,17.44672470100238,76.4845378452543,21.467367656120945
IMG_00145.tif,18.356927962172982,76.88246012598978,21.56813763957208,15.756347215971267,75.74186985717652,21.279969325882,17.44672470100238,76.48325353190515,21.46727872978055
IMG_00146.tif,15.184999382992073,82.68441435967144,20.200571032353764,16.10373671707408,75.74186985717652,20.028949325882,15.506557449920777,80.25452378379822,20.140503435088647
IMG_00147.tif,15.184999382992073,83.1010777459031,20.19995903329638,15.756347215971267,75.74186985717652,20.046569325882,15.384971124534792,80.5253549848488,20.146272635701347
IMG_00148.tif,15.184999382992073,82.12105734199972,20.193146020612737,15.756347215971267,75.74186985717652,20.046569325882,15.384971124534792,79.8883417223116,20.141844177456978
IMG_00149.tif,14.37811948391138,86.27112855988526,22.20329493316348,15.756347215971267,75.74186985717652,20.081809325882002,14.86049919013234,82.58588801393721,21.460774970614963
IMG_00150.tif,19.439999999999998,75.5037941888303,23.71298015247172,15.756347215971267,75.74186985717652,20.011329325882002,18.150721525589944,75.58712067275148,22.41740236316532
IMG_00151.tif,19.439999999999998,74.31653079901457,21.156448870543656,18.085140692707355,68.19215584822173,19.711789325882002,18.965799242447574,72.17299956623708,20.650818029912077
IMG_00152.tif,19.439999999999998,74.11725816629753,21.154768449427927,18.12223266827882,68.02265153692596,19.711789325882002,18.978781433897588,71.98414584601748,20.649725756186854
IMG_00153.tif,19.439999999999998,74.1237816991498,21.146417206425138,18.37578177881943,66.85573090512023,19.694169325882,19.067523622586798,71.57996392123945,20.63813044823504
IMG_00154.tif,19.439999999999998,74.14806703444441,21.144592473550816,18.338277246713968,67.00989382881893,19.694169325882,19.054397036349886,71.6497064124755,20.636944371866733
IMG_00155.tif,19.439999999999998,74.1211273692338,21.142941994533768,18.372437696701066,66.86938452306339,19.694169325882,19.066353193845373,71.58301737307416,20.63587156050565
IMG_00156.tif,19.439999999999998,67.76714431941971,19.328495934230062,15.756347215971267,75.74186985717652,19.852749325882,18.150721525589944,70.5582982576346,19.51198462130824
IMG_00157.tif,19.439999999999998,67.81564458149597,19.336236494567956,15.756347215971267,75.74186985717652,19.852749325882,18.150721525589944,70.58982342798417,19.517015985527873
IMG_00158.tif,19.439999999999998,67.68254841449972,19.336236494567956,15.756347215971267,75.74186985717652,19.870369325882002,18.150721525589944,70.5033109194366,19.523182985527875
IMG_00159.tif,19.439999999999998,67.87026604021261,19.33501855117112,15.756347215971267,75.74186985717652,19.887989325882,18.150721525589944,70.62532737614998,19.528558322319927
IMG_00160.tif,19.439999999999998,67.69137118048242,19.32773970036996,15.756347215971267,75.74186985717652,19.887989325882,18.150721525589944,70.50904571732536,19.523827069299173
IMG_00161.tif,19.439999999999998,74.69461684541636,21.137725370354282,19.321192128239584,63.09972370521663,19.553209325882,19.398417244883852,70.63640424634646,20.583144754788982
IMG_00162.tif,19.439999999999998,74.62548797918988,21.128898176150173,19.310732780596712,63.19225925594364,19.570829325882002,19.394756473208847,70.6238579260537,20.583574078556314
IMG_00163.tif,19.439999999999998,74.63317924363382,21.128882711710876,19.346907033247962,63.090167338490424,19.570829325882002,19.407417461636786,70.59312507683363,20.58356402667077
IMG_00164.tif,19.439999999999998,74.67870323741764,21.12982287329209,19.204530130793508,63.49921728704234,19.570829325882002,19.357585545777727,70.76588315478628,20.584175131698558
IMG_00165.tif,19.439999999999998,74.75590227130198,21.12979910218428,19.163087040490325,63.62201729339094,19.570829325882002,19.343080464171614,70.8590425290331,20.584159680478482
IMG_00166.tif,15.184999382992073,82.87865533256432,20.617173373171653,19.24933414652531,68.14090491631808,20.892329325882002,16.607516550228706,77.72044268687813,20.713477956620274
IMG_00167.tif,15.184999382992073,82.77928717568442,20.61559171434887,19.7942684838748,66.18571986736676,20.857089325882,16.79824356830103,76.97153861777323,20.700115878385468
IMG_00168.tif,15.184999382992073,82.62045614179513,20.600915493501937,19.497726230435536,67.14052033233051,20.857089325882,16.694453779597286,77.20247860848251,20.690576334834958
IMG_00169.tif,15.184999382992073,82.2958606046351,20.595091413988882,19.472633654611155,67.22552926331554,20.857089325882,16.685671378058753,77.02124463517325,20.686790683151475
IMG_00170.tif,15.184999382992073,82.21513139501977,20.38144673019671,19.843836883407345,65.97659942662396,20.839469325882,16.81559250813742,76.53164520608124,20.541754638686562
IMG_00171.tif,15.184999382992073,85.14691963134187,21.46857382707232,18.22805990383033,75.74186985717652,21.667609325882,16.250070565285466,81.855152210384,21.538236251655707
IMG_00172.tif,15.986861079646813,82.40329866671387,21.469019693893024,18.139738004945006,75.74186985717652,21.667609325882,16.74036800350118,80.0717985833758,21.538526065089165
IMG_00173.tif,16.783151381294555,80.23359692846697,21.46854610390624,18.590156158837033,74.01196185662684,21.667609325882,17.415603053434424,78.05602465332292,21.538218231597757
IMG_00174.tif,16.783151381294555,80.21539161293023,21.46914725677362,19.0431405444198,71.82575568894389,21.667609325882,17.574147588388392,77.27901903953502,21.538608980961556
IMG_00175.tif,15.986861079646813,82.43851089152112,21.469299621836942,19.453410500949794,70.12331081147684,21.667609325882,17.200153377102858,78.12819086350562,21.538708018252713
IMG_00176.tif,19.902417449190285,71.53477113631578,20.38234164633133,16.358535585413673,75.74186985717652,20.839469325882,18.66205879686847,73.00725568861705,20.542336334174067
IMG_00177.tif,19.902417449190285,71.43669507913869,20.38234164633133,16.41721554153786,75.74186985717652,20.839469325882,18.682596781511936,72.94350625145194,20.542336334174067
IMG_00178.tif,19.902417449190285,71.65756016454777,20.38188020050389,16.112996893552214,75.74186985717652,20.839469325882,18.57612025471696,73.08706855696784,20.54203639438623
IMG_00179.tif,19.902417449190285,71.54582267205961,20.38413697301253,16.153127339415985,75.74186985717652,20.839469325882,18.59016591076928,73.01443918685054,20.543503296516846
IMG_00180.tif,19.902417449190285,71.42368511954115,20.38515188963627,15.756347215971267,75.74186985717652,20.839469325882,18.45129286756363,72.93504977771353,20.544162992322274
IMG_00181.tif,16.783151381294555,79.38345617033161,21.7576188696085,18.67725164912401,75.10868609423085,22.055249325882002,17.446086475034864,77.88728664369634,21.861789529304225
IMG_00182.tif,16.783151381294555,79.38527587587103,21.756096979131062,17.90716618770779,75.74186985717652,22.037629325882,17.176556563539187,78.11008376932796,21.85463330049389
IMG_00183.tif,16.783151381294555,79.78111030767998,21.757326069756914,18.688116293235755,74.98053356688031,22.037629325882,17.449889100473975,78.1009084484001,21.855432209400696
IMG_00184.tif,16.783151381294555,79.77510390571992,21.756874905564583,18.771676210383887,74.61198589108699,22.055249325882002,17.479135071475824,77.9680126005984,21.86130595267568
IMG_00185.tif,16.783151381294555,79.64455861310299,21.757326069756914,18.81507660946897,74.3208486166073,22.037629325882,17.4943252111556,77.78126011432948,21.855432209400696
IMG_00186.tif,13.566796857094278,88.5911255755253,21.712018120241975,17.472233122363953,75.74186985717652,21.843809325882003,14.933699549938664,84.09388607410322,21.758145042215986
IMG_00187.tif,14.37811948391138,88.60019009306325,21.719173870241978,17.64445560900763,75.74186985717652,21.843809325882003,15.521337127695068,84.0997780105029,21.762796279715985
IMG_00188.tif,15.184999382992073,85.73917504877843,21.71989136001494,17.735139545768437,75.74186985717652,21.843809325882003,16.077548439963802,82.24011823171777,21.763262648068412
IMG_00189.tif,15.184999382992073,85.7406439745521,21.704235670978992,17.68625968997625,75.74186985717652,21.843809325882003,16.060440490436534,82.24107303347066,21.753086450195045
IMG_00190.tif,15.184999382992073,85.74630178308902,21.720980011004997,17.745578722954335,75.74186985717652,21.843809325882003,16.081202151978864,82.24475060901965,21.76397027121195
IMG_00191.tif,13.566796857094278,89.74562493313657,21.1617734043582,15.756347215971267,75.74186985717652,21.949529325882,14.333139482701224,84.84431065655056,21.43748797689153
IMG_00192.tif,13.566796857094278,89.88953728598415,21.1555081392261,15.756347215971267,75.74186985717652,21.967149325882,14.333139482701224,84.93785368590149,21.439582554555663
IMG_00193.tif,13.566796857094278,89.89938531933612,21.155061093270696,15.756347215971267,75.74186985717652,21.967149325882,14.333139482701224,84.94425490758026,21.43929197468465
IMG_00194.tif,13.566796857094278,89.89264916898554,21.155508139226104,15.756347215971267,75.74186985717652,21.967149325882,14.333139482701224,84.93987640985239,21.43958255455567
IMG_00195.tif,13.566796857094278,89.90211478724352,21.155825835895893,15.756347215971267,75.74186985717652,21.949529325882,14.333139482701224,84.94602906172007,21.43362205739103
IMG_00196.tif,18.356927962172982,72.44951776059429,19.537500562414348,15.756347215971267,75.74186985717652,20.117049325882,17.44672470100238,73.60184099439807,19.740342629628024
IMG_00197.tif,14.37811948391138,78.8687666987054,19.49338786316306,19.373184324987918,63.7651410586766,19.782269325882,16.12639217828817,73.58249772469532,19.59449637511469
IMG_00198.tif,15.184999382992073,78.82402913013438,18.179720231839067,15.756347215971267,75.74186985717652,20.064189325882,15.384971124534792,77.74527338459913,18.839284414754093
IMG_00199.tif,13.566796857094278,82.43642944780463,19.530329123560684,17.382050218683254,71.89233475310454,19.694169325882,14.90213553365042,78.7459963046596,19.587673194373146
IMG_00200.tif,18.356927962172982,73.7175406934621,19.7927754406657,17.3123022716486,74.77388258587176,20.152289325882002,17.99130897048945,74.08726035580548,19.918605300491407
IMG_00201.tif,16.783151381294555,74.787614598839,19.529968218084505,15.756347215971267,75.74186985717652,19.976089325882,16.423769923431404,75.12160393925714,19.68611060581363
IMG_00202.tif,15.184999382992073,85.94656680145155,20.18163680283453,16.359988810268362,75.74186985717652,20.698509325882,15.596245682538775,82.37492287095529,20.36254218590114
IMG_00203.tif,15.184999382992073,79.20737492014733,21.63052978339661,15.756347215971267,75.74186985717652,20.222769325882002,15.384971124534792,77.99444814810755,21.137813623266496
IMG_00204.tif,13.566796857094278,89.03260294678073,20.47819024773974,16.291018728238676,75.74186985717652,20.628029325882,14.520274511994817,84.38084636541926,20.530633925089532
IMG_00205.tif,16.783151381294555,74.60717169715666,20.035162818075683,16.052215574138074,75.74186985717652,20.169909325882003,16.527323848789788,75.00431605316362,20.082324095807895
IMG_00206.tif,15.184999382992073,75.32733023021203,19.16432584599902,15.756347215971267,75.74186985717652,19.641309325882002,15.384971124534792,75.4724190996496,19.331270063958062
IMG_00207.tif,15.184999382992073,75.53878680145367,18.370731138051603,15.756347215971267,75.74186985717652,19.218429325882003,15.384971124534792,75.60986587095667,18.667425503792245
IMG_00208.tif,15.184999382992073,80.30429757900266,19.95693316388289,15.756347215971267,75.74186985717652,20.539929325882,15.384971124534792,78.70744787636352,20.160981820582577
IMG_00209.tif,15.184999382992073,81.97382691588135,19.951737761990547,15.756347215971267,75.74186985717652,19.694169325882,15.384971124534792,79.79264194533467,19.861588809352554
IMG_00210.tif,13.566796857094278,81.4747168555663,18.846337216745106,15.756347215971267,75.74186985717652,19.429869325882002,14.333139482701224,79.46822040612987,19.05057345494302
IMG_00211.tif,15.986861079646813,79.71992662709431,21.1180709514305,15.756347215971267,75.74186985717652,20.733749325882002,15.906181227360372,78.32760675762309,20.983558382488525
IMG_00212.tif,22.16018392016079,65.57611496148857,19.532604195530645,15.756347215971267,75.74186985717652,19.429869325882002,19.91884107369446,69.13412917497935,19.496646991153618
IMG_00213.tif,15.184999382992073,79.55233358262717,20.53291183956326,18.16735176672232,71.53834369131363,20.557549325882,16.22882271729766,76.74743712066743,20.54153495977482
IMG_00214.tif,16.783151381294555,74.57776342255865,19.448264936757845,15.756347215971267,75.74186985717652,20.011329325882002,16.423769923431404,74.9852006746749,19.6453374729513
IMG_00215.tif,15.184999382992073,81.35904584221494,20.473213200278117,15.756347215971267,75.74186985717652,20.733749325882002,15.384971124534792,79.3930342474515,20.56440084423948
IMG_00216.tif,18.356927962172982,70.92807315655467,19.62791376135771,15.756347215971267,75.74186985717652,19.923229325882,17.44672470100238,72.61290200177233,19.731274208941212
IMG_00217.tif,16.783151381294555,75.29776050663865,19.93565662270576,15.756347215971267,75.74186985717652,20.575169325882,16.423769923431404,75.45319877932691,20.159486068817444
IMG_00218.tif,14.37811948391138,81.35109774509729,19.671830873531302,16.229562560747294,75.74186985717652,20.099429325882,15.02612456080395,79.38786798432503,19.821490331854044
IMG_00219.tif,19.902417449190285,71.99089279244812,20.037480888658042,15.756347215971267,75.74186985717652,20.575169325882,18.45129286756363,73.30373476510306,20.225671841686427
IMG_00220.tif,16.783151381294555,75.96817922639723,19.99525908851826,15.756347215971267,75.74186985717652,20.716129325882,16.423769923431404,75.88897094716998,20.247563671595568
IMG_00221.tif,15.184999382992073,81.84934230819283,20.05765664627842,15.756347215971267,75.74186985717652,20.205149325882,15.384971124534792,79.71172695033712,20.109279084139672
IMG_00222.tif,19.902417449190285,70.72724571169051,19.51741957720567,15.756347215971267,75.74186985717652,20.064189325882,18.45129286756363,72.48236416261062,19.708788989242386
IMG_00223.tif,15.184999382992073,77.28867972365185,19.084887362028745,15.756347215971267,75.74186985717652,19.570829325882002,15.384971124534792,76.74729627038549,19.254967049377385
IMG_00224.tif,18.356927962172982,70.51088060443806,18.804179909814557,15.756347215971267,75.74186985717652,19.377009325882,17.44672470100238,72.34172684289652,19.004670205438163
IMG_00225.tif,16.783151381294555,76.10359861865199,17.816244434140046,15.756347215971267,75.74186985717652,20.592789325882002,16.423769923431404,75.97699355213558,18.78803514624973
IMG_00226.tif,19.439999999999998,65.44699012016038,18.77029662839056,15.756347215971267,75.74186985717652,21.174249325882002,18.150721525589944,69.05019802811603,19.611680072512566
IMG_00227.tif,20.663455848475408,71.81480569282931,20.688427544693507,15.756347215971267,75.74186985717652,21.121389325882003,18.945967827098958,73.18927815035083,20.839964168109482
IMG_00228.tif,16.783151381294555,74.93219964928814,19.634535574439013,15.756347215971267,75.74186985717652,20.117049325882,16.423769923431404,75.21558422204907,19.80341538744406
IMG_00229.tif,15.184999382992073,79.58174141320396,20.20472990807709,19.156252163623535,66.67971695155217,20.398969325882,16.574937856213086,75.06603285162583,20.272713704308806
IMG_00230.tif,19.902417449190285,68.8749021934629,19.451063735077977,15.756347215971267,75.74186985717652,19.623689325882,18.45129286756363,71.27834087576267,19.511482691859385
IMG_00231.tif,17.573341339728536,75.295169462525,20.249877686089675,15.756347215971267,75.74186985717652,20.716129325882,16.93739339641349,75.45151460065303,20.413065760016988
IMG_00232.tif,16.783151381294555,74.76631274763065,19.48924541600087,16.39557086375454,75.74186985717652,19.429869325882002,16.64749820015555,75.1077577359717,19.468463784459267
IMG_00233.tif,14.37811948391138,80.1413735088459,19.26112803174203,15.756347215971267,75.74186985717652,19.711789325882002,14.86049919013234,78.60154723076162,19.41885948469102
IMG_00234.tif,15.184999382992073,74.61825861097896,18.128983135984427,15.756347215971267,75.74186985717652,18.848409325882002,15.384971124534792,75.0115225471481,18.38078230244858
IMG_00235.tif,21.416163570040993,70.92407318640547,19.4703788587427,15.756347215971267,75.74186985717652,19.817509325882,19.43522784611659,72.61030202117534,19.591874522241454
IMG_00236.tif,15.184999382992073,80.23610869046497,20.24769134590248,15.756347215971267,75.74186985717652,20.275629325882,15.384971124534792,78.66312509881402,20.257469638895312
IMG_00237.tif,23.62088952915208,67.62711578681738,21.270098340809838,15.756347215971267,75.74186985717652,20.945189325882,20.868299719538797,70.46727971144308,21.156380185585096
IMG_00238.tif,16.783151381294555,77.29267172663035,20.548569023754816,15.756347215971267,75.74186985717652,21.121389325882003,16.423769923431404,76.7498910723215,20.74905612949933
IMG_00239.tif,12.751627058999745,88.76436660732958,20.036311931096094,15.756347215971267,75.74186985717652,19.993709325882,13.803279113939777,84.20649274477601,20.02140101927116
IMG_00240.tif,18.356927962172982,72.80801619704741,19.875596686772248,15.756347215971267,75.74186985717652,20.434209325882,17.44672470100238,73.8348649780926,20.071111110460663
IMG_00241.tif,15.184999382992073,79.54259951401977,19.89778025357452,15.756347215971267,75.74186985717652,20.469449325882,15.384971124534792,78.21234413412463,20.09786442888214
IMG_00242.tif,17.573341339728536,71.24556412152226,19.758242306913147,19.780222888275702,62.131548659315314,19.623689325882,18.345749881720046,68.05565870974982,19.711148763552245
IMG_00243.tif,19.902417449190285,71.32472898556357,19.88622030947875,16.210066184540622,75.74186985717652,20.293249325882,18.610094506562902,72.87072829062811,20.02868046521989
IMG_00244.tif,15.184999382992073,80.47012780096297,20.106470641128755,15.756347215971267,75.74186985717652,20.610409325882,15.384971124534792,78.81523752063772,20.28284918079239
IMG_00245.tif,13.566796857094278,89.15025004713246,20.805393667304216,15.756347215971267,75.74186985717652,21.279969325882,14.333139482701224,84.45731698064789,20.97149514780644
IMG_00246.tif,19.902417449190285,71.51259310219302,19.76883279965331,15.933774317468496,75.74186985717652,20.187529325882,18.51339235308766,72.99283996643724,19.915376583833353
IMG_00247.tif,16.783151381294555,72.00058363963984,20.993800099366165,20.756347215971267,53.400666142506026,17.333089325882,18.173769923431404,65.49061251564301,19.712551328646708
IMG_00248.tif,15.184999382992073,82.23949093773368,20.196088062132436,15.756347215971267,75.74186985717652,20.152289325882002,15.384971124534792,79.96532355953867,20.180758504444785
IMG_00249.tif,16.783151381294555,74.43140998963429,19.124613908150295,15.756347215971267,75.74186985717652,19.747029325882,16.423769923431404,74.89007094327407,19.342459304356392
IMG_00250.tif,15.184999382992073,80.62874148275468,19.95664749567651,16.183032717849134,75.74186985717652,20.258009325882,15.534311050192045,78.91833641380232,20.062124136248432
IMG_00251.tif,21.416163570040993,67.02917666447547,17.772564301871583,16.677421201437063,72.47460816843756,18.936509325882,19.75760374102962,68.9350776908622,18.17994506027523
IMG_00252.png,15.184999382992073,68.17219227264302,18.09937571721509,25.073461990382853,55.66389696762133,19.993709325882,18.645961295578847,63.79428891588543,18.762392480248508
IMG_00253.png,19.439999999999998,59.50644218408222,20.076933497683992,27.108720423461506,55.00824567597063,20.434209325882,22.124052148211526,57.93207340624316,20.201980037553298
IMG_00254.png,18.356927962172982,66.12688765561361,20.434403429357516,25.282380625733694,56.603931706359305,20.592789325882002,20.780836394419232,62.793853073374606,20.489838493141086
IMG_00255.png,21.416163570040993,64.24415937874261,21.874580893725728,22.506728219431942,64.8989767774211,22.795289325882003,21.797861197327826,64.47334546828009,22.196828844980423
IMG_00256.png,19.439999999999998,61.34282880144167,20.269626935820234,15.756347215971267,75.74186985717652,21.191869325882,18.150721525589944,66.38249317094888,20.59241177234185
IMG_00257.png,22.895190975257947,59.4580577848821,19.84450267553357,15.756347215971267,75.74186985717652,20.821849325882003,20.39659565950761,65.15739201018515,20.18657400315552
IMG_00258.png,28.421590770919536,57.14343811697168,21.104565975264,23.020077344961344,59.421028110806255,20.786609325882,26.53106107183417,57.940594614813776,20.993281147980298
IMG_00259.png,19.902417449190285,58.67423970149301,18.825782833096277,21.772285300553627,57.74300904159226,19.377009325882,20.556871197167453,58.348308970527754,19.018712105571282
IMG_00260.png,18.356927962172982,64.91460679734271,20.271874271653832,17.32273218265202,75.74186985717652,21.227109325882,17.994959439340647,68.70414886828455,20.606206540633693
IMG_00261.png,16.783151381294555,67.44184229313565,18.325164732758623,29.772496696146757,53.91165710193843,20.628029325882,21.329422241492825,62.70627747621663,19.131167340351805
IMG_00262.png,21.416163570040993,60.80728161590054,20.11710930301672,15.900079374921242,75.74186985717652,20.980429325882,19.48553410174908,66.03438750034714,20.419271311019568
IMG_00263.png,19.439999999999998,56.333870488950204,17.51821498275862,15.756347215971267,75.74186985717652,19.218429325882003,18.150721525589944,63.12667026782941,18.113290002851805
IMG_00264.png,19.439999999999998,56.29108075129387,18.671240704779585,15.756347215971267,75.74186985717652,20.187529325882,18.150721525589944,63.098856938352796,19.20194172216543
IMG_00265.png,22.895190975257947,59.067457486123544,19.231411133921412,15.756347215971267,75.74186985717652,20.205149325882,20.39659565950761,64.90350181599209,19.572219501107618
IMG_00266.png,19.439999999999998,55.32687781385259,18.135821510016612,16.72643447669898,72.75502402655995,19.042229325882,18.49025206684464,61.42672898830017,18.453064245569497
IMG_00267.png,21.416163570040993,59.130002914302004,19.88320165482829,18.629777272959426,67.07339495455537,19.993709325882,20.440928366062444,61.91019012839068,19.92187933969709
IMG_00268.png,15.184999382992073,74.43107992770129,20.861315891923148,19.9676849185704,63.503517357699764,20.187529325882,16.858939320444488,70.60643302820075,20.625490593808745
IMG_00269.png,18.356927962172982,68.46698250433059,21.393792477381368,18.01106851530923,74.85770170181306,21.103769325882002,18.23587715577067,70.70373422344946,21.29228437435659
IMG_00270.png,22.895190975257947,62.56856115114688,20.763277973043763,18.83882155896519,69.69652728038517,20.874709325882,21.475461679555483,65.06334929638028,20.802278946537147
IMG_00271.png,18.356927962172982,62.882997516583586,17.588589580947037,25.950332057023033,56.22149010967016,20.680889325882003,21.0146193953705,60.55146992416388,18.670894491674275
IMG_00272.png,15.184999382992073,71.18122357298716,19.585223527612865,21.162171878899834,62.183209839394834,20.663269325882002,17.27700975655979,68.03191876622985,19.962539557007062
IMG_00273.png,21.416163570040993,58.66656834511969,18.83652102927025,16.888866716715143,75.74186985717652,19.799889325882003,19.831609671376945,64.64292387433959,19.173699933084364
IMG_00274.png,18.356927962172982,62.59376778556522,19.815869186922352,24.077659377132264,56.562760553349094,20.011329325882002,20.35918395740873,60.48291525428958,19.88428023555823
IMG_00275.png,19.439999999999998,50.99014908934602,17.95050900423702,15.756347215971267,75.74186985717652,19.377009325882,18.150721525589944,59.65325135808669,18.449784116812765
IMG_00276.png,18.356927962172982,65.11732213281579,20.781165349037696,15.756347215971267,75.74186985717652,21.667609325882,17.44672470100238,68.83591383634204,21.091420740933202
IMG_00277.png,15.184999382992073,72.6241455348531,20.72853346525277,15.756347215971267,75.74186985717652,21.614749325882002,15.384971124534792,73.7153490476663,21.038709016473
IMG_00278.png,22.895190975257947,58.28540508206322,19.757553575893343,19.480575886223836,64.93027035273695,20.205149325882,21.700075694096007,60.61110792679902,19.914212088389373
IMG_00279.png,15.184999382992073,67.17078162042239,19.046466143872387,16.456837888642003,75.74186985717652,20.539929325882,15.630142859969549,70.17066250328634,19.56917825757575
IMG_00280.png,16.783151381294555,65.28855245114075,19.08706793327125,16.445483803550413,75.74186985717652,20.328489325882,16.664967729084104,68.94721354325327,19.52156542068501
IMG_00281.png,16.783151381294555,55.53425038249554,17.580637482758625,17.73100321395744,50.241869857176525,16.690089325882,17.114899522726564,53.68191719863389,17.268945627851807
IMG_00282.png,18.356927962172982,63.690791350591276,19.980687942787274,15.756347215971267,75.74186985717652,20.857089325882,17.44672470100238,67.90866882789611,20.287428426870427
IMG_00283.png,19.439999999999998,53.37683371867413,18.585938119212642,15.756347215971267,75.74186985717652,20.398969325882,18.150721525589944,61.204596367149975,19.220499041546915
IMG_00284.png,19.902417449190285,59.66229758454916,19.253111611676843,21.723236839059734,57.946589432807784,19.429869325882002,20.539704235644592,59.06179973143968,19.31497681164865
IMG_00285.png,16.783151381294555,67.21221467078433,20.223371058340017,15.756347215971267,75.74186985717652,21.139009325882,16.423769923431404,70.1975939860216,20.543844451979712
IMG_00286.png,18.356927962172982,67.14955248555023,20.69892719652101,22.510913878250946,62.850858020986216,21.931909325882,19.81082303280027,65.64500942295282,21.130470941797356
IMG_00287.png,13.566796857094278,71.66114287223036,18.840454674619085,15.756347215971267,75.74186985717652,19.694169325882,14.333139482701224,73.08939731696152,19.139254802561105
IMG_00288.png,24.33701483017331,57.42504468480468,20.415099369489997,15.756347215971267,75.74186985717652,20.187529325882,21.333781165202595,63.835933495134825,20.3354498542272
IMG_00289.png,22.895190975257947,57.71742061428678,19.20885302163895,15.756347215971267,75.74186985717652,19.711789325882002,20.39659565950761,64.02597784929819,19.38488072812402
IMG_00290.png,22.895190975257947,56.687968334553176,18.793961232758623,21.66919303692285,57.7944349469992,19.341769325882,22.466091696840664,57.07523164890928,18.985694065351804
IMG_00291.png,16.783151381294555,64.28612960419174,19.50966045414991,29.374406255303036,53.248554301306996,20.028949325882,21.190090587197524,60.42297824818208,19.69141155925614
IMG_00292.png,25.73963603486407,54.797331698000534,18.76920841302821,17.15246407269403,70.79127195861676,19.218429325882003,22.734125848104554,60.395210789216215,18.926435732527036
IMG_00293.png,16.783151381294555,67.66301966192783,20.304634367500565,15.756347215971267,75.74186985717652,19.359389325882002,16.423769923431404,70.49061723026487,19.973798602934068
IMG_00294.png,19.439999999999998,54.09857817509386,18.361952807240097,26.395095105681055,54.54749110090557,19.887989325882,21.874283286988366,54.25569769912796,18.896065588764763
IMG_00295.png,22.895190975257947,61.995884451691566,20.831489877693002,15.895424374999418,75.74186985717652,21.738089325882,20.44527266516746,66.8069793436113,21.14879968455915
IMG_00296.png,19.439999999999998,51.95308795061932,17.816123611019762,15.756347215971267,75.74186985717652,19.183189325882,18.150721525589944,60.27916161791434,18.294596611221547
IMG_00297.png,13.566796857094278,74.59474247912162,19.511632773189707,19.746046446817424,61.510317494858086,19.412249325882,15.729534213497379,70.01519373462938,19.47684856663201
IMG_00298.png,18.356927962172982,54.94943270516905,18.188586116564085,15.756347215971267,75.74186985717652,19.835129325882,17.44672470100238,62.226785708371665,18.764876239825355
IMG_00299.png,19.439999999999998,55.84466998455155,16.890767882522443,21.906554855936697,59.695299851221804,20.222769325882002,20.30329419957784,57.19239043788615,18.05696838769829
IMG_00300.png,15.184999382992073,65.54036131881061,18.73104515068129,19.637655917127855,61.77359526496848,19.412249325882,16.743429169939596,64.22199319996587,18.96946661200154
IMG_00301.png,22.895190975257947,55.79773086276026,19.097980191436307,16.531210875974953,74.58938488689752,19.077469325882,20.667797940508898,62.3748097712083,19.0908013884923
IMG_00302.png,19.439999999999998,53.699433687634624,18.287497092252142,17.66694924815269,74.35163211731086,20.539929325882,18.81943223685344,60.9277031380213,19.07584837402259
IMG_00303.png,18.356927962172982,62.746312871358334,17.47841078555123,15.756347215971267,75.74186985717652,20.081809325882002,17.44672470100238,67.29475781639471,18.389600274667
IMG_00304.png,18.356927962172982,66.29274730995724,18.399419364317204,35.75634721597127,52.41377352663335,20.980429325882,24.44672470100238,61.435106485793874,19.302772850864883
IMG_00305.png,19.439999999999998,56.18455993313529,18.090780341339787,15.756347215971267,75.74186985717652,19.835129325882,18.150721525589944,63.02961840654973,18.70130248592956
IMG_00306.png,21.416163570040993,60.4909063902911,19.598748959502807,19.955043142014226,64.67709854140028,20.539929325882,20.904771420231626,61.956073643179316,19.928162087735522
IMG_00307.png,18.356927962172982,65.85012873733278,17.484942140034335,17.22449651141789,75.74186985717652,20.980429325882,17.9605769544087,69.3122381292781,18.708362655081018
IMG_00308.png,19.902417449190285,60.649554678817545,19.87659356968607,21.123791033663004,61.579154723731065,20.416589325882,20.329898203755736,60.974914694537276,20.065592084354645
IMG_00309.png,19.902417449190285,63.12857972455839,19.096696631184265,17.788170106000557,69.23035329215692,19.623689325882,19.16243087907388,65.26420047321787,19.281144074328473
